307.25,68970
307.5,96386
309.0,0
309.0,158454
309.0,31308
309.1,45627
309.95,36224
309.95,57913
310.0,101073
310.0,30773
310.0,36985
310.0,37345
310.05,27763
310.0,60227
310.0,60675
310.2,82642
310.5,25749
310.5,99202
310.65,31056
310.7,35965
310.75,48608
310.9,153581
311.0,44447
311.05,303538
311.0,77424
311.0,96213
311.15,73057
311.45,26470
311.5,113247
311.5,47110
311.55,80798
311.5,71284
311.65,84000
311.7,51168
311.95,101543
311.95,39311
311.95,60446
311.95,66630
312.0,133123
312.05,111129
312.05,112371
312.05,45490
312.05,57747
312.1,178003
312.15,159280
312.15,4645523
312.15,62350
312.25,21731
312.25,47430
312.2,84523
312.2,97071
312.3,17259
312.35,139548
312.3,59923
312.3,75314
312.4,118716
312.4,32773
312.4,69701
312.5,46108
312.65,268074
312.7,54846
312.7,65724
312.7,98742
312.85,5505006
312.95,76519
313.0,125733
313.0,132396
313.0,477279
313.05,110852
313.05,192908
313.05,257648
313.0,5350552
313.0,5530576
313.05,56505
313.05,71199
313.05,91828
313.0,69413
313.0,80251
313.0,85951
313.0,94662
313.1,144828
313.15,162267
313.15,42299
313.1,5461527
313.15,66172
313.1,61989
313.2,13917
313.2,140350
313.35,146081
313.3,5292173
313.3,60061
313.45,63498
313.45,66623
313.5,61331
313.65,27038
313.6,5508541
313.75,81571
313.7,60235
313.95,39928
314.0,16388
314.0,403382
314.05,22961
314.0,5315318
314.1,158380
314.1,75424
314.2,107541
314.25,148142
314.4,127116
314.4,371078
314.5,109038
314.5,114343
314.5,12444
314.65,59589
314.6,59305
314.8,168474
314.8,336140
314.85,35171
314.95,218383
314.9,5300109
315.0,1031122
315.0,22837
315.0,27222
315.0,36606
315.0,39560
315.0,4978685
315.05,31870
315.05,33017
315.05,59211
315.05,68328
315.05,81935
315.0,65327
315.1,23201
315.1,33697
315.2,56323
315.3,24614
315.35,16320
315.35,19790
315.3,67141
315.3,8795
315.4,19389
315.4,19563
315.4,20378
315.4,24206
315.4,25286
315.4,39433
315.4,4476
315.5,13270
315.5,209395
315.5,24435
315.5,25072
315.5,35644
315.5,41558
315.5,75688
315.65,12355
315.65,24432
315.65,37318
315.65,7763
315.65,8632
315.7,217601
315.75,13787
315.75,14870
315.7,65099
315.8,32894
315.9,14594
315.9,185886
315.9,27149
315.9,31302
315.9,4965
315.95,26801
315.9,54928
315.95,59252
316.0,13274
316.0,16655
316.0,21683
316.0,217501
316.0,24014
316.0,31401
316.0,33729
316.0,39468
316.0,39901
316.0,40960
316.0,42808
316.05,10829
316.05,5937
316.0,7437
316.0,8839
316.0,9097
316.0,9627
316.1,28643
316.1,49285
316.1,54231
316.15,7340
316.15,9759
316.25,10662
316.25,13736
316.25,13846
316.25,28852
316.25,35785
316.25,8937
316.25,9265
316.3,10285
316.3,10818
316.35,193301
316.3,8515
316.4,23365
316.4,425386
316.4,4926
316.45,20283
316.45,42747
316.55,83672
316.5,95364
316.6,38475
316.65,13465
316.65,16464
316.65,19957
316.7,36641
316.7,59805
316.8,15966
316.85,17887
316.8,5293269
316.85,4854
316.85,6179
316.85,6377
316.85,7168
316.9,10859
316.9,45697
316.95,15151
316.95,21402
316.95,27661
316.95,28841
316.95,29984
316.95,7256
316.9,8950
317.0,10055
317.0,10185
317.0,10885
317.0,10969
317.0,11112
317.0,11407
317.0,12884
317.0,13190
317.0,13564
317.0,14212
317.0,14214
317.0,14348
317.0,14362
317.0,143685
317.0,14776
317.0,15816
317.0,162370
317.0,18868
317.0,19018
317.0,19685
317.0,19835
317.0,21105
317.0,2254
317.0,25558
317.0,263993
317.0,26901
317.0,27345
317.0,2875
317.0,3076
317.0,31692
317.0,3185
317.0,33166
317.0,34266
317.0,35928
317.0,36604
317.0,3688
317.0,3719
317.0,38760
317.0,38972
317.0,40161
317.0,40508
317.0,4081
317.0,4390
317.0,4438
317.05,11100
317.05,11200
317.05,12512
317.05,14023
317.05,15444
317.05,16010
317.05,18256
317.05,18957
317.05,20668
317.05,22624
317.05,23594
317.05,24274
317.05,25487
317.05,25982
317.0,5265
317.05,30941
317.0,53186
317.05,33922
317.05,37170
317.0,5441
317.05,45944
317.05,49815
317.05,53896
317.05,54804
317.05,5516
317.0,5565
317.0,5570
317.05,5875
317.05,62628
317.0,5653
317.05,70018
317.05,7500
317.05,7813
317.05,7856
317.05,7887
317.0,5847
317.0,5873
317.05,9133
317.05,9421
317.0,59534
317.05,96907
317.0,6138
317.0,6417
317.0,7075
317.0,7377
317.0,7496
317.0,7536
317.0,7730
317.0,7936
317.0,8075
317.0,8198
317.0,8365
317.0,83741
317.0,8818
317.0,8853
317.0,9167
317.0,9503
317.0,9861
317.1,10751
317.1,14794
317.1,23222
317.1,26294
317.1,2670
317.1,28054
317.1,30107
317.1,35918
317.1,3854
317.1,4101
317.1,49878
317.15,10000
317.15,2619
317.15,48144
317.15,4876
317.15,5407343
317.15,8294
317.1,66781
317.1,6977
317.1,7181
317.1,7247
317.1,7534
317.1,8511
317.2,102434
317.2,115984
317.2,16701
317.2,24152
317.2,28941
317.2,33972
317.2,38480
317.2,44826
317.2,47102
317.25,13276
317.2,55637
317.25,62397
317.25,93617
317.2,7145
317.3,130001
317.3,4486
317.35,13281
317.35,4525
317.3,7514
317.4,10768
317.4,15880
317.4,16055
317.4,16120
317.4,17093
317.4,19046
317.4,19431
317.4,19626
317.4,19798
317.4,24196
317.4,24449
317.4,24571
317.4,28209
317.4,30702
317.4,31659
317.4,31660
317.4,33877
317.4,35887
317.4,40339
317.4,41177
317.45,114267
317.45,12663
317.45,13778
317.45,16744
317.45,17489
317.45,18972
317.45,19738
317.45,21492
317.45,22483
317.45,32318
317.45,48256
317.45,55239
317.45,627237
317.4,6648
317.4,6736
317.4,68055
317.4,9954
317.5,109199
317.5,12678
317.5,13818
317.5,16377
317.5,18962
317.5,19957
317.5,20421
317.5,23257
317.5,27138
317.5,28556
317.5,32380
317.55,10035
317.55,131154
317.55,19362
317.55,20198
317.55,22500
317.5,58491
317.5,61426
317.5,66246
317.5,68667
317.5,8849
317.6,23259
317.65,10150
317.65,32652
317.65,46504
317.65,7640
317.6,6601
317.7,10306
317.7,13042
317.7,27027
317.75,15405
317.75,26894
317.7,54984
317.75,67833
317.7,6436
317.7,8197
317.8,10599
317.8,12923
317.8,20134
317.8,47551
317.8,5028
317.85,11362
317.85,15407
317.85,49754
317.8,5546
317.85,6495
317.85,9439
317.9,27860
317.9,36197
317.9,43254
317.95,110918
317.95,11375
317.95,11480
317.95,12368
317.95,13652
317.9,51588
317.95,24963
317.95,35872
317.95,37910
317.95,4721
317.9,54734
317.95,54896
317.95,5988
317.95,6271
317.95,76970
317.95,79883
317.95,86217
318.0,15070
318.0,16794
318.0,18039
318.0,22249
318.0,29597
318.0,29662
318.0,31756
318.0,32023
318.0,34778
318.0,36389
318.0,37618
318.0,38573
318.0,40833
318.0,42062
318.0,42692
318.0,43186
318.0,43793
318.0,4750
318.05,10672
318.05,11949
318.05,17069
318.05,21063
318.05,22028
318.05,223948
318.05,23368
318.05,24852
318.05,24892
318.05,25514
318.05,25678
318.05,27761
318.05,27797
318.05,2903
318.05,29879
318.05,31624
318.05,32653
318.05,3392
318.05,35184
318.05,35253
318.05,37709
318.05,38673
318.05,38909
318.05,45982
318.05,4610
318.05,48835
318.05,50688
318.0,55782
318.0,55877
318.05,61706
318.05,7315
318.05,80469
318.05,8529
318.0,5855
318.05,8899
318.0,6094
318.0,64716
318.0,67331
318.0,71193
318.0,7358
318.0,7542
318.0,88704
318.0,8961
318.0,9379
318.0,95519
318.1,15025
318.1,16142
318.1,29402
318.1,4368
318.15,13950
318.15,14271
318.15,18408
318.15,22738
318.15,23769
318.15,35494
318.15,35848
318.15,36056
318.15,36953
318.15,37105
318.15,47588
318.15,5545
318.15,8552
318.1,6559
318.1,6566
318.1,6712
318.1,70307
318.1,70981
318.1,8847
318.1,9901
318.2,11320
318.2,119400
318.2,20654
318.2,28259
318.2,3318
318.2,33230
318.25,17933
318.25,27770
318.25,4548
318.25,88712
318.3,10485
318.3,12329
318.3,18384
318.3,18926
318.3,2240
318.3,23016
318.3,26361
318.3,39150
318.35,12043
318.35,4829
318.35,6881
318.3,7103
318.4,15126
318.4,38307
318.45,38966
318.45,7904
318.45,9093
318.4,6609
318.4,6967
318.4,7156
318.5,10099
318.5,10887
318.5,13339
318.5,14519
318.5,21579
318.5,36871
318.5,43288
318.5,4968
318.55,12822
318.55,13132
318.55,20581
318.55,21336
318.5,5417
318.6,48165
318.65,9566
318.6,8427
318.7,102679
318.7,10543
318.7,26041
318.75,104217
318.75,56314
318.8,25251
318.8,41687
318.85,4793
318.8,7506
318.8,9208
318.9,10034
318.9,3514
318.9,39086
318.9,4001
318.95,13103
318.95,18711
318.95,32310
318.95,5128
318.95,6074
318.95,6480
318.95,6856
318.95,7241
318.95,7923
318.9,71189
318.9,7587
318.9,7733
318.9,8339
319.0,10003
319.0,10119
319.0,10132
319.0,10188
319.0,10918
319.0,11068
319.0,11562
319.0,11785
319.0,12594
319.0,14571
319.0,15341
319.0,153747
319.0,16605
319.0,16819
319.0,17302
319.0,17648
319.0,18034
319.0,19668
319.0,19986
319.0,22355
319.0,25210
319.0,2672
319.0,2701
319.0,27418
319.0,28647
319.0,2996
319.0,30061
319.0,3084
319.0,31113
319.0,3369
319.0,3648
319.0,36723
319.0,4048
319.0,40868
319.0,4125
319.0,4213
319.0,4229
319.0,42671
319.0,4300
319.0,4439
319.0,4486
319.0,4506
319.0,4586
319.0,4944
319.05,10379
319.05,10714
319.05,10734
319.05,12146
319.05,14415
319.05,14809
319.05,17969
319.05,20574
319.05,20723
319.0,5291
319.05,3379
319.0,5343
319.05,3450
319.0,5378
319.05,4730
319.05,4754
319.05,4854
319.05,4960
319.05,54483
319.05,6118
319.05,6132
319.05,6584
319.05,7116
319.05,8067
319.05,8969
319.0,59336
319.0,6018
319.0,6026
319.0,6088
319.0,6119
319.0,6153
319.0,6218
319.0,6446
319.0,64653
319.0,6630
319.0,6652
319.0,6668
319.0,6720
319.0,6724
319.0,6900
319.0,6987
319.0,7054
319.0,7166
319.0,7257
319.0,7354
319.0,7490
319.0,7526
319.0,7818
319.0,7925
319.0,7988
319.0,8313
319.0,8500
319.0,8504
319.0,8606
319.0,86949
319.0,8754
319.0,8774
319.0,9065
319.0,9119
319.0,9445
319.0,9581
319.0,9636
319.0,9643
319.0,9815
319.0,9823
319.0,9929
319.1,12848
319.1,14800
319.1,20076
319.1,25846
319.1,30311
319.1,3295
319.1,3349
319.15,10138
319.15,16404
319.15,19085
319.1,5279
319.15,31813
319.15,41981
319.15,51882
319.15,6233
319.15,73788
319.1,5784
319.15,7987
319.1,5969
319.1,6456
319.1,7934
319.1,84124
319.2,15046
319.2,16514
319.2,22989
319.2,41228
319.2,416886
319.2,46365
319.25,26659
319.25,50524
319.2,6293
319.2,7646
319.2,9503
319.3,10681
319.3,18649
319.3,28536
319.3,30799
319.3,34725
319.3,41474
319.35,17172
319.3,8089
319.4,10156
319.4,11846
319.4,13843
319.4,18081
319.4,18975
319.4,21096
319.4,24930
319.4,47479
319.45,14232
319.45,16630
319.4,52645
319.45,37480
319.5,12095
319.5,16346
319.5,197206
319.5,22041
319.5,23166
319.5,41606
319.55,16123
319.55,21033
319.5,5587035
319.5,59709
319.5,8522
319.6,108609
319.6,13592
319.6,14592
319.6,14920
319.65,13590
319.65,29839
319.65,35094
319.6,6328
319.7,24080
319.75,15662
319.75,34922
319.75,35743
319.75,35923
319.75,42477
319.75,53197
319.75,6633
319.7,7193
319.8,11474
319.8,119200
319.8,12820
319.8,14800
319.8,15145
319.8,17985
319.8,21863
319.8,33036
319.8,35061
319.8,38157
319.8,44459
319.85,12978
319.85,32929
319.85,33704
319.85,35129
319.85,37962
319.85,38074
319.85,39967
319.85,41973
319.85,45091
319.85,50029
319.8,62108
319.8,8754
319.8,9313
319.9,132530
319.9,13888
319.9,15278
319.9,15475
319.9,15959
319.9,17163
319.9,24163
319.9,26231
319.9,31257
319.9,34425
319.9,36234
319.9,36782
319.9,38323
319.9,43654
319.95,10115
319.95,19361
319.95,25861
319.95,25915
319.95,26035
319.95,26548
319.95,28017
319.95,28080
319.95,29715
319.95,31094
319.95,31738
319.95,33387
319.95,35813
319.95,35970
319.95,36130
319.95,36216
319.95,36825
319.95,38365
319.95,44612
319.95,4932
319.95,7045
319.95,8274
319.95,8698
319.9,6099
319.9,76153
319.9,85992
320.0,10197
320.0,10482
320.0,10758
320.0,10979
320.0,11143
320.0,11731
320.0,11768
320.0,11868
320.0,12148
320.0,12776
320.0,12787
320.0,13134
320.0,13168
320.0,13188
320.0,13343
320.0,13581
320.0,14305
320.0,15114
320.0,15891
320.0,15919
320.0,16126
320.0,164556
320.0,16710
320.0,17045
320.0,180212
320.0,18516
320.0,18563
320.0,19070
320.0,19390
320.0,19422
320.0,19464
320.0,19514
320.0,19740
320.0,19903
320.0,20276
320.0,20705
320.0,21095
320.0,21445
320.0,22628
320.0,22710
320.0,23244
320.0,23335
320.0,24089
320.0,24893
320.0,25663
320.0,26167
320.0,26566
320.0,27206
320.0,276034
320.0,28626
320.0,30467
320.0,31135
320.0,32755
320.0,33142
320.0,36377
320.0,36502
320.0,38037
320.0,38129
320.0,38130
320.0,38248
320.0,39189
320.0,43069
320.0,44553
320.0,45480
320.0,45880
320.05,10014
320.05,10297
320.05,11094
320.05,11153
320.05,11370
320.05,12109
320.05,12445
320.05,134949
320.05,14401
320.05,15705
320.0,5162
320.05,16464
320.05,16666
320.05,18077
320.05,181007
320.05,19192
320.05,19355
320.05,196329
320.05,19906
320.05,20333
320.05,20340
320.05,20957
320.05,21375
320.05,23592
320.05,23996
320.05,24936
320.05,25878
320.05,25884
320.05,28702
320.05,29044
320.05,30174
320.05,32906
320.0,5332997
320.05,35210
320.05,37775
320.05,44753
320.05,45222
320.05,53219
320.05,5327
320.05,57984
320.05,61458
320.05,6258
320.05,6298
320.05,64133
320.05,6833
320.05,7664
320.05,7976
320.05,81506
320.0,58379
320.05,9086
320.05,9147
320.05,9492
320.05,9695
320.0,67069
320.0,68676
320.0,7067
320.0,73112
320.0,7341
320.0,7599
320.0,77820
320.0,8203
320.0,825788
320.0,8653
320.0,8851
320.0,9170
320.0,9851
320.0,9933
320.1,100752
320.1,10125
320.1,10309
320.1,108095
320.1,11204
320.1,11457
320.1,11538
320.1,11667
320.1,12112
320.1,12502
320.1,13654
320.1,141584
320.1,16242
320.1,16289
320.1,16454
320.1,16925
320.1,18272
320.1,19201
320.1,21706
320.1,22574
320.1,23222
320.1,23337
320.1,26207
320.1,28510
320.1,28679
320.1,302387
320.1,309922
320.1,35599
320.1,35809
320.1,35990
320.1,36136
320.1,37659
320.1,38090
320.1,392919
320.1,46258
320.1,46339
320.1,486563
320.15,12663
320.15,14205
320.15,14849
320.15,15233
320.15,15538
320.15,16793
320.15,22809
320.15,24162
320.15,25736
320.15,25784
320.15,26973
320.15,27411
320.15,27848
320.15,27876
320.15,28838
320.15,34475
320.15,353922
320.15,35716
320.15,36332
320.15,39351
320.15,422140
320.15,44240
320.15,52975
320.1,558684
320.15,63306
320.15,658285
320.1,5820
320.15,9237
320.1,7038
320.1,7490
320.1,7493
320.1,7876
320.1,7889
320.1,810046
320.1,8158
320.1,9522
320.2,11055
320.2,13050
320.2,13346
320.2,14278
320.2,14573
320.2,14583
320.2,158388
320.2,177853
320.2,19748
320.2,21332
320.2,21859
320.2,21868
320.2,25626
320.2,28764
320.2,28895
320.2,28937
320.2,32747
320.2,34921
320.2,3903
320.2,46073
320.25,13038
320.25,13903
320.25,14588
320.25,14678
320.25,149035
320.25,16227
320.25,18510
320.25,21960
320.25,24197
320.25,25467
320.25,27474
320.25,27561
320.25,30096
320.25,330779
320.25,50401
320.25,5660
320.25,5840
320.25,67980
320.25,7483
320.2,5780
320.25,783650
320.25,8456
320.25,8566
320.25,8825
320.2,8328
320.2,8509
320.2,8974
320.3,10089
320.3,12866
320.3,13375
320.3,14122
320.3,14345
320.3,17340
320.3,18705
320.3,20752
320.3,21380
320.3,27014
320.3,28007
320.3,35453
320.3,39581
320.3,41855
320.3,4840418
320.35,15425
320.35,17939
320.35,25443
320.35,32002
320.3,5364
320.35,5051844
320.35,731786
320.35,7415
320.35,8081
320.3,9839
320.4,11088
320.4,117829
320.4,13314
320.4,14648
320.4,16231
320.4,21317
320.4,24372
320.4,35268
320.4,37149
320.45,11026
320.45,11458
320.45,13944
320.45,19847
320.45,25416
320.45,25848
320.45,27313
320.45,30376
320.45,44755
320.45,5060
320.45,5639
320.45,5879
320.45,6132
320.45,8750
320.4,6023
320.4,6381
320.4,71208
320.4,8024
320.4,9108
320.4,9727
320.4,9898
320.5,10692
320.5,122287
320.5,13449
320.5,13892
320.5,19096
320.5,19253
320.5,20197
320.5,27398
320.5,29036
320.5,33266
320.5,335442
320.5,3684
320.5,37647
320.5,43371
320.5,4846
320.55,10024
320.55,10608
320.55,10684
320.55,110085
320.55,11971
320.55,122729
320.55,28987
320.55,30044
320.55,32736
320.5,5429
320.55,43960
320.55,7506
320.55,7559
320.55,8241
320.55,8984
320.55,9469
320.5,6043
320.5,61209
320.5,6568
320.5,6749
320.5,7175
320.5,8070
320.5,8093
320.5,84372
320.5,8879
320.5,9095
320.6,11078
320.6,12000
320.6,14407
320.6,14574
320.6,14904
320.6,16328
320.6,23482
320.6,23550
320.6,27044
320.6,27912
320.65,10122
320.65,10915
320.65,11674
320.65,124474
320.65,15743
320.65,26212
320.6,5427034
320.6,75738
320.6,7726
320.6,95174
320.6,9592
320.7,12186
320.7,134670
320.7,146731
320.7,15628
320.7,17392
320.7,21070
320.7,26424
320.7,28801
320.7,36406
320.7,47257
320.75,125251
320.75,14047
320.75,14827
320.75,15670
320.75,17435
320.75,19219
320.75,19706
320.75,20168
320.75,21693
320.75,24214
320.75,26208
320.75,26703
320.75,28309
320.75,28405
320.75,28462
320.75,37836
320.75,5056618
320.75,5763
320.75,8263
320.75,8265
320.75,8694
320.75,8845
320.75,9313
320.7,7175
320.7,7419
320.7,8409
320.8,10455
320.8,10457
320.8,10459
320.8,11012
320.8,12001
320.8,12233
320.8,12541
320.8,14263
320.8,14631
320.8,15133
320.8,15233
320.8,17221
320.8,17548
320.8,221640
320.8,22991
320.8,23243
320.8,25053
320.8,26422
320.8,26706
320.8,26998
320.85,112553
320.85,11421
320.85,12588
320.85,12765
320.85,12905
320.85,12968
320.85,13074
320.85,13753
320.85,15018
320.85,15040
320.85,16494
320.85,20284
320.85,21278
320.85,22208
320.85,23036
320.85,24101
320.85,27738
320.8,5649
320.85,67830
320.85,7193
320.85,7794
320.85,9360
320.8,66146
320.8,682193
320.8,7683
320.8,8149
320.9,11397
320.9,11542
320.9,12581
320.9,13698
320.9,14430
320.9,15926
320.9,17682
320.9,18941
320.9,21341
320.9,23896
320.9,24236
320.9,38297
320.9,40141
320.9,41080
320.9,43228
320.9,4434
320.9,45544
320.9,4969522
320.95,107453
320.95,10937
320.95,11270
320.95,11732
320.95,130837
320.95,152008
320.95,16284
320.95,17673
320.95,17674
320.95,18456
320.95,21214
320.95,22275
320.95,22764
320.95,23348
320.95,25040
320.95,25166
320.95,31904
320.95,33834
320.95,34688
320.95,41319
320.95,58698
320.95,7547
320.95,7810
320.9,9189
320.9,93018
320.9,9827
321.0,10521
321.0,10698
321.0,11658
321.0,12575
321.0,127403
321.0,13138
321.0,14242
321.0,15287
321.0,16081
321.0,16294
321.0,16677
321.0,19140
321.0,21361
321.0,22412
321.0,23283
321.0,23465
321.0,2423
321.0,27417
321.0,28244
321.0,28255
321.0,28862
321.0,30894
321.0,31647
321.0,32730
321.0,36430
321.0,3751
321.0,37759
321.0,38398
321.0,40564
321.0,41060
321.0,44557
321.0,48926
321.0,50483
321.05,12812
321.0,51468
321.05,16870
321.05,17667
321.05,20945
321.05,23389
321.05,24701
321.0,52918
321.05,32105
321.0,5424
321.05,42673
321.05,43807
321.05,48072
321.05,4841
321.05,5552
321.05,587685
321.05,60101
321.05,71911
321.05,7417
321.05,8110
321.05,811905
321.05,8659
321.0,5935
321.0,6054
321.0,6679
321.0,7313
321.0,7972
321.0,8553
321.0,8859
321.0,8967
321.0,9114
321.0,9144
321.0,9294
321.0,9586
321.1,11065
321.1,13445
321.1,14023
321.1,17059
321.1,17232
321.1,1837
321.1,19934
321.1,23098
321.1,29049
321.1,29280
321.15,12649
321.15,12932
321.15,12990
321.15,13667
321.15,13710
321.15,15377
321.15,16051
321.15,16798
321.15,18113
321.15,18910
321.15,20617
321.15,2284
321.15,2484
321.15,26363
321.15,26641
321.15,2754
321.15,2990
321.15,3005
321.15,32283
321.15,3283
321.15,3369
321.15,3540
321.15,3627
321.1,5374017
321.15,3866
321.15,4121
321.15,4230
321.15,4409
321.15,4442
321.15,4585
321.15,4610
321.15,4926
321.15,5043
321.15,5218
321.15,5529
321.15,59738
321.15,6011
321.15,61752
321.15,6187
321.15,6628
321.15,7677
321.15,7877
321.15,7894
321.15,8040
321.1,6311
321.1,6423
321.1,7606
321.1,85326
321.1,9255
321.1,99481
321.2,15024
321.2,19838
321.2,2247
321.2,2308
321.2,28539
321.2,29721
321.2,32048
321.2,3337
321.2,4010
321.2,4245
321.2,45542
321.2,48975
321.25,11380
321.25,11445
321.25,25619
321.25,39571
321.25,3985
321.25,41290
321.25,41918
321.2,5682
321.25,71210
321.2,6205
321.2,8309
321.2,9328
321.3,13762
321.3,21758
321.3,24784
321.3,32346
321.3,38495
321.35,10951
321.35,17826
321.3,51984
321.35,21013
321.35,35675
321.3,53752
321.3,62706
321.3,6585
321.3,7970
321.4,11842
321.4,13454
321.4,18034
321.4,28678
321.4,31872
321.4,3703
321.45,10195
321.45,15809
321.45,15927
321.45,16323
321.45,18283
321.45,19394
321.45,30299
321.45,346014
321.45,5098319
321.45,8260
321.4,58748
321.45,8874
321.4,7871
321.4,9959
321.5,10627
321.5,11690
321.5,15093
321.5,15202
321.5,15515
321.5,23068
321.5,33249
321.5,36342
321.5,50469
321.55,11921
321.55,12910
321.55,13450
321.55,16407
321.55,34566
321.55,36710
321.5,5622
321.55,68661
321.5,5704
321.5,5795
321.55,8970
321.5,6522
321.5,6695
321.5,6795
321.5,6904
321.5,6919
321.5,8755
321.6,13522
321.6,14226
321.6,14292
321.6,20870
321.6,249675
321.6,31048
321.65,1079601
321.65,11990
321.65,15517
321.65,17131
321.65,19989
321.65,477736
321.6,567895
321.6,6200
321.6,7283
321.6,73503
321.7,10976
321.7,13034
321.7,15308
321.7,16449
321.7,19942
321.7,28362
321.7,29221
321.7,30954
321.7,3263
321.7,37037
321.7,48115
321.7,4963674
321.75,10289
321.75,109537
321.75,11331
321.75,12895
321.75,13894
321.75,16156
321.75,18342
321.75,30728
321.75,3438
321.75,4041
321.75,6915
321.7,5947
321.7,66008
321.7,7952
321.7,8745
321.8,11439
321.8,15007
321.8,17947
321.8,24938
321.8,3802
321.8,43858
321.8,5045
321.85,12305
321.85,13012
321.85,152502
321.8,52898
321.85,39141
321.85,415519
321.85,46614
321.85,66928
321.8,7034
321.8,7189
321.8,7372
321.8,7672
321.9,11331
321.9,13148
321.9,13316
321.9,13883
321.9,14306
321.9,17817
321.9,18483
321.9,21363
321.9,26521
321.9,26842
321.9,2961
321.95,10487
321.95,11686
321.95,12482
321.95,12671
321.95,14140
321.95,15938
321.95,16608
321.95,17385
321.95,18477
321.95,236842
321.95,23798
321.95,28734
321.9,52953
321.95,31787
321.95,335880
321.95,3895
321.95,39276
321.95,4589336
321.95,51157
321.95,548177
321.95,5912
321.95,6220
321.95,6602
321.95,9710
321.95,9845
321.9,62973
321.9,8062
321.9,8069
321.9,80932
321.9,9326
321.9,9683
322.0,10145
322.0,10495
322.0,10751
322.0,10843
322.0,116963
322.0,121675
322.0,12677
322.0,12796
322.0,14151
322.0,15163
322.0,15178
322.0,156045
322.0,157514
322.0,16111
322.0,16800
322.0,171355
322.0,17147
322.0,20305
322.0,22408
322.0,23642
322.0,240873
322.0,251637
322.0,26213
322.0,26251
322.0,26405
322.0,28935
322.0,30711
322.0,30784
322.0,36327
322.0,40540
322.0,42585
322.0,4421
322.0,4465
322.0,4995027
322.0,5086
322.05,10166
322.05,10257
322.05,10729
322.05,11076
322.05,117612
322.05,12928
322.05,13744
322.05,13962
322.05,139757
322.05,14309
322.05,14476
322.05,15564
322.05,16134
322.05,16923
322.0,51702
322.05,17030
322.0,5188840
322.05,18956
322.05,19360
322.05,205987
322.05,21501
322.05,24103
322.05,24686
322.05,25876
322.0,5303
322.05,30383
322.05,30912
322.05,323811
322.05,33904
322.0,5340
322.05,35915
322.05,39789
322.05,400607
322.05,42694
322.05,4512
322.05,46293
322.0,5476
322.05,5036
322.05,5738
322.05,6045
322.05,6050
322.0,57318
322.05,7828
322.05,7967
322.05,8580
322.0,5885
322.05,9111
322.05,9578
322.05,9742
322.05,9869
322.0,6464
322.0,70536
322.0,7150
322.0,7217
322.0,72448
322.0,7445
322.0,7475
322.0,7774
322.0,7998
322.0,8174
322.0,8487
322.0,8680
322.0,90483
322.0,9410
322.0,9842
322.0,9961
322.1,10469
322.1,13213
322.1,13820
322.1,14254
322.1,15048
322.1,17585
322.1,190565
322.1,19386
322.1,19971
322.1,24395
322.1,27280
322.1,36627
322.1,38850
322.1,40616
322.15,144193
322.15,167884
322.15,19979
322.15,22153
322.15,24704
322.15,26904
322.15,33028
322.15,6367
322.15,8666
322.15,9023
322.15,9462
322.1,6373
322.1,6414
322.1,82148
322.1,92724
322.1,9370
322.2,12453
322.2,12521
322.2,14240
322.2,162138
322.2,17700
322.2,19142
322.2,3327
322.2,49616
322.25,10724
322.25,12685
322.25,143567
322.25,15963
322.25,16770
322.25,18901
322.25,22360
322.25,22379
322.25,43954
322.25,58081
322.25,6450
322.25,7704
322.25,7725
322.25,77878
322.25,83683
322.25,9599
322.3,108100
322.3,12578
322.3,13190
322.3,14035
322.3,14368
322.3,15044
322.3,17265
322.3,18068
322.3,20942
322.3,21137
322.3,30377
322.3,3990
322.3,4483
322.35,14108
322.35,14930
322.35,183202
322.35,195963
322.35,25190
322.35,37413
322.35,3875
322.35,4204
322.35,4489
322.35,50500
322.35,7243
322.35,7564
322.35,8922
322.3,6838
322.3,7290
322.3,7410
322.3,75020
322.3,7852
322.4,10854
322.4,11264
322.4,15040
322.4,16226
322.4,16663
322.4,24044
322.4,36829
322.4,4533
322.4,48435
322.45,12882
322.45,15052
322.45,18328
322.45,19515
322.45,25227
322.4,5317
322.45,33612
322.45,40171
322.45,55274
322.45,6324
322.4,57425
322.45,7454
322.4,5766
322.4,77570
322.4,88525
322.5,11667
322.5,11837
322.5,12169
322.5,12773
322.5,13096
322.5,15661
322.5,15756
322.5,16124
322.5,16141
322.5,16567
322.5,17415
322.5,17632
322.5,17789
322.5,18927
322.5,20147
322.5,334594
322.5,3505
322.5,3725
322.5,38404
322.5,4044
322.5,41342
322.5,4381
322.5,5005
322.55,10075
322.55,10229
322.55,12675
322.55,16229
322.55,18038
322.55,224025
322.55,23328
322.55,35427
322.5,5364
322.55,37832
322.5,5414
322.55,4143
322.55,4422
322.5,5466
322.55,5098732
322.55,51009
322.55,58116
322.55,6200
322.55,6344
322.55,65047
322.55,6738
322.5,5676
322.55,7277
322.5,6140
322.5,6255
322.5,6326
322.5,6732
322.5,7109
322.5,74288
322.5,7556
322.5,7792
322.5,7890
322.5,8017
322.5,8695
322.5,91684
322.5,9304
322.5,9919
322.6,106645
322.6,13045
322.6,16071
322.6,18683
322.6,39810
322.6,4243
322.6,50149
322.65,11760
322.65,203166
322.65,47177
322.6,55063
322.6,55537
322.65,57183
322.65,58171
322.65,5865
322.65,6101
322.6,5700
322.65,8306
322.65,84255
322.6,68254
322.6,7324
322.6,7800
322.6,83733
322.6,9357
322.7,11336
322.7,11837
322.7,13264
322.7,14407
322.7,18402
322.7,18455
322.7,23695
322.7,28605
322.7,41012
322.7,4650
322.7,4653
322.7,47749
322.7,50647
322.75,15852
322.75,20364
322.75,21387
322.75,21402
322.75,21844
322.75,23876
322.75,27447
322.75,31135
322.7,53298
322.7,5395
322.75,42546
322.75,43264
322.75,50318
322.75,6886
322.75,70633
322.75,74877
322.75,7623
322.7,58145
322.75,9235
322.75,9840
322.7,6716
322.7,69696
322.7,7223
322.7,74397
322.7,82342
322.7,8686
322.7,9658
322.8,10590
322.8,12829
322.8,15484
322.8,16139
322.8,16192
322.8,16785
322.8,21744
322.8,24419
322.8,33285
322.8,3450
322.8,34722
322.8,42065
322.8,42753
322.8,4554
322.8,4654
322.8,50369
322.8,5054
322.85,10616
322.85,10671
322.85,18661
322.85,20589
322.85,21722
322.8,52690
322.85,36535
322.85,41766
322.85,4212
322.85,46209
322.85,46340
322.85,46463
322.8,55142
322.85,5295
322.85,7495
322.8,7770
322.8,7927
322.8,9125
322.8,9898
322.9,10271
322.9,10921
322.9,11551
322.9,12344
322.9,18258
322.9,19633
322.9,23272
322.9,24549
322.9,31752
322.9,33602
322.9,34132
322.9,37725
322.9,39079
322.9,4165
322.9,4487
322.9,4534
322.9,4808
322.9,5091
322.95,10026
322.95,120253
322.95,12726
322.95,12967
322.95,13015
322.95,13165
322.95,13192
322.9,5146
322.95,15807
322.95,15843
322.95,16115
322.95,16844
322.95,17904
322.95,17967
322.95,18144
322.95,2040
322.95,20872
322.95,20873
322.95,20880
322.95,22593
322.95,242934
322.95,26446
322.95,39306
322.95,4032
322.95,40348
322.95,43325
322.95,44379
322.95,44945
322.95,4804
322.95,4866
322.95,5341
322.95,5730
322.95,6074
322.95,63659
322.95,6503
322.95,7617
322.95,76907
322.95,7893
322.95,8319
322.9,58333
322.95,8450
322.95,8554
322.9,5907
322.95,9218
322.95,9574
322.9,5964
322.95,9786
322.95,99235
322.9,6402
322.9,6535
322.9,78115
322.9,7972
322.9,8352
322.9,8731
322.9,8946
322.9,9431
322.9,9796
323.0,100851
323.0,10225
323.0,10255
323.0,103460
323.0,103767
323.0,10468
323.0,10625
323.0,10689
323.0,10925
323.0,10946
323.0,10956
323.0,11324
323.0,11426
323.0,11719
323.0,11902
323.0,12044
323.0,12066
323.0,12115
323.0,12320
323.0,12335
323.0,12402
323.0,12493
323.0,12631
323.0,12915
323.0,13047
323.0,13158
323.0,13206
323.0,13364
323.0,13395
323.0,13420
323.0,13493
323.0,13598
323.0,13794
323.0,139478
323.0,14186
323.0,14285
323.0,14386
323.0,14421
323.0,14456
323.0,14646
323.0,14708
323.0,15200
323.0,15267
323.0,15274
323.0,15562
323.0,15585
323.0,15790
323.0,16112
323.0,16419
323.0,16654
323.0,16732
323.0,16865
323.0,17464
323.0,17828
323.0,17896
323.0,1790
323.0,18033
323.0,18311
323.0,18321
323.0,18449
323.0,1868
323.0,18682
323.0,18684
323.0,18904
323.0,18994
323.0,19014
323.0,19389
323.0,19859
323.0,19981
323.0,20106
323.0,20144
323.0,20781
323.0,20991
323.0,21236
323.0,21308
323.0,21711
323.0,2179
323.0,22053
323.0,22099
323.0,22450
323.0,22615
323.0,22869
323.0,22894
323.0,22955
323.0,23054
323.0,23255
323.0,23574
323.0,23678
323.0,23796
323.0,23814
323.0,23997
323.0,24142
323.0,24152
323.0,25024
323.0,2552
323.0,25725
323.0,26121
323.0,26789
323.0,27067
323.0,27138
323.0,28454
323.0,28938
323.0,29047
323.0,2925
323.0,29348
323.0,30314
323.0,30491
323.0,31614
323.0,32049
323.0,3218
323.0,3248
323.0,33145
323.0,33410
323.0,33607
323.0,3408
323.0,34684
323.0,34803
323.0,3496
323.0,3560
323.0,35864
323.0,36204
323.0,36478
323.0,37203
323.0,37340
323.0,38216
323.0,38609
323.0,3878
323.0,39415
323.0,39571
323.0,39600
323.0,39716
323.0,4236
323.0,42661
323.0,43106
323.0,43524
323.0,43658
323.0,4380
323.0,44084
323.0,44625
323.0,4490
323.0,45960
323.0,46440
323.0,46903
323.0,46972
323.0,4710
323.0,47747
323.0,47898
323.0,49249
323.0,4932
323.05,10054
323.05,101039
323.05,10264
323.05,10364
323.05,10415
323.05,10689
323.05,10852
323.05,10909
323.05,11005
323.05,11038
323.05,11124
323.05,11138
323.05,11204
323.05,11236
323.05,113362
323.05,11619
323.05,11768
323.05,11835
323.05,11943
323.05,11957
323.05,12848
323.05,12865
323.05,13087
323.05,13154
323.05,13479
323.05,13553
323.05,13600
323.05,13602
323.05,13633
323.05,13731
323.05,13968
323.05,14248
323.05,14326
323.05,14350
323.05,14559
323.05,14608
323.05,14919
323.05,15029
323.05,15151
323.05,15197
323.05,15389
323.05,15489
323.05,15563
323.05,15805
323.05,15811
323.05,15817
323.05,16075
323.05,16363
323.05,16380
323.05,16428
323.05,16576
323.05,16687
323.0,51690
323.05,17015
323.05,17231
323.05,1738
323.05,17929
323.05,18035
323.05,18103
323.05,18305
323.05,18368
323.05,18467
323.05,18528
323.05,18530
323.05,18702
323.05,1887
323.05,18928
323.05,19232
323.05,19245
323.05,1954
323.05,19612
323.05,19879
323.05,20147
323.05,20185
323.05,20461
323.05,20978
323.05,21006
323.05,21110
323.05,21309
323.05,21320
323.05,21698
323.05,21783
323.05,22913
323.05,23334
323.05,24043
323.05,242746
323.05,24930
323.05,25018
323.05,25072
323.05,25119
323.0,5254
323.05,26421
323.05,26831
323.05,27025
323.05,27631
323.05,27705
323.05,2809
323.05,28571
323.05,28789
323.05,28862
323.05,29008
323.05,30429
323.05,30919
323.05,30992
323.05,31073
323.05,31336
323.05,31373
323.05,32123
323.05,32935
323.05,33291
323.05,34380
323.05,36489
323.05,36597
323.05,3802
323.05,4073
323.05,40956
323.05,41739
323.05,41871
323.05,42330
323.05,44749
323.05,4521
323.05,45394
323.05,4699
323.05,4754
323.05,47987
323.05,4847
323.05,4885
323.05,50093
323.05,50438
323.05,5286
323.05,53850
323.05,54879
323.05,55621
323.05,56169
323.05,5624
323.05,5837
323.05,5843
323.05,5972
323.05,6280
323.05,63353
323.05,64505
323.05,6465
323.05,64783
323.0,5665
323.05,6666
323.05,6681
323.05,6691
323.05,6699
323.05,6722
323.05,6763
323.05,6822
323.05,6846
323.0,56894
323.05,6898
323.05,6923
323.05,6959
323.0,5700
323.05,70830
323.05,7216
323.05,7250
323.0,5740
323.05,7440
323.05,7501
323.05,75127
323.05,7514
323.05,7517
323.05,7824
323.05,7923
323.05,7965
323.05,8013
323.05,8053
323.05,8181
323.05,82959
323.05,85213
323.05,8706
323.05,8733
323.05,8933
323.05,9173
323.05,9215
323.05,9257
323.05,9283
323.05,9294
323.05,9305
323.05,9409
323.05,9422
323.05,9467
323.05,9572
323.05,9573
323.05,9589
323.05,9626
323.05,9658
323.05,9682
323.05,9752
323.05,9845
323.05,9895
323.05,9927
323.0,59953
323.0,6017
323.0,62686
323.0,63252
323.0,6345
323.0,6391
323.0,6506
323.0,65874
323.0,66360
323.0,6752
323.0,6768
323.0,6814
323.0,68715
323.0,6939
323.0,6992
323.0,7054
323.0,7083
323.0,71005
323.0,7167
323.0,7168
323.0,7278
323.0,74940
323.0,75769
323.0,77614
323.0,7865
323.0,7970
323.0,80153
323.0,8218
323.0,8229
323.0,8233
323.0,82362
323.0,85864
323.0,8621
323.0,87445
323.0,8789
323.0,8881
323.0,8984
323.0,90485
323.0,9133
323.0,9225
323.0,9259
323.0,9366
323.0,9557
323.0,9651
323.0,9739
323.0,9784
323.0,9789
323.0,9985
323.1,10645
323.1,11668
323.1,11706
323.1,147153
323.1,18240
323.1,19710
323.1,21671
323.1,21722
323.1,23221
323.1,2753
323.1,30183
323.1,34803
323.1,41676
323.1,41835
323.1,45687
323.1,45699
323.1,46235
323.1,4800
323.15,10595
323.15,12308
323.1,5126
323.15,13814
323.15,145744
323.15,14762
323.15,16849
323.15,16990
323.15,27086
323.15,27592
323.15,34296
323.15,44483
323.1,55005
323.15,5057
323.15,6440
323.15,66340
323.15,71913
323.15,7535
323.15,7760
323.15,7981
323.15,9395
323.15,9546
323.1,6140
323.1,6463
323.1,6921
323.1,7172
323.1,7180
323.1,72933
323.1,84935
323.1,8654
323.1,9931
323.2,11120
323.2,1281
323.2,14018
323.2,14633
323.2,15096
323.2,19101
323.2,26178
323.2,2673
323.2,3078
323.2,36695
323.2,40738
323.2,4402
323.2,46337
323.25,10523
323.25,11846
323.25,14783
323.25,15740
323.25,18761
323.25,19697
323.25,19811
323.25,2198
323.25,2331
323.25,25355
323.25,3650
323.25,4672
323.2,55277
323.25,6038
323.25,9107
323.25,9137
323.2,6408
323.2,6784
323.2,7358
323.2,7963
323.2,8068
323.2,82587
323.2,9469
323.3,13920
323.3,14183
323.3,15580
323.3,30631
323.3,35645
323.3,39268
323.35,13400
323.35,13456
323.35,14602
323.35,16641
323.35,18182
323.35,18188
323.35,18717
323.35,24013
323.35,24146
323.35,24786
323.35,25022
323.35,27073
323.35,27696
323.35,35552
323.35,44479
323.35,49878
323.35,7311
323.3,5874
323.35,8787
323.4,11329
323.4,12101
323.4,12373
323.4,16426
323.4,16953
323.4,17503
323.4,25337
323.4,33065
323.45,10388
323.45,10527
323.45,11153
323.45,12876
323.45,13350
323.45,141836
323.45,15076
323.45,15797
323.45,16185
323.45,16922
323.45,17533
323.45,18146
323.45,24079
323.45,24745
323.45,25199
323.45,27558
323.45,37110
323.45,49320
323.45,50045
323.45,51000
323.45,6657
323.4,8081
323.5,12130
323.5,13692
323.5,139188
323.5,14401
323.5,14972
323.5,15452
323.5,19234
323.5,21143
323.5,22523
323.5,22581
323.5,24566
323.5,25705
323.5,29041
323.5,30261
323.5,31178
323.5,31463
323.5,32194
323.5,34903
323.5,35636
323.5,37974
323.5,38959
323.5,39856
323.5,40710
323.5,4315
323.5,49217
323.55,12680
323.55,13904
323.55,15391
323.55,17612
323.55,18770
323.55,19480
323.55,30650
323.55,34798
323.55,36183
323.55,45346
323.55,5565
323.55,60000
323.55,65903
323.55,8185
323.55,9905
323.5,6257
323.5,64338
323.5,7495
323.5,77325
323.6,11853
323.6,14146
323.6,15384
323.6,19225
323.6,22766
323.6,25179
323.6,26222
323.6,27099
323.6,28968
323.6,31113
323.6,33071
323.6,34324
323.6,49057
323.65,12376
323.65,158458
323.65,17634
323.65,18597
323.65,203274
323.65,23561
323.65,26697
323.65,29519
323.65,32489
323.65,32707
323.65,61138
323.65,68261
323.65,9336
323.6,62336
323.6,6881
323.6,8158
323.6,8755
323.7,11140
323.7,11681
323.7,1284
323.7,13149
323.7,13183
323.7,15214
323.7,18401
323.7,22453
323.7,24486
323.7,25665
323.7,29923
323.7,32755
323.7,36898
323.75,10150
323.75,112723
323.75,11828
323.75,12429
323.75,13536
323.75,13635
323.75,14479
323.75,15259
323.75,18563
323.75,20601
323.75,21878
323.75,26502
323.75,26639
323.75,31883
323.75,34249
323.75,36101
323.75,4178256
323.75,5596
323.75,7594
323.75,78389
323.75,8184
323.75,9312
323.75,9901
323.7,8426
323.7,8591
323.7,91228
323.8,10271
323.8,10464
323.8,12815
323.8,14332
323.8,14596
323.8,16661
323.8,17984
323.8,18465
323.8,18789
323.8,20327
323.8,21479
323.8,22357
323.8,23835
323.8,23977
323.8,24216
323.8,32708
323.8,35730
323.8,40583
323.8,4644
323.85,11179
323.85,11985
323.85,12608
323.85,12747
323.85,12980
323.85,13248
323.85,13530
323.85,14819
323.85,16051
323.85,17579
323.85,21001
323.85,21813
323.85,22146
323.85,22287
323.85,24160
323.85,25460
323.85,47427
323.85,47969
323.85,6632
323.85,8599
323.85,8638
323.8,5888
323.85,9073
323.85,9158
323.8,64574
323.8,7522
323.8,7617
323.8,8656
323.8,9093
323.8,9827
323.9,10063
323.9,10188
323.9,10401
323.9,11410
323.9,11716
323.9,118482
323.9,12260
323.9,13505
323.9,13565
323.9,13612
323.9,13741
323.9,13941
323.9,14260
323.9,14606
323.9,16160
323.9,17305
323.9,17832
323.9,19425
323.9,19676
323.9,22393
323.9,24360
323.9,25103
323.9,28981
323.9,32295
323.9,33819
323.9,36335
323.9,36466
323.9,39336
323.9,39946
323.95,11734
323.95,12063
323.95,12667
323.95,147415
323.95,16312
323.95,16468
323.95,19292
323.95,22665
323.95,24627
323.95,28129
323.95,32865
323.95,37874
323.95,6434
323.95,7415
323.95,75388
323.95,7773
323.95,80274
323.95,86157
323.95,8704
323.9,8997
323.9,9188
323.9,9324
323.9,9704
323.9,9881
324.0,10224
324.0,10302
324.0,10404
324.0,106717
324.0,11733
324.0,11869
324.0,12161
324.0,12480
324.0,12610
324.0,12897
324.0,13940
324.0,14370
324.0,14549
324.0,18239
324.0,19025
324.0,19408
324.0,198221
324.0,19969
324.0,20074
324.0,21269
324.0,22001
324.0,22813
324.0,23294
324.0,24775
324.0,25462
324.0,26231
324.0,26879
324.0,2968
324.0,29825
324.0,30047
324.0,30295
324.0,31583
324.0,31905
324.0,32555
324.0,32863
324.0,33511
324.0,35006
324.0,35858
324.0,36340
324.0,37046
324.0,37598
324.0,38002
324.0,43027
324.0,43904
324.0,45704
324.0,46173
324.0,4683
324.0,48128
324.0,4980
324.05,10680
324.05,10915
324.05,11072
324.05,11794
324.05,12417
324.05,12855
324.05,13079
324.05,22154
324.0,5248
324.0,5303
324.0,53334
324.05,34311
324.0,53574
324.05,36432
324.0,53862
324.05,38838
324.05,40318
324.0,54753
324.0,55080
324.05,55152
324.05,56523
324.05,5682
324.0,55701
324.05,7195
324.05,7275
324.05,73650
324.05,9947
324.0,61992
324.0,6325
324.0,69966
324.0,73745
324.0,76177
324.0,7866
324.0,7898
324.0,7973
324.0,8040
324.0,8096
324.0,83330
324.0,9243
324.0,96018
324.0,9797
324.1,13644
324.1,32850
324.1,33527
324.1,38097
324.15,11475
324.15,13060
324.15,17594
324.15,24470
324.15,26500
324.15,30472
324.15,30864
324.15,55987
324.15,8434
324.1,58575
324.1,60786
324.1,7270
324.2,10434
324.2,10480
324.2,112493
324.2,12308
324.2,13357
324.2,15024
324.2,15925
324.2,15967
324.2,23196
324.2,26547
324.2,28919
324.2,30048
324.2,30503
324.2,30537
324.2,31463
324.2,3540
324.2,3553
324.2,35859
324.2,3751
324.2,39517
324.2,4072
324.2,4247
324.2,4360
324.2,4866
324.25,10070
324.25,10922
324.25,12115
324.25,13526
324.25,13797
324.25,13990
324.25,14272
324.25,15837
324.25,16416
324.25,17736
324.25,29490
324.25,3313
324.25,33712
324.25,37909
324.25,5199
324.25,5536
324.25,6145
324.25,6357
324.25,6734
324.2,5689
324.25,7807
324.25,79530
324.25,8046
324.25,8226
324.25,8255
324.2,5865
324.25,9267
324.25,9439
324.2,6971
324.2,7170
324.2,7460
324.2,7888
324.2,8742
324.3,14020
324.3,17246
324.3,18827
324.3,23436
324.3,24528
324.3,32701
324.3,34342
324.3,34620
324.3,35223
324.3,36382
324.3,37161
324.3,5011
324.35,120930
324.35,12137
324.35,13999
324.35,14046
324.35,19036
324.35,21477
324.35,25016
324.35,34349
324.35,42273
324.35,42648
324.35,6790
324.35,7025
324.35,7192
324.35,7738
324.35,8057
324.4,11161
324.4,12403
324.4,13829
324.4,14382
324.4,16511
324.4,16933
324.4,169709
324.4,26159
324.4,27720
324.4,31432
324.4,33671
324.4,35370
324.4,37193
324.4,38946
324.4,41375
324.4,42505
324.4,45123
324.4,48094
324.4,49891
324.4,50979
324.45,102467
324.45,11134
324.45,11771
324.45,15000
324.45,15484
324.45,24548
324.45,251827
324.45,25743
324.45,29099
324.45,30693
324.45,31386
324.45,32733
324.45,33449
324.45,34013
324.45,34088
324.45,34402
324.45,37771
324.45,37852
324.45,42148
324.45,4614
324.45,50350
324.45,51443
324.45,54039
324.45,61235
324.45,65527
324.4,5717
324.45,9092
324.45,9425
324.45,9464
324.4,62343
324.4,77308
324.4,85560
324.5,11253
324.5,12314
324.5,13259
324.5,13589
324.5,138136
324.5,14416
324.5,15116
324.5,16399
324.5,17232
324.5,19373
324.5,20248
324.5,21250
324.5,23812
324.5,25800
324.5,28159
324.5,39873
324.5,44903
324.55,10914
324.55,18230
324.55,20052
324.55,21601
324.55,22974
324.55,25469
324.55,2829
324.55,30242
324.55,33557
324.55,3475
324.55,3572
324.55,37155
324.55,43638
324.55,45123
324.55,4556
324.55,50852
324.55,5194516
324.55,5266
324.55,54090
324.55,6657
324.55,8410
324.55,8433
324.5,6177
324.5,7448
324.5,80743
324.5,8835
324.5,9150
324.5,9862
324.6,10252
324.6,11325
324.6,17659
324.6,20255
324.6,2959
324.6,51092
324.65,11507
324.65,13295
324.65,148636
324.65,15409
324.65,15659
324.65,16842
324.65,18132
324.65,21185
324.65,21774
324.65,22188
324.65,22463
324.65,24147
324.65,26191
324.65,26602
324.65,28765
324.65,32920
324.65,5320
324.65,5335
324.65,54261
324.65,64351
324.65,7133
324.65,8035
324.6,6306
324.6,63717
324.6,8237
324.7,11200
324.7,11568
324.7,11797
324.7,12554
324.7,13605
324.7,17822
324.7,23559
324.7,3177
324.7,3454
324.7,35305
324.7,35745
324.7,39838
324.75,10380
324.75,13123
324.75,17359
324.75,23123
324.75,23595
324.75,27480
324.75,34662
324.75,38554
324.75,38754
324.7,5414
324.75,4833
324.75,52745
324.75,6692
324.75,70004
324.75,7254
324.75,7928
324.75,80284
324.7,6047
324.7,6622
324.7,7402
324.7,89751
324.7,90611
324.8,12020
324.8,16074
324.8,16202
324.8,16682
324.8,17087
324.8,22089
324.8,24824
324.8,31497
324.8,33851
324.8,37207
324.8,37216
324.8,3767
324.8,395597
324.85,100188
324.85,103348
324.85,15119
324.85,155163
324.85,16311
324.85,21242
324.85,21334
324.85,25022
324.85,27515
324.8,52842
324.85,28575
324.85,30881
324.85,34982
324.8,53926
324.85,41122
324.85,41232
324.8,54576
324.8,58580
324.8,6068
324.8,6172
324.8,6184
324.8,66955
324.8,83298
324.8,84034
324.8,9325
324.8,9334
324.8,9608
324.9,15926
324.9,161843
324.9,16612
324.9,18490
324.9,20049
324.9,21474
324.9,23148
324.9,23683
324.9,25859
324.9,35055
324.9,35181
324.9,36921
324.9,37810
324.9,417733
324.9,44126
324.9,47684
324.95,10573
324.95,11652
324.95,11776
324.95,12191
324.95,12834
324.95,13220
324.95,13569
324.95,13975
324.95,14926
324.95,15339
324.95,15449
324.95,15768
324.95,20082
324.95,21429
324.95,221885
324.95,24651
324.95,285648
324.95,32138
324.95,36143
324.95,42914
324.95,7381
324.95,78636
324.95,91674
324.9,67670
324.9,79855
324.9,89213
325.0,10086
325.0,10209
325.0,10330
325.0,10399
325.0,105270
325.0,10692
325.0,10865
325.0,11263
325.0,11319
325.0,11358
325.0,115971
325.0,11659
325.0,11820
325.0,12113
325.0,12119
325.0,12364
325.0,12781
325.0,12816
325.0,13924
325.0,14443
325.0,14576
325.0,14651
325.0,15004
325.0,15683
325.0,16816
325.0,16967
325.0,17178
325.0,17409
325.0,17725
325.0,17860
325.0,17895
325.0,18625
325.0,18673
325.0,19047
325.0,19539
325.0,19747
325.0,20185
325.0,20540
325.0,20579
325.0,20581
325.0,21011
325.0,22573
325.0,23920
325.0,24079
325.0,24511
325.0,25907
325.0,264466
325.0,26734
325.0,27087
325.0,28102
325.0,28157
325.0,28184
325.0,28321
325.0,2897
325.0,2939
325.0,30589
325.0,3182
325.0,32725
325.0,32904
325.0,3375
325.0,341832
325.0,34585
325.0,34801
325.0,34809
325.0,35468
325.0,36274
325.0,3641
325.0,37015
325.0,3771
325.0,38914
325.0,3893
325.0,40035
325.0,4061
325.0,4398
325.0,4540
325.0,48352
325.0,4841
325.0,49601
325.0,5010
325.0,5015
325.0,5076
325.0,50967
325.05,10030
325.05,10806
325.05,10835
325.05,10837
325.05,10981
325.05,11300
325.05,11648
325.05,13813
325.05,20295
325.05,25583
325.05,26035
325.05,26210
325.05,3090
325.05,31841
325.05,33768
325.05,37063
325.05,37800
325.05,3958
325.05,40757
325.05,43078
325.05,4357
325.05,4421
325.0,54808
325.05,48533
325.05,4943
325.05,50186
325.0,55161
325.05,52911
325.0,55363
325.05,53674
325.05,55785
325.05,58296
325.05,62215
325.05,62668
325.05,6369
325.05,66071
325.05,6679
325.05,76007
325.0,5770
325.0,57970
325.05,83886
325.05,86091
325.05,95355
325.0,6365
325.0,6389
325.0,6507
325.0,6819
325.0,6974
325.0,6987
325.0,70892
325.0,72730
325.0,7278
325.0,74372
325.0,74522
325.0,7667
325.0,8548
325.0,8603
325.0,87093
325.0,87138
325.0,90795
325.0,9269
325.0,9479
325.0,96967
325.0,9728
325.1,10116
325.1,106891
325.1,11262
325.1,11551
325.1,13639
325.1,14883
325.1,15670
325.1,15994
325.1,17944
325.1,20256
325.1,21957
325.1,24156
325.1,26522
325.1,31214
325.1,35062
325.1,36976
325.1,4271
325.1,4396
325.1,4548
325.1,46131
325.1,4693
325.1,4900
325.15,10215
325.15,104569
325.1,51225
325.1,5133
325.15,13852
325.15,14543
325.15,14961
325.15,14997
325.15,15766
325.15,16746
325.15,19941
325.15,21817
325.15,2205
325.1,5233
325.15,27992
325.15,2906
325.15,30071
325.15,34881
325.15,40949
325.15,4385
325.15,44733
325.15,46647
325.15,46981
325.1,55203
325.15,53648
325.15,5955
325.15,61162
325.15,63900
325.1,56610
325.15,66257
325.15,79429
325.15,8084
325.1,6452
325.1,67214
325.1,6747
325.1,6901
325.1,74349
325.1,7722
325.2,115472
325.2,13172
325.2,13635
325.2,14626
325.2,17085
325.2,17603
325.2,20030
325.2,21165
325.2,23033
325.2,28582
325.2,4099
325.25,118054
325.25,15520
325.25,26047
325.25,281337
325.25,28219
325.25,40437
325.25,4544
325.25,51446
325.25,5321
325.25,5802
325.2,5606
325.25,6140
325.25,97575
325.25,9956
325.2,71744
325.2,79111
325.2,9874
325.2,9951
325.3,19044
325.35,12632
325.35,23389
325.35,27253
325.35,5547
325.35,7667
325.3,9648
325.4,19264
325.45,12252
325.45,17880
325.4,5192
325.45,23214
325.45,2363
325.45,24217
325.45,93923
325.5,10376
325.5,111700
325.5,17234
325.5,19654
325.5,235706
325.5,27919
325.5,28973
325.5,32276
325.5,33441
325.5,35260
325.5,38049
325.5,38844
325.5,45257
325.5,49134
325.55,33625
325.55,37406
325.5,68800
325.5,89721
325.6,30089
325.6,37291
325.6,48895
325.65,125273
325.65,21794
325.65,32345
325.7,32716
325.75,22567
325.75,27131
325.75,29965
325.75,33130
325.75,49654
325.75,89027
325.8,30309
325.8,41433
325.85,10085
325.85,20741
325.85,64628
325.9,17669
325.9,232187
325.9,31894
325.9,46814
325.95,11471
325.95,198593
325.95,53928
325.95,59493
325.95,7645
325.95,79487
325.95,80297
325.9,61492
326.0,142917
326.0,18773
326.0,19497
326.0,22808
326.0,26162
326.0,28020
326.0,28529
326.0,33394
326.0,33418
326.0,353522
326.0,36271
326.0,38254
326.0,48587
326.0,48807
326.0,50366
326.05,16271
326.05,17352
326.05,27551
326.05,41744
326.05,46757
326.05,49311
326.05,63731
326.0,57340
326.0,69296
326.0,70837
326.0,92912
326.1,216665
326.15,20690
326.1,54003
326.1,63876
326.1,64084
326.1,75360
326.2,36256
326.2,43713
326.25,21538
326.25,25788
326.25,27971
326.3,17734
326.3,18405
326.35,15424
326.35,31346
326.35,32616
326.35,38930
326.3,69776
326.4,20533
326.4,40074
326.45,14489
326.45,16693
326.45,20384
326.45,77144
326.5,27854
326.55,14629
326.5,52244
326.55,43304
326.5,54584
326.5,56155
326.6,19190
326.6,20998
326.6,21779
326.65,14742
326.65,16551
326.65,19756
326.65,20941
326.65,23504
326.65,24058
326.65,53728
326.7,12879
326.7,14019
326.7,16375
326.7,16759
326.7,16990
326.7,17899
326.7,18022
326.7,20653
326.7,21223
326.7,24894
326.7,25059
326.7,39164
326.75,148598
326.75,16342
326.75,16385
326.8,14402
326.8,15224
326.8,16452
326.8,17528
326.85,12747
326.85,14663
326.85,158930
326.85,17681
326.85,45949
326.9,13451
326.9,13638
326.9,14518
326.9,16482
326.9,17244
326.9,19238
326.9,32737
326.95,15484
326.95,17508
326.95,18858
326.95,58184
326.95,66283
326.95,93433
327.0,113201
327.0,14498
327.0,15789
327.0,17830
327.0,18517
327.0,189905
327.0,19226
327.0,19621
327.0,19640
327.0,20807
327.0,23707
327.0,33744
327.0,39542
327.0,41330
327.0,45807
327.0,46264
327.0,47379
327.05,15856
327.0,51902
327.0,52298
327.05,240453
327.0,52675
327.05,40295
327.05,42139
327.05,46165
327.05,53143
327.05,57163
327.0,58627
327.0,58699
327.0,72269
327.0,75973
327.0,80358
327.0,92083
327.1,14879
327.1,15187
327.2,38578
327.2,48887
327.25,74530
327.2,59107
327.3,23562
327.35,46628
327.35,7424
327.45,19187
327.4,53403
327.5,27356
327.5,45410
327.55,66700
327.55,77418
327.5,57836
327.5,58489
327.55,92795
327.65,14890
327.65,32614
327.65,56403
327.7,29744
327.7,37860
327.75,17739
327.75,38389
327.75,42571
327.8,21601
327.8,26266
327.85,10742
327.9,14449
327.9,17927
327.9,29347
327.95,19476
327.95,21818
327.95,26478
327.95,30318
327.95,40356
327.95,48250
327.95,74112
327.95,84737
328.0,164940
328.0,171951
328.0,23533
328.0,27501
328.0,35703
328.0,38304
328.0,44222
328.0,46555
328.0,48498
328.05,32117
328.05,443114
328.05,78891
328.0,67477
328.0,84397
328.0,88783
328.0,99778
328.1,23889
328.1,35261
328.1,50553
328.15,10587
328.15,11274
328.15,13185
328.15,14937
328.15,17471
328.15,22017
328.15,24649
328.15,27014
328.15,47735
328.15,50785
328.15,66106
328.15,8383
328.1,8284
328.2,21894
328.25,17572
328.25,51385
328.3,23702
328.35,35014
328.35,54103
328.4,13871
328.4,34947
328.45,47919
328.5,33109
328.5,41710
328.5,43378
328.55,28562
328.55,42678
328.55,63396
328.55,7473
328.5,76004
328.6,35743
328.6,46523
328.65,57034
328.75,31386
328.75,32347
328.75,32945
328.75,33807
328.75,35790
328.75,48853
328.75,97410
328.8,26236
328.8,42351
328.8,43709
328.85,24547
328.85,34246
328.85,35424
328.85,35572
328.85,40002
328.85,46358
328.9,22755
328.9,28116
328.9,33792
328.9,46027
328.95,14876
328.95,33611
328.95,34809
328.95,40636
328.9,62110
328.9,83909
329.0,38147
329.0,42135
329.0,42463
329.0,43653
329.05,32450
329.05,34342
329.05,94478
329.0,59451
329.25,40719
329.2,70930
329.3,40474
329.35,21403
329.45,11230
329.45,56368
329.5,37370
329.55,41408
329.55,54164
329.6,46687
329.65,112847
329.65,48909
329.7,33559
329.75,21005
329.75,26560
329.7,54407
329.75,50847
329.7,59334
329.7,65819
329.8,11819
329.8,22544
329.8,25427
329.8,39831
329.8,42942
329.8,46300
329.85,13160
329.85,20942
329.85,22977
329.85,67438
329.8,78623
329.9,19320
329.9,19772
329.9,28526
329.9,39530
329.95,10331
329.95,14398
329.95,16746
329.95,234154
329.95,23821
329.9,55005
329.95,52636
329.95,63617
329.95,87110
329.9,68505
330.0,101302
330.0,104387
330.0,113684
330.0,116767
330.0,122380
330.0,154447
330.0,163155
330.0,216345
330.0,22859
330.0,28262
330.0,29407
330.0,393471
330.0,40199
330.0,451739
330.05,121724
330.05,223904
330.0,52551
330.05,275539
330.05,520409
330.05,82762
330.0,70291
330.0,8649
330.0,87697
330.0,953200
330.0,97960
330.0,99225
330.1,13420
330.1,15318
330.1,30296
330.15,10624
330.15,14198
330.15,15142
330.15,17951
330.15,19458
330.1,85907
330.2,10691
330.2,19100
330.25,19629
330.25,28469
330.25,6032
330.3,141046
330.45,149945
330.45,16387
330.45,22873
330.5,25203
330.65,21291
330.7,161848
330.75,17311
330.75,22530
330.75,23859
330.75,24425
330.8,18001
330.8,27832
330.85,16260
330.85,18619
330.85,20596
330.85,21595
330.85,24297
330.85,24380
330.85,27391
330.85,28544
330.85,31106
330.85,41662
330.85,42426
330.85,58013
330.9,177055
330.9,18675
330.9,29970
330.9,35161
330.9,62337
331.0,10541
331.0,27949
331.05,33160
331.05,34176
331.3,121534
331.3,17977
331.45,14926
331.5,102202
331.5,28586
331.65,17935
331.7,155814
331.7,18706
331.7,25515
331.75,12767
331.75,15667
331.75,22125
331.75,23613
331.8,104542
331.8,12405
331.8,12603
331.8,13062
331.8,19762
331.8,20746
331.8,288361
331.85,15596
331.85,20002
331.85,22840
331.85,23368
331.85,25355
331.85,25715
331.95,21470
331.95,22016
331.95,26293
332.0,13099
332.0,146778
332.0,19876
332.0,22842
332.0,23340
332.0,24911
332.0,25598
332.0,28497
332.0,32188
332.0,33147
332.0,41155
332.0,675299
332.1,154151
332.1,251976
332.2,22151
332.2,30487
332.35,25876
332.45,18937
332.55,518861
332.65,13002
332.65,9524
332.75,24016
332.8,16093
332.8,17065
332.8,17672
332.8,21733
332.8,30353
332.9,11956
332.9,39137
332.95,11918
332.95,15707
332.95,16955
332.95,21550
332.95,79117
333.0,22382
333.0,24955
333.0,29376
333.0,71297
333.75,1420000
333.75,61630
334.0,325373
335.0,0
335.0,23569
335.0,258904
335.0,292875
335.05,181235
335.1,154383
335.1,61694
335.1,93008
335.2,1984384
335.25,329663
335.25,37956
335.3,117764
335.3,35018
335.35,10142
335.4,35632
335.45,10586
335.45,96571
335.5,61630
335.6,514884
335.75,18311
335.75,24893
335.7,66411
335.95,50071
336.0,15972
336.0,290918
336.15,51948
336.15,94746
336.2,463172
336.35,79779
336.4,61922
336.5,242138
336.7,45088
336.75,63236
337.0,139223
337.0,438751
337.35,53958
337.4,139226
337.4,23637
337.5,348058
337.55,24709
337.65,494807
337.7,24819
337.75,29056
337.8,32169
337.85,147395
337.85,39564
337.9,215705
338.0,454740
338.1,418519
338.15,17628
338.2,30121
338.25,97542
338.3,57084
338.4,28885
338.5,134775
338.6,162903
338.9,38507
339.0,368441
339.3,521222
339.3,57041
339.55,54130
339.6,139037
339.7,203934
339.95,47586
340.0,274979
340.0,445320
340.0,504398
340.05,32077
340.05,58971
340.1,35438
340.15,41399
340.15,47920
340.1,74362
340.25,33829
340.25,71276
340.25,92872
340.3,411301
340.3,49690
340.35,12072
340.35,129339
340.35,17993
340.35,412552
340.4,67201
340.5,121952
340.55,28009
340.7,178158
340.7,958575
340.85,22181
341.0,47656
341.0,482156
341.05,26787
341.0,709201
341.1,17567
341.1,23565
341.1,26848
341.15,13041
341.15,19458
341.15,27585
341.15,28793
341.15,46954
341.2,11842
341.2,22575
341.25,66508
341.35,252829
341.4,32735
341.45,139546
341.45,40436
341.45,49134
341.5,114015
341.5,29727
341.55,20321
341.6,184943
341.6,22397
341.6,32930
341.65,15383
341.7,31165
341.75,13099
341.75,58081
341.8,27646
341.8,33461
341.85,24482
341.85,37910
341.9,133939
341.9,23410
341.9,62073
342.0,124253
342.0,26730
342.05,30431
342.0,55265
342.15,144802
342.15,206033
342.2,24292
342.25,128975
342.5,12311
342.5,17431
342.5,17828
342.5,323617
342.55,20017
342.6,17311
342.65,49046
342.7,23273
342.75,17367
342.75,22422
342.75,27184
342.75,72779
342.8,16915
342.8,24435
342.85,14137
342.85,62771
342.85,63705
342.9,12547
342.9,13036
342.9,13511
342.9,17255
342.9,22547
342.95,12983
342.95,13866
342.95,18384
342.95,19070
342.95,19643
342.95,43722
343.0,13445
343.0,201433
343.0,22668
343.0,23164
343.0,26805
343.0,30622
343.05,13902
343.05,15471
343.05,15706
343.05,17145
343.05,18279
343.05,19387
343.05,19900
343.05,22154
343.05,22688
343.05,24053
343.05,25811
343.0,52655
343.05,31142
343.05,33043
343.05,33869
343.05,45673
343.05,72785
343.1,11961
343.1,12295
343.1,13700
343.1,13925
343.1,15665
343.1,16184
343.1,16280
343.1,17317
343.1,17962
343.1,22804
343.1,23913
343.1,24159
343.1,25502
343.1,25522
343.1,32892
343.1,43164
343.15,12927
343.15,15150
343.15,17539
343.15,18736
343.15,18986
343.15,20216
343.15,23203
343.15,23852
343.15,27532
343.15,30399
343.1,72354
343.2,105820
343.2,17024
343.2,18174
343.2,18616
343.2,22822
343.2,24970
343.2,25883
343.2,26942
343.2,30506
343.2,32504
343.2,41460
343.25,12638
343.25,12685
343.25,13000
343.25,146524
343.25,14829
343.25,15342
343.25,17170
343.25,19825
343.25,21535
343.25,25017
343.25,26575
343.25,27031
343.25,28021
343.25,29931
343.25,30438
343.25,44378
343.25,50686
343.25,72728
343.3,108866
343.3,11915
343.3,12280
343.3,17731
343.3,19185
343.3,20268
343.3,22008
343.3,23026
343.3,26885
343.3,27587
343.3,30109
343.3,34011
343.3,36070
343.35,10228
343.35,136034
343.35,13872
343.35,14889
343.35,20347
343.35,21850
343.35,26644
343.35,29097
343.35,37046
343.3,56420
343.35,76685
343.3,7137
343.3,89599
343.3,96474
343.4,12629
343.4,16907
343.4,19108
343.4,19883
343.4,22302
343.4,26755
343.45,12512
343.45,17241
343.45,17833
343.45,19188
343.45,19306
343.45,22696
343.45,25417
343.45,47093
343.45,49576
343.45,76068
343.5,12612
343.5,19403
343.5,24764
343.5,36731
343.5,38223
343.5,41694
343.55,14194
343.55,14370
343.55,16042
343.55,16905
343.55,18284
343.55,22530
343.55,23764
343.55,25897
343.55,26746
343.55,28155
343.55,30306
343.55,54456
343.55,62403
343.55,77241
343.55,78610
343.55,89235
343.55,94228
343.5,70532
343.6,16301
343.6,20568
343.65,17195
343.65,17931
343.65,19075
343.65,21001
343.65,27584
343.6,61374
343.6,70077
343.6,90557
343.6,9733
343.6,9898
343.7,14906
343.7,22223
343.7,26499
343.7,32858
343.7,36175
343.75,24248
343.75,34367
343.75,35670
343.75,55708
343.8,27687
343.85,11954
343.8,55732
343.85,62308
343.8,67995
343.9,20292
343.95,10500
343.95,19355
343.95,32540
344.0,15228
344.0,16443
344.0,18872
344.0,34420
344.0,37459
344.0,48983
344.0,56741
344.15,12309
344.15,16193
344.1,57329
344.25,12633
344.25,37748
344.2,83274
344.3,144488
344.3,173234
344.3,19435
344.3,23096
344.35,90183
344.3,65843
344.4,14079
344.45,121299
344.45,20099
344.5,195521
344.55,56644
344.55,95728
344.65,135435
344.65,24882
344.65,48208
344.7,59705
344.8,70698
344.9,193809
344.9,33217
344.95,238870
344.95,531107
344.9,76512
345.0,313000
345.0,66561
345.0,83453
345.2,27674
345.3,213850
345.7,262180
345.9,67223
346.4,196621
346.45,56556
346.5,214679
346.6,333748
346.9,46353
346.9,66703
347.25,233034
347.3,61610
347.65,64320
347.75,60536
348.05,591881
348.2,70028
348.35,10335
348.4,29098
348.5,18389
348.5,20302
348.5,39001
348.5,40069
348.55,18817
348.55,61864
348.6,15112
348.7,14043
348.75,20630
348.75,33650
348.75,87503
348.8,24691
348.85,18180
348.85,30405
348.95,15465
348.95,31581
349.0,38774
349.05,39995
349.1,12838
349.15,22258
349.15,28023
349.2,23220
349.2,47860
349.25,137737
349.25,16284
349.25,56408
349.3,27467
349.35,22462
349.3,9184
349.4,163462
349.4,22415
349.4,50889
349.45,193827
349.4,57642
349.5,12010
349.5,24596
349.55,29928
349.55,69321
349.65,17067
349.65,23288
349.65,25021
349.6,68587
349.7,50785
349.85,25081
349.8,7509
349.8,9611
349.9,40937
349.9,41185
349.95,13832
349.95,15571
349.95,34599
350.0,10183
350.0,11171
350.0,11182
350.0,11434
350.0,12617
350.0,12894
350.0,14860
350.0,16095
350.0,222295
350.0,223950
350.0,27888
350.05,10002
350.05,10162
350.05,10351
350.05,10378
350.05,10541
350.05,11633
350.05,11709
350.05,11766
350.05,12304
350.05,12410
350.05,12565
350.05,12602
350.05,13065
350.05,13162
350.05,13314
350.05,13853
350.05,14456
350.05,15104
350.05,17406
350.05,23159
350.05,26028
350.05,30900
350.05,39300
350.05,7664
350.05,8581
350.05,9625
350.0,62341
350.0,7324
350.0,76513
350.0,8783
350.0,9216
350.1,10304
350.1,10703
350.1,11258
350.1,11283
350.1,11326
350.1,11891
350.1,12712
350.1,12983
350.1,13080
350.1,13793
350.1,23531
350.15,10021
350.15,10340
350.15,10901
350.15,12852
350.15,13267
350.15,14656
350.15,18098
350.15,25374
350.15,254694
350.15,26377
350.15,7432
350.15,7629
350.15,78154
350.15,8695
350.15,9873
350.1,8059
350.1,8115
350.1,8235
350.1,8672
350.1,8945
350.1,9021
350.1,9601
350.1,9607
350.2,10378
350.2,11182
350.2,12162
350.2,13061
350.2,13493
350.2,14827
350.2,17105
350.2,22929
350.2,44981
350.25,14832
350.25,20406
350.25,32906
350.25,45709
350.25,45913
350.25,67216
350.25,7852
350.25,8262
350.25,8542
350.25,9685
350.2,64973
350.2,7790
350.2,9875
350.3,12897
350.35,10413
350.35,11623
350.35,17180
350.35,22030
350.35,9390
350.4,10449
350.4,12903
350.4,14122
350.4,22377
350.45,12376
350.45,13163
350.45,14291
350.45,14302
350.45,15841
350.45,52116
350.45,76569
350.5,10171
350.5,10853
350.5,12711
350.5,12737
350.5,12986
350.5,14143
350.5,14801
350.5,15603
350.5,16752
350.5,19091
350.5,19618
350.5,30353
350.55,10448
350.55,10745
350.55,11103
350.55,11303
350.55,11496
350.55,12362
350.55,13080
350.55,13897
350.55,14873
350.55,15723
350.55,16508
350.55,16796
350.55,19175
350.55,19742
350.55,21228
350.55,22580
350.55,7776
350.55,8401
350.55,9149
350.55,9208
350.5,7218
350.6,11023
350.6,11702
350.6,12175
350.6,12609
350.6,12741
350.6,13366
350.6,14215
350.6,25110
350.6,34378
350.65,10483
350.65,10598
350.65,10783
350.65,10867
350.65,11705
350.65,12528
350.65,13395
350.65,24857
350.65,5503
350.6,57695
350.7,10076
350.7,11218
350.7,12763
350.7,13854
350.7,14127
350.7,18932
350.75,10038
350.75,12874
350.75,13568
350.75,15452
350.75,74780
350.75,7837
350.7,7374
350.7,8146
350.8,12598
350.8,16195
350.8,24320
350.85,22125
350.85,32870
350.9,10889
350.9,16197
350.95,19240
350.95,30230
350.95,31922
350.95,9928
350.9,77298
351.0,112048
351.0,12152
351.0,15298
351.0,33313
351.05,13419
351.0,51363
351.05,14421
351.05,14511
351.05,15165
351.05,153269
351.05,16194
351.05,16664
351.05,17355
351.05,18595
351.05,20056
351.05,20924
351.05,21716
351.05,25449
351.05,27212
351.05,29380
351.05,39917
351.05,46418
351.05,62177
351.05,9722
351.0,90273
351.0,92732
351.0,9334
351.1,12232
351.1,13253
351.1,30478
351.1,45599
351.15,10933
351.15,13821
351.15,14611
351.15,164431
351.15,16890
351.15,23932
351.15,25005
351.15,34832
351.15,45995
351.15,47171
351.1,57151
351.15,93231
351.1,79562
351.1,9407
351.2,11247
351.2,12636
351.2,13117
351.2,20022
351.2,25804
351.2,36750
351.25,11346
351.25,13771
351.25,17241
351.25,35766
351.25,43043
351.25,68673
351.25,9542
351.2,9690
351.3,10017
351.3,13833
351.3,15015
351.3,16565
351.3,23005
351.3,34566
351.35,14514
351.35,29143
351.35,395214
351.35,42504
351.35,51711
351.35,54071
351.35,8939
351.35,9192
351.3,63060
351.3,8464
351.4,24999
351.45,12124
351.45,15204
351.45,23620
351.45,24029
351.45,9291
351.5,14751
351.5,207525
351.5,25539
351.5,33756
351.5,4476
351.55,15974
351.55,16307
351.55,31647
351.55,7174
351.55,8681
351.5,8285
351.6,21265
351.6,22841
351.6,42143
351.65,11698
351.65,12094
351.65,15073
351.65,15603
351.65,21170
351.65,27634
351.6,6703
351.7,21783
351.75,48843
351.75,60620
351.7,59256
351.85,27578
351.85,50870
351.8,97366
352.0,147732
352.0,355677
352.0,38918
352.0,45743
352.05,19223
352.0,52740
352.05,33055
352.05,38482
352.05,41733
352.05,59997
352.0,56348
352.05,69511
352.0,60496
352.0,64893
352.0,68553
352.0,70287
352.0,71601
352.0,78363
352.0,81264
352.0,87513
352.0,88680
352.0,90793
352.1,117065
352.1,12592
352.1,31702
352.1,44050
352.15,36899
352.15,39652
352.15,76623
352.2,14842
352.25,43731
352.2,59897
352.2,86057
352.3,10523
352.3,13433
352.3,14153
352.3,21738
352.3,26922
352.3,34754
352.3,48908
352.35,38582
352.3,74925
352.3,9479
352.4,16907
352.4,17179
352.4,20603
352.45,23868
352.4,52817
352.45,7497
352.5,11513
352.5,13252
352.55,136455
352.55,15734
352.55,259515
352.5,8588
352.6,15788
352.6,18658
352.6,18924
352.6,25333
352.6,40015
352.65,30768
352.65,55648
352.65,77806
352.7,12872
352.7,16261
352.7,24974
352.7,35964
352.75,10930
352.75,18071
352.75,18483
352.75,30210
352.75,4574
352.8,10440
352.8,10816
352.8,11514
352.8,11563
352.8,19298
352.8,35732
352.85,3525
352.85,363001
352.85,38142
352.85,42262
352.8,6160
352.8,9200
352.9,21903
352.9,26142
352.9,4007
352.9,46238
352.95,41230
352.95,7128
352.9,8386
353.0,21104
353.05,6737
353.05,9227
353.0,8631
353.1,41436
353.15,26394
353.1,54453
353.15,4633
353.15,59206
353.25,12403
353.25,31767
353.25,7193
353.25,9797
353.3,4311
353.35,13293
353.35,32093
353.3,53464
353.35,40210
353.4,12976
353.4,17916
353.4,29677
353.4,34505
353.4,5138
353.45,57212
353.5,5365
353.55,38565
353.6,14367
353.65,155137
353.65,162204
353.65,24630
353.65,25952
353.6,60669
353.6,68231
353.7,14868
353.7,20500
353.7,33601
353.7,33763
353.7,34045
353.7,41236
353.7,49343
353.7,76862
353.8,21976
353.8,43385
353.85,74707
353.85,9399
353.9,144596
353.9,43355
353.95,24969
353.9,73675
354.1,101540
354.1,21987
354.1,25952
354.1,26084
354.1,27568
354.15,37661
354.15,39205
354.15,44854
354.2,28677
354.2,54690
354.25,51691
354.25,60087
354.3,12197
354.3,20697
354.3,23493
354.3,4480
354.35,13172
354.35,5507
354.3,6440
354.3,7435
354.4,17347
354.4,18128
354.4,23247
354.45,11525
354.4,5473
354.4,57897
354.4,8548
354.4,9146
354.55,26625
354.5,6194
354.6,100243
354.6,21110
354.6,26108
354.6,28553
354.6,42147
354.6,6917
354.7,10075
354.7,12914
354.75,61975
354.8,14644
354.85,15437
354.85,16551
354.85,38174
354.8,6947
354.9,11148
354.9,15673
354.95,19308
354.95,25931
354.95,7432
354.95,8722
354.9,60710
354.9,6585
354.9,7709
355.0,10979
355.0,11030
355.0,12023
355.0,15653
355.0,16357
355.0,17592
355.0,20034
355.0,20687
355.0,21201
355.0,23091
355.0,2310
355.0,24066
355.0,25064
355.0,27345
355.0,4758
355.05,14351
355.05,15150
355.05,15693
355.05,16968
355.05,17631
355.05,17738
355.05,18572
355.05,19038
355.05,20637
355.05,21005
355.05,21551
355.05,2324
355.05,27804
355.05,39977
355.05,4470
355.05,4666
355.0,55248
355.05,6190
355.05,7217
355.05,7427
355.05,7439
355.05,7954
355.05,8507
355.0,5869
355.05,9354
355.0,5980
355.0,6215
355.0,7139
355.0,73247
355.0,74888
355.0,8103
355.0,8296
355.0,8744
355.0,9033
355.0,99217
355.0,9946
355.1,10231
355.1,11660
355.1,13450
355.1,13573
355.1,16840
355.1,20917
355.1,28152
355.1,3526
355.15,14689
355.15,15899
355.15,17935
355.15,184990
355.15,21439
355.15,22133
355.15,23609
355.15,25541
355.15,2789
355.15,34691
355.15,6092
355.15,62882
355.15,64148
355.15,6838
355.15,7660
355.15,8647
355.15,8770
355.1,7865
355.1,86206
355.2,19579
355.2,22014
355.2,4510
355.25,13578
355.25,14087
355.25,19497
355.25,19979
355.25,24960
355.25,3639
355.25,4584
355.2,5847
355.2,6863
355.2,6964
355.2,7118
355.2,8812
355.3,11492
355.3,15274
355.3,20339
355.3,43851
355.35,42850
355.3,70136
355.3,7587
355.3,8373
355.4,10834
355.4,12444
355.4,14566
355.45,10925
355.45,14791
355.45,15865
355.45,22052
355.45,30890
355.45,32712
355.45,39353
355.45,6268
355.45,7412
355.4,8912
355.5,11389
355.5,14128
355.5,20283
355.5,22078
355.5,2910
355.55,16223
355.55,17098
355.55,33706
355.55,41122
355.55,49545
355.55,75626
355.5,89747
355.6,10407
355.6,11547
355.6,13221
355.6,13679
355.6,16402
355.6,17723
355.6,19574
355.6,24821
355.6,26166
355.65,10831
355.65,11035
355.65,14667
355.65,15290
355.65,16117
355.65,3059
355.65,33924
355.7,14329
355.7,15808
355.7,17211
355.7,36784
355.75,12538
355.75,13934
355.75,15233
355.75,22840
355.75,27735
355.75,45873
355.75,4649
355.75,47029
355.75,5583
355.75,63500
355.8,10498
355.8,10954
355.8,12866
355.8,128784
355.8,16683
355.8,18646
355.8,40999
355.8,42790
355.8,4728
355.85,11343
355.85,12846
355.85,13286
355.85,29426
355.85,53504
355.85,54701
355.85,7494
355.85,8615
355.8,8488
355.8,9231
355.8,9579
355.9,13476
355.9,15640
355.9,37978
355.9,40006
355.95,10739
355.95,12445
355.95,13291
355.95,23700
355.9,8436
355.9,8500
356.0,13269
356.0,13589
356.0,14167
356.0,171763
356.0,23061
356.0,2946
356.0,31620
356.0,3725
356.0,4766
356.0,51411
356.05,29507
356.05,43894
356.05,48358
356.05,5820
356.05,6898
356.05,69377
356.05,7659
356.05,7757
356.0,61098
356.0,7165
356.0,96559
356.1,11228
356.1,12015
356.1,14436
356.1,16558
356.1,18457
356.1,22592
356.1,23351
356.1,24528
356.1,2476
356.1,26850
356.1,39186
356.1,4478
356.1,45011
356.1,46811
356.15,10342
356.15,10769
356.15,12780
356.15,14278
356.15,15074
356.1,5232
356.15,24010
356.1,5382
356.15,4250
356.15,4265
356.15,44160
356.15,5234
356.15,5875
356.15,8769
356.15,8902
356.15,9060
356.15,9199
356.1,6609
356.1,9753
356.2,11245
356.2,11467
356.2,19460
356.2,2849
356.2,29965
356.2,31322
356.2,32613
356.2,4293
356.2,4432
356.2,46399
356.2,5034
356.25,10781
356.25,13655
356.25,21001
356.25,22549
356.25,24289
356.25,26417
356.25,3859
356.25,4736
356.25,5150
356.25,5874
356.25,70351
356.25,7880
356.25,8349
356.25,8454
356.25,8577
356.25,9724
356.2,7229
356.2,8619
356.2,8631
356.2,8679
356.2,8881
356.3,10855
356.3,11144
356.3,12167
356.3,14711
356.3,18840
356.3,37337
356.3,47585
356.35,10069
356.35,12556
356.35,15978
356.35,16720
356.35,21810
356.35,29495
356.35,30379
356.35,36783
356.3,5507
356.35,69280
356.35,76667
356.35,8222
356.35,8505
356.35,8815
356.35,88741
356.3,61757
356.3,7544
356.3,80342
356.3,8572
356.3,88382
356.4,10072
356.4,12094
356.4,12950
356.4,13556
356.4,16173
356.4,17838
356.4,20365
356.4,21708
356.4,3421
356.4,36993
356.4,4939
356.4,5073
356.45,10031
356.45,10152
356.45,10173
356.45,10275
356.45,13656
356.45,14336
356.45,18718
356.45,25843
356.45,2682
356.45,29478
356.45,4474
356.45,61667
356.45,7195
356.45,8329
356.4,79243
356.4,8770
356.4,89487
356.4,8980
356.4,9273
356.4,9490
356.5,10231
356.5,11100
356.5,11231
356.5,11721
356.5,13320
356.5,13869
356.5,16686
356.5,18365
356.5,19988
356.5,24331
356.5,25946
356.5,28054
356.5,38085
356.5,40056
356.5,4264
356.5,4611
356.5,49666
356.55,11767
356.55,14510
356.55,15003
356.55,15044
356.55,16106
356.55,18879
356.5,51960
356.55,20949
356.55,22196
356.55,24740
356.55,2852
356.55,38351
356.55,44953
356.55,7803
356.5,5821
356.55,9700
356.55,9995
356.5,6309
356.5,64185
356.5,7289
356.5,8355
356.5,8701
356.5,8937
356.5,90769
356.5,9401
356.5,9431
356.6,10202
356.6,14219
356.6,144126
356.6,14806
356.6,16813
356.6,17760
356.6,18105
356.6,18894
356.6,19671
356.6,41890
356.65,10947
356.65,11907
356.65,12623
356.65,15342
356.65,16172
356.65,16464
356.65,24128
356.65,43822
356.65,46765
356.65,6867
356.65,8772
356.65,9290
356.6,7239
356.6,8505
356.6,85856
356.7,10605
356.7,11147
356.7,12526
356.7,13327
356.7,14306
356.7,14555
356.7,19504
356.7,19816
356.7,21794
356.7,35378
356.7,35486
356.7,44713
356.75,10610
356.75,10695
356.75,11869
356.75,13270
356.75,13837
356.75,14433
356.75,15892
356.75,166974
356.75,16842
356.75,17170
356.75,22500
356.75,23337
356.75,25565
356.75,31419
356.75,32747
356.75,5854
356.75,59892
356.75,6542
356.75,67658
356.75,7975
356.75,9436
356.75,9628
356.7,6615
356.7,7043
356.7,8411
356.7,8527
356.7,8551
356.7,8988
356.7,9712
356.7,9732
356.8,10702
356.8,10731
356.8,114630
356.8,11672
356.8,13116
356.8,13254
356.8,14259
356.8,15381
356.8,16969
356.8,20903
356.8,24961
356.8,26559
356.8,26974
356.8,27217
356.8,32260
356.8,45594
356.8,50294
356.85,10228
356.85,10428
356.85,11284
356.85,11942
356.85,12259
356.85,12436
356.85,12591
356.85,12889
356.85,13899
356.85,154136
356.85,15832
356.85,16341
356.85,17937
356.85,18155
356.85,24336
356.85,25124
356.85,25452
356.85,26010
356.85,28765
356.85,31636
356.85,34455
356.85,39003
356.85,44497
356.85,5550
356.85,6617
356.85,69486
356.85,69678
356.85,7837
356.85,8308
356.85,8931
356.85,9195
356.8,61802
356.8,717692
356.8,7448
356.8,7650
356.8,8039
356.8,8128
356.8,8631
356.8,8869
356.8,9022
356.8,9104
356.9,10388
356.9,10477
356.9,11861
356.9,12864
356.9,13596
356.9,14662
356.9,15758
356.9,20704
356.9,21206
356.9,22253
356.9,34801
356.9,35542
356.9,40003
356.95,11331
356.95,11923
356.95,11937
356.95,12183
356.95,12930
356.95,13946
356.95,15148
356.95,15932
356.95,16392
356.95,17564
356.95,17763
356.95,21635
356.95,22214
356.95,22654
356.95,26390
356.95,41065
356.95,42330
356.95,6551
356.95,7124
356.95,7147
356.95,7287
356.95,7571
356.95,8191
356.95,8569
356.95,8882
356.95,9186
356.95,9224
356.95,9767
356.9,6535
356.9,6939
356.9,7327
356.9,8108
356.9,8338
356.9,8379
356.9,8525
356.9,8682
356.9,8800
356.9,8957
356.9,9019
356.9,9589
356.9,98694
356.9,9936
357.0,103236
357.0,11038
357.0,11175
357.0,11414
357.0,115271
357.0,11968
357.0,12136
357.0,12284
357.0,13168
357.0,14269
357.0,16247
357.0,16358
357.0,166138
357.0,17004
357.0,20568
357.0,210772
357.0,21256
357.0,21735
357.0,22910
357.0,23360
357.0,23434
357.0,23510
357.0,23826
357.0,25395
357.0,25651
357.0,27743
357.0,29740
357.0,36241
357.0,41840
357.0,46734
357.0,47919
357.05,10282
357.05,10629
357.05,11953
357.05,12119
357.05,12452
357.05,15785
357.05,17018
357.05,17125
357.05,17537
357.05,18359
357.05,21000
357.05,27600
357.05,4909
357.05,4988
357.0,5597
357.05,61694
357.05,6674
357.05,74892
357.05,8699
357.0,63525
357.0,6637
357.0,68415
357.0,7002
357.0,7292
357.0,7612
357.0,7992
357.0,8025
357.0,8218
357.0,87890
357.0,8928
357.0,9549
357.1,10645
357.1,10671
357.1,11711
357.1,14571
357.1,17674
357.1,24725
357.1,25484
357.1,26652
357.1,5117
357.15,11816
357.15,13228
357.15,14523
357.15,17886
357.15,19496
357.15,28444
357.15,31814
357.15,40597
357.15,44229
357.15,59843
357.15,7651
357.15,9008
357.1,7255
357.1,7636
357.1,9547
357.2,12147
357.2,13344
357.2,13999
357.2,14783
357.2,17129
357.2,17834
357.2,18132
357.2,20356
357.2,21804
357.2,25566
357.2,27451
357.2,27790
357.2,29260
357.2,33033
357.2,42776
357.2,43536
357.25,11027
357.25,11592
357.25,12092
357.25,12420
357.25,127756
357.25,14348
357.25,14854
357.25,17807
357.25,20812
357.25,21797
357.25,23728
357.25,29931
357.25,29932
357.25,40953
357.25,42581
357.25,7925
357.2,59346
357.25,9413
357.25,9418
357.2,8833
357.3,11025
357.3,12888
357.3,16446
357.3,17738
357.3,18678
357.3,22149
357.3,26945
357.35,101850
357.35,11747
357.35,11859
357.35,12260
357.35,14784
357.35,15170
357.35,16038
357.35,16619
357.35,17971
357.35,20098
357.35,22249
357.35,23343
357.35,27552
357.35,35419
357.35,49629
357.35,7398
357.35,7733
357.35,7855
357.35,8179
357.3,59900
357.3,6237
357.3,70760
357.3,7485
357.3,8318
357.4,10166
357.4,10376
357.4,11333
357.4,13892
357.4,13971
357.4,15863
357.4,16061
357.4,18259
357.4,19070
357.4,21581
357.4,28839
357.4,30517
357.4,39563
357.4,43670
357.4,46769
357.45,10353
357.45,10446
357.45,12935
357.45,14528
357.45,150763
357.45,15303
357.45,18344
357.45,19406
357.45,19974
357.45,24622
357.45,56334
357.45,70681
357.45,7970
357.45,9425
357.4,59997
357.4,7769
357.4,7996
357.4,8715
357.4,9839
357.5,10080
357.5,10499
357.5,11037
357.5,14110
357.5,15456
357.5,21925
357.5,24274
357.5,27860
357.5,36209
357.5,4844
357.55,10618
357.55,11677
357.55,21745
357.55,39175
357.55,40783
357.55,4772
357.5,54799
357.55,6134
357.55,8068
357.55,8119
357.5,6264
357.5,7091
357.5,8229
357.5,9252
357.6,10902
357.6,10936
357.6,15955
357.6,16661
357.6,17084
357.6,17188
357.6,29227
357.65,12587
357.65,17759
357.65,19563
357.65,5076
357.65,5959
357.65,8467
357.65,8858
357.6,6144
357.6,6906
357.6,7024
357.6,8445
357.7,12213
357.7,13830
357.7,15218
357.7,16211
357.7,23459
357.7,30930
357.75,10734
357.75,10930
357.75,14751
357.75,15084
357.75,17873
357.75,18169
357.75,22207
357.75,49265
357.75,5604
357.75,67823
357.75,7326
357.7,7039
357.7,7051
357.7,9145
357.8,14999
357.8,16351
357.8,17903
357.8,18148
357.8,19687
357.8,19896
357.8,29899
357.8,44418
357.85,111584
357.85,11560
357.85,136896
357.85,15497
357.85,15524
357.85,17472
357.85,17646
357.85,20865
357.85,26768
357.8,53145
357.85,39602
357.85,554509
357.85,6988
357.8,5801
357.85,8343
357.85,8427
357.85,9323
357.85,9692
357.8,6845
357.9,10068
357.9,10428
357.9,10709
357.9,11179
357.9,11332
357.9,11368
357.9,11886
357.9,12096
357.9,13230
357.9,14972
357.9,19244
357.9,24517
357.9,30332
357.9,45992
357.95,10279
357.95,13803
357.95,17858
357.95,20670
357.95,21565
357.95,21923
357.95,23683
357.95,24425
357.95,26088
357.95,38527
357.95,40362
357.95,6836
357.95,7648
357.9,5790
357.95,8446
357.95,8878
357.95,9890
357.9,65960
357.9,82942
358.0,10315
358.0,10452
358.0,10876
358.0,11444
358.0,11896
358.0,12224
358.0,13803
358.0,14113
358.0,14904
358.0,15354
358.0,15479
358.0,16661
358.0,16767
358.0,20051
358.0,23044
358.0,24764
358.0,24825
358.0,25021
358.0,26747
358.0,2722
358.0,27296
358.0,276209
358.0,3275
358.0,33936
358.0,38746
358.0,39559
358.0,39852
358.0,42791
358.0,4492
358.0,4994
358.05,10009
358.05,10175
358.05,10576
358.05,10678
358.05,10783
358.05,11163
358.05,11424
358.05,12300
358.05,12342
358.05,12621
358.05,12964
358.05,13812
358.05,14810
358.05,16705
358.05,17061
358.05,17915
358.05,18602
358.05,18832
358.05,19211
358.05,20186
358.05,21088
358.05,22137
358.05,23616
358.05,23629
358.0,52407
358.05,25572
358.05,29628
358.05,34051
358.05,34719
358.05,3647
358.05,38586
358.05,38883
358.0,54123
358.05,4144
358.05,43742
358.05,4499
358.0,54559
358.0,5521
358.05,5558
358.05,5907
358.0,55946
358.05,5987
358.05,6228
358.05,6286
358.05,6982
358.05,7467
358.05,8092
358.05,8214
358.05,8239
358.05,8477
358.05,8496
358.05,8907
358.05,9000
358.05,9153
358.05,9548
358.05,9867
358.05,9926
358.0,6098
358.0,6672
358.0,6888
358.0,7000
358.0,7046
358.0,7540
358.0,7948
358.0,8591
358.0,8712
358.0,89619
358.0,9379
358.0,9389
358.0,9491
358.1,106783
358.1,11686
358.1,11729
358.1,14951
358.1,14998
358.1,15990
358.1,17621
358.1,21490
358.1,21909
358.1,22796
358.1,22808
358.1,29888
358.1,39821
358.1,40662
358.1,41732
358.1,4372
358.15,10001
358.15,10174
358.15,11157
358.15,11282
358.1,5120
358.15,13039
358.15,21764
358.15,24128
358.15,26366
358.15,28928
358.1,5294
358.15,3081
358.15,31445
358.15,34023
358.15,35599
358.15,46969
358.15,4909
358.15,5292
358.15,54320
358.15,5526
358.15,7091
358.15,71853
358.1,5720
358.15,7265
358.15,74297
358.15,7921
358.15,9056
358.15,9546
358.1,7567
358.1,8227
358.1,8284
358.1,8666
358.2,10052
358.2,116819
358.2,12139
358.2,12603
358.2,13111
358.2,13236
358.2,13300
358.2,13371
358.2,14647
358.2,19128
358.2,22089
358.2,31834
358.2,33602
358.25,10356
358.25,14840
358.25,15162
358.25,17364
358.25,17400
358.2,5181
358.25,18930
358.25,20078
358.25,22401
358.25,22612
358.25,27439
358.25,28315
358.25,28504
358.25,30904
358.25,3836
358.25,3921
358.25,4094
358.25,42574
358.25,4806
358.25,4834
358.2,5601
358.25,7745
358.25,79640
358.25,8475
358.2,59807
358.2,6367
358.2,7350
358.2,8085
358.2,9558
358.2,9649
358.3,10475
358.3,11528
358.3,12856
358.3,14149
358.3,15069
358.3,16286
358.3,18342
358.3,21236
358.3,23323
358.3,4178
358.3,44920
358.3,4983
358.35,104242
358.35,10534
358.35,12478
358.35,12594
358.35,15637
358.35,15930
358.35,17231
358.35,17937
358.35,20341
358.35,20657
358.35,21786
358.35,3308
358.35,35966
358.35,4145
358.35,4502
358.35,5358
358.35,67395
358.35,7648
358.35,8406
358.35,9198
358.35,9482
358.3,6402
358.3,7059
358.3,9438
358.4,10016
358.4,10762
358.4,10927
358.4,11286
358.4,11396
358.4,14590
358.4,15293
358.4,155209
358.4,155901
358.4,16232
358.4,17767
358.4,18083
358.4,18727
358.4,19639
358.4,20180
358.4,20495
358.4,22178
358.4,22590
358.4,31424
358.4,44208
358.4,4901
358.45,10329
358.45,11942
358.45,12432
358.45,132944
358.45,13409
358.45,13791
358.45,14314
358.45,16605
358.45,17083
358.45,18166
358.45,24392
358.45,27901
358.45,3637
358.45,5495
358.45,57175
358.45,60807
358.4,56469
358.45,6471
358.45,74117
358.45,7964
358.45,8392
358.45,90477
358.45,9637
358.4,6183
358.4,7262
358.4,7430
358.4,7806
358.4,8346
358.4,8890
358.4,8949
358.5,10342
358.5,12152
358.5,13150
358.5,13773
358.5,14378
358.5,14513
358.5,15373
358.5,19270
358.5,40941
358.5,49234
358.55,10058
358.5,51044
358.55,10541
358.55,16097
358.55,16143
358.55,17608
358.55,20219
358.55,26410
358.55,41738
358.55,45347
358.5,55012
358.55,51351
358.55,5506
358.55,80744
358.55,8736
358.55,9247
358.55,9420
358.6,12331
358.6,13651
358.6,137629
358.6,20254
358.6,24638
358.6,29024
358.6,35084
358.6,45288
358.65,10776
358.65,10949
358.65,11275
358.65,11303
358.65,11678
358.65,12257
358.65,13318
358.65,15817
358.65,16328
358.65,2094
358.65,20957
358.65,23038
358.65,27459
358.65,31474
358.65,36787
358.65,4590
358.65,61749
358.65,7564
358.65,8611
358.65,8669
358.65,9268
358.6,6778
358.6,7568
358.6,7620
358.6,8405
358.6,92410
358.7,10412
358.7,10480
358.7,10502
358.7,10535
358.7,10883
358.7,11019
358.7,11284
358.7,11629
358.7,13921
358.7,16590
358.7,19055
358.7,19803
358.7,20229
358.7,21797
358.7,31534
358.7,50733
358.75,10130
358.75,11091
358.75,11172
358.75,11297
358.75,11555
358.75,11957
358.75,12350
358.75,14196
358.75,14571
358.75,14966
358.75,228060
358.75,26889
358.75,4581
358.75,5309
358.75,60586
358.75,8275
358.75,8901
358.75,9804
358.75,9814
358.7,72038
358.7,7448
358.7,8262
358.7,8285
358.8,100605
358.8,10225
358.8,11658
358.8,12517
358.8,13522
358.8,18238
358.8,21990
358.8,32396
358.8,34214
358.85,10491
358.85,10526
358.85,11023
358.85,11769
358.85,11828
358.85,12069
358.85,12690
358.85,13255
358.85,13846
358.85,16267
358.85,17916
358.85,19165
358.85,3812
358.85,43263
358.85,46481
358.85,50691
358.85,60348
358.85,6767
358.85,8226
358.85,8813
358.85,9103
358.85,9392
358.85,9626
358.8,6149
358.8,6703
358.8,7812
358.8,8091
358.8,8373
358.9,10066
358.9,10470
358.9,10510
358.9,10558
358.9,10740
358.9,11002
358.9,11780
358.9,11958
358.9,12404
358.9,12498
358.9,13126
358.9,16711
358.9,183457
358.9,18760
358.9,18877
358.9,19520
358.9,20341
358.9,4406
358.9,48903
358.95,10146
358.95,10380
358.95,10510
358.95,10772
358.95,10794
358.95,11654
358.95,12731
358.95,13070
358.95,13401
358.95,15196
358.95,15685
358.95,16512
358.95,16827
358.95,18038
358.95,18084
358.95,23818
358.95,26329
358.95,26359
358.95,314074
358.95,38035
358.95,5917
358.95,7728
358.95,7739
358.95,7872
358.95,80690
358.95,8276
358.95,8347
358.95,8615
358.95,8999
358.95,9060
358.95,9155
358.95,9317
358.95,9716
358.9,7960
358.9,7972
358.9,8106
358.9,8589
358.9,9389
359.0,10111
359.0,10256
359.0,10345
359.0,10659
359.0,10724
359.0,11313
359.0,11643
359.0,11741
359.0,11869
359.0,12296
359.0,12810
359.0,13340
359.0,13893
359.0,14731
359.0,14833
359.0,16302
359.0,16726
359.0,16817
359.0,17855
359.0,18426
359.0,18565
359.0,18624
359.0,19656
359.0,21170
359.0,21681
359.0,23600
359.0,23680
359.0,24451
359.0,24936
359.0,3519
359.0,40540
359.0,4172
359.0,4337
359.0,46766
359.0,4815
359.0,4841
359.0,48987
359.05,12709
359.05,14209
359.0,5144
359.05,15006
359.05,15364
359.05,15775
359.05,15832
359.05,16700
359.05,20372
359.05,29429
359.0,5344
359.05,34974
359.0,53540
359.05,41397
359.0,5440
359.05,4655
359.05,5992
359.05,6520
359.05,7674
359.05,7787
359.05,8115
359.0,5818
359.0,58614
359.0,5864
359.05,8867
359.05,9107
359.0,64447
359.0,6919
359.0,7139
359.0,7417
359.0,7792
359.0,8310
359.0,8354
359.0,8733
359.0,8761
359.0,8781
359.0,8881
359.0,9251
359.0,9284
359.0,9396
359.0,9398
359.0,9566
359.0,9671
359.0,9678
359.0,9849
359.1,10414
359.1,11381
359.1,11765
359.1,14454
359.1,22989
359.1,23518
359.1,3914
359.1,4494
359.15,109315
359.15,14547
359.15,17511
359.15,19273
359.15,20924
359.15,25886
359.15,27438
359.15,32661
359.15,4725
359.15,48250
359.15,51192
359.15,5263
359.15,5591
359.1,5777
359.15,9052
359.15,9276
359.1,6389
359.1,7346
359.1,8637
359.1,9005
359.2,10034
359.2,103270
359.2,106125
359.2,10948
359.2,13328
359.2,15041
359.2,25175
359.2,34763
359.2,3861
359.2,4009
359.2,4265
359.25,11231
359.25,13191
359.25,13260
359.25,13412
359.25,16110
359.25,17567
359.25,25729
359.25,28697
359.25,28713
359.25,30625
359.25,31972
359.2,5355
359.2,54510
359.25,51878
359.25,6457
359.25,7605
359.2,84851
359.3,10146
359.3,11074
359.3,116335
359.3,12572
359.3,13028
359.3,17203
359.3,19505
359.3,20804
359.3,22650
359.3,23540
359.3,24110
359.3,24796
359.3,3005
359.3,3489
359.3,5079
359.35,10506
359.35,12262
359.35,17550
359.35,18274
359.35,26270
359.35,27341
359.35,5280
359.35,5872
359.35,6024
359.35,62377
359.35,7553
359.35,7705
359.3,5793
359.3,73805
359.3,8356
359.3,8606
359.3,90210
359.3,9794
359.3,9859
359.4,10626
359.4,10842
359.4,127537
359.4,15125
359.4,15335
359.4,2133
359.4,24017
359.4,3090
359.4,31287
359.4,3482
359.4,38722
359.4,4266
359.4,4390
359.4,4790
359.45,11051
359.45,11162
359.45,12803
359.45,12944
359.45,13017
359.45,14081
359.45,14588
359.45,17158
359.45,22565
359.45,23102
359.45,24245
359.4,5274
359.45,27508
359.45,42089
359.45,46017
359.45,46022
359.45,5839
359.4,76159
359.4,7676
359.4,8822
359.4,9416
359.4,9827
359.5,13654
359.5,14512
359.5,156830
359.5,26351
359.55,11189
359.55,12890
359.55,13726
359.55,14673
359.55,16574
359.55,19696
359.55,21536
359.55,24037
359.55,34209
359.55,3928
359.55,5405
359.55,54353
359.55,55489
359.55,5603
359.55,5920
359.55,6028
359.55,6537
359.5,5724
359.55,8221
359.55,8719
359.5,59809
359.5,79726
359.5,8986
359.5,9373
359.6,12077
359.6,12115
359.6,12465
359.6,12885
359.6,14486
359.6,14888
359.6,15050
359.6,15821
359.6,15883
359.6,19603
359.6,21694
359.6,23522
359.6,46102
359.65,10253
359.65,102544
359.65,10521
359.65,12410
359.65,12813
359.65,14187
359.65,15069
359.65,16673
359.65,16733
359.65,17374
359.65,18182
359.65,19697
359.65,20724
359.65,38229
359.65,42128
359.65,7247
359.65,9021
359.6,6098
359.6,9095
359.6,9754
359.7,13388
359.7,13478
359.7,13909
359.7,14698
359.7,17326
359.7,17651
359.7,18393
359.7,32066
359.7,36598
359.7,3750
359.75,107820
359.75,11594
359.75,12006
359.75,12217
359.75,12729
359.75,14452
359.75,16669
359.75,22491
359.75,23433
359.75,26282
359.75,28609
359.75,48700
359.75,5257
359.75,7869
359.75,83357
359.75,8791
359.7,6658
359.7,67226
359.7,8625
359.8,10180
359.8,10830
359.8,12304
359.8,147182
359.8,16789
359.8,17941
359.8,18112
359.8,19030
359.8,23885
359.8,29320
359.8,32405
359.8,38420
359.8,44027
359.85,10460
359.85,14976
359.8,5159
359.85,17289
359.85,17447
359.85,17564
359.85,18325
359.85,26588
359.85,33811
359.85,3847
359.85,3917
359.85,4291
359.85,4816
359.8,8347
359.8,8399
359.8,8462
359.8,93641
359.9,10499
359.9,11717
359.9,11806
359.9,12306
359.9,125351
359.9,12734
359.9,14042
359.9,14127
359.9,16327
359.9,16587
359.95,10614
359.95,17659
359.95,38107
359.95,54714
359.95,55588
359.95,66485
359.95,7345
359.95,9852
359.9,60922
359.9,8120
359.9,9152
359.9,9601
360.0,10094
360.0,10159
360.0,10447
360.0,10837
360.0,13503
360.0,13613
360.0,13697
360.0,14060
360.0,14071
360.0,14415
360.0,14884
360.0,16499
360.0,16782
360.0,18079
360.0,18618
360.0,20033
360.0,20231
360.0,22136
360.0,22987
360.0,23244
360.0,24029
360.0,25116
360.0,27138
360.0,27298
360.0,28803
360.0,29522
360.0,29708
360.0,31093
360.0,31329
360.0,32489
360.0,35981
360.0,36206
360.0,37786
360.0,38420
360.0,40317
360.0,41424
360.0,49413
360.05,10424
360.05,11369
360.05,11421
360.05,11465
360.05,115359
360.05,11684
360.05,11838
360.05,12929
360.05,13111
360.05,13402
360.05,13446
360.05,13533
360.05,13566
360.05,14474
360.05,14527
360.05,15113
360.05,15142
360.05,15326
360.05,15554
360.05,15813
360.0,5159
360.05,16675
360.05,16961
360.05,17773
360.05,17972
360.05,18246
360.0,5184
360.05,20649
360.05,20964
360.05,21066
360.05,21259
360.05,21599
360.05,21946
360.05,22936
360.05,25545
360.05,2603
360.05,26380
360.05,26489
360.05,29501
360.05,30646
360.05,31271
360.05,37122
360.05,38648
360.05,40796
360.05,44867
360.05,47976
360.05,48887
360.05,53023
360.05,5324
360.05,54409
360.05,59919
360.05,63231
360.05,6531
360.05,68813
360.05,71223
360.05,7406
360.0,5783
360.05,8194
360.05,8698
360.05,8978
360.05,9393
360.05,9531
360.05,9895
360.0,59979
360.0,6450
360.0,7309
360.0,7382
360.0,75149
360.0,8157
360.0,83497
360.0,83712
360.0,8537
360.0,8903
360.0,9117
360.0,9459
360.0,9718
360.1,10623
360.1,11369
360.1,11878
360.1,12976
360.1,13461
360.1,13874
360.1,147775
360.1,15110
360.1,19512
360.1,22022
360.1,40864
360.1,45757
360.15,10549
360.15,10594
360.15,11364
360.15,11832
360.15,12367
360.15,23666
360.15,27473
360.1,53419
360.15,36701
360.15,49683
360.15,51359
360.15,54319
360.15,63879
360.15,7315
360.15,76162
360.15,8013
360.15,82803
360.15,8286
360.15,90327
360.15,9221
360.15,9676
360.1,62532
360.1,6858
360.1,6861
360.1,72915
360.1,95894
360.1,9998
360.2,10808
360.2,15059
360.2,15588
360.2,15893
360.2,17435
360.2,23943
360.2,24555
360.2,29043
360.2,30202
360.2,30689
360.2,39563
360.25,12921
360.25,17420
360.25,29845
360.25,38725
360.25,40191
360.25,48433
360.25,50766
360.25,53984
360.2,55794
360.25,63423
360.25,64604
360.25,8767
360.25,9244
360.2,8338
360.2,8353
360.2,8597
360.2,9512
360.3,10448
360.3,10879
360.3,16107
360.3,17857
360.3,27021
360.3,39212
360.3,49763
360.35,11079
360.35,13458
360.35,17935
360.35,21152
360.35,24663
360.35,38499
360.35,52026
360.35,52411
360.35,55651
360.35,7291
360.35,82903
360.3,69745
360.4,11429
360.4,15344
360.45,143199
360.45,20209
360.45,28725
360.4,5345
360.45,53310
360.45,7945
360.45,8763
360.45,9967
360.4,60256
360.5,10394
360.5,10717
360.5,11767
360.5,13501
360.5,14657
360.5,17494
360.5,25346
360.5,45181
360.5,4673
360.55,14653
360.5,51490
360.55,5186
360.55,52070
360.55,5392
360.55,6051
360.55,6114
360.55,7237
360.5,57392
360.5,7305
360.5,8088
360.6,10253
360.6,11336
360.6,26359
360.6,37052
360.6,40465
360.6,49685
360.65,15534
360.65,92945
360.6,8700
360.7,10539
360.7,11480
360.7,38171
360.7,50770
360.75,10742
360.75,15033
360.75,170666
360.75,19546
360.75,20601
360.75,42200
360.7,56452
360.7,61843
360.7,65306
360.7,6716
360.8,16742
360.8,18029
360.8,31678
360.85,22450
360.85,23084
360.85,23623
360.85,26929
360.8,9664
360.8,9915
360.9,15180
360.9,18306
360.9,22215
360.9,25255
360.9,31050
360.9,33541
360.9,50854
360.95,114979
360.95,19946
360.95,20518
360.95,32368
360.95,35738
361.0,10734
361.0,10780
361.0,10904
361.0,11020
361.0,11749
361.0,12402
361.0,14306
361.0,14444
361.0,14572
361.0,14868
361.0,15015
361.0,15139
361.0,15659
361.0,16049
361.0,16318
361.0,16390
361.0,16662
361.0,17215
361.0,187883
361.0,21777
361.0,21834
361.0,22203
361.0,28537
361.0,32226
361.0,35495
361.0,36625
361.0,37099
361.0,43384
361.05,12600
361.05,26238
361.05,26886
361.05,35379
361.0,53733
361.0,5529
361.0,6207
361.0,6768
361.0,69173
361.0,69690
361.0,70998
361.0,71503
361.0,72109
361.0,8154
361.0,8233
361.0,8413
361.0,8907
361.0,92297
361.0,9659
361.1,10097
361.1,10304
361.1,11051
361.1,11072
361.1,11803
361.1,11964
361.1,12112
361.1,12961
361.1,13509
361.1,13985
361.1,140179
361.1,14022
361.1,20634
361.1,21338
361.1,23782
361.1,4756
361.15,10073
361.15,10110
361.15,10228
361.15,10509
361.15,10577
361.15,10758
361.15,10762
361.15,10940
361.15,10981
361.15,11065
361.15,11126
361.15,11228
361.15,11613
361.15,11986
361.15,12037
361.15,12337
361.15,12441
361.15,13153
361.15,14722
361.15,15089
361.15,15762
361.15,15858
361.15,17778
361.15,22191
361.15,241740
361.15,24297
361.15,27729
361.15,27930
361.15,29060
361.15,29358
361.15,30102
361.15,39158
361.15,41927
361.15,43919
361.15,45393
361.15,6943
361.15,7436
361.15,7545
361.15,7835
361.15,8841
361.15,9112
361.15,9407
361.15,9461
361.15,9662
361.15,9771
361.1,6165
361.1,6272
361.1,6940
361.1,7204
361.1,7798
361.1,7814
361.1,8280
361.1,8843
361.1,9031
361.1,97487
361.2,10107
361.2,10160
361.2,11306
361.2,11880
361.2,13669
361.2,14801
361.2,16089
361.2,16267
361.2,19306
361.2,21626
361.2,22350
361.25,10004
361.25,10767
361.25,13478
361.25,19558
361.25,41434
361.25,42072
361.25,5074
361.25,5527
361.25,5671
361.25,6647
361.25,71040
361.25,9142
361.2,6193
361.2,8208
361.2,8581
361.2,8702
361.2,9016
361.2,9727
361.2,9915
361.3,14279
361.3,14517
361.3,29710
361.3,4854
361.35,16910
361.35,17512
361.35,19902
361.35,23982
361.3,5571
361.35,7676
361.3,6453
361.3,6487
361.3,7084
361.3,7140
361.3,8406
361.3,9916
361.4,10928
361.4,15356
361.4,15901
361.4,176610
361.4,19177
361.4,19495
361.45,11095
361.45,269751
361.45,9186
361.4,6317
361.5,21466
361.5,42843
361.5,43665
361.55,3798
361.55,6946
361.6,24055
361.65,34653
361.65,6913
361.6,5751
361.6,8235
361.75,224600
361.75,29445
361.75,39192
361.75,64134
361.7,62258
361.8,18871
361.8,40858
361.85,33816
361.9,100775
361.9,18716
361.9,21557
361.95,308474
361.9,64294
361.9,88794
362.0,168498
362.0,17524
362.0,20773
362.05,28255
362.1,202211
362.1,39482
362.1,51382
362.2,165836
362.2,71286
362.5,34353
362.55,13369
362.6,6405
362.8,33643
362.8,56511
362.95,17007
362.95,75136
362.9,9488
363.15,158836
363.25,64113
363.35,64609
363.5,148528
363.65,154361
363.6,572539
363.7,30416
364.4,108878
364.65,173414
365.3,194197
365.35,133466
365.3,90393
365.4,11989
365.45,23426
365.7,35985
365.75,22996
365.85,39674
366.05,24554
366.1,23351
366.15,116810
366.3,29386
366.3,8088
366.4,10617
366.45,36585
366.45,8103
366.65,21347
366.7,34742
366.7,52653
366.7,8569
366.8,14736
366.8,9177
366.9,13654
366.9,15615
366.95,17575
366.95,25651
366.95,38842
366.9,5871
367.0,17154
367.0,20417
367.0,22525
367.0,30165
367.05,172200
367.0,8783
367.0,9091
367.1,15189
367.25,9627
367.35,54252
367.4,20241
367.55,57270
367.75,30404
367.8,12968
367.8,15727
367.8,74029
367.95,115848
367.9,54120
368.0,11370
368.0,180581
368.05,10414
368.05,16301
368.05,8528
368.1,12923
368.1,16366
368.1,16385
368.1,19987
368.15,10553
368.15,9972
368.1,75478
368.1,9966
368.2,13277
368.2,4453
368.25,11451
368.25,18558
368.25,4031
368.2,79086
368.3,34586
368.3,42387
368.35,13074
368.35,13703
368.35,16050
368.35,4170
368.3,74949
368.4,15218
368.4,19984
368.45,12609
368.45,3831
368.45,4839
368.45,5227
368.45,6795
368.45,9027
368.45,9658
368.4,8030
368.5,10276
368.5,10928
368.5,10942
368.5,12571
368.5,12579
368.5,24665
368.5,27699
368.5,3779
368.5,4335
368.5,4464
368.55,13397
368.55,15179
368.55,35184
368.55,6440
368.5,6471
368.5,8892
368.6,10011
368.6,10970
368.6,16315
368.6,17285
368.6,30060
368.6,3555
368.6,3885
368.6,4427
368.65,11420
368.65,14637
368.65,40217
368.65,41623
368.6,5678
368.6,5899
368.7,11417
368.7,17503
368.7,28332
368.7,46285
368.75,16913
368.75,66113
368.75,7340
368.75,9540
368.7,6575
368.8,16061
368.8,37452
368.8,4653
368.8,48685
368.85,23340
368.85,40370
368.85,5686
368.85,6989
368.9,11154
368.9,21860
368.9,3588
368.9,3999
368.9,4734
368.95,10069
368.9,52006
368.95,5987
368.95,6467
368.9,8567
369.0,18026
369.0,45831
369.05,26652
369.05,27474
369.0,56250
369.0,75653
369.0,7713
369.0,9924
369.1,11424
369.1,11668
369.1,21053
369.1,23755
369.1,26229
369.1,29504
369.1,39114
369.1,4198
369.15,14602
369.15,24758
369.15,27173
369.15,41209
369.15,46377
369.2,20407
369.2,23817
369.2,27333
369.2,30369
369.25,22615
369.25,22831
369.25,23077
369.25,26102
369.3,16956
369.3,23892
369.3,26478
369.3,28094
369.35,15990
369.35,23742
369.35,27739
369.35,38498
369.35,9166
369.3,8674
369.4,34324
369.4,37190
369.45,19287
369.45,21791
369.45,28506
369.45,28952
369.45,35986
369.45,45413
369.45,56021
369.45,6064
369.45,73991
369.5,11277
369.5,17932
369.5,22786
369.5,25567
369.5,28570
369.55,22144
369.55,23909
369.55,29327
369.55,40915
369.55,4159
369.55,5165
369.55,5260
369.55,7940
369.55,99641
369.5,6858
369.6,19965
369.6,35994
369.6,43296
369.65,167381
369.65,34390
369.65,41733
369.65,9865
369.6,7095
369.7,10899
369.7,16180
369.7,22093
369.7,23034
369.7,23484
369.7,26851
369.7,27576
369.7,4222
369.75,5630
369.75,62096
369.7,7108
369.7,9813
369.8,12239
369.8,29016
369.8,36256
369.85,10452
369.85,12419
369.85,16223
369.85,46539
369.85,77008
369.85,81598
369.85,9479
369.8,8215
369.9,13900
369.9,14752
369.9,20913
369.95,4622
370.0,10554
370.0,139264
370.0,21483
370.0,26545
370.0,42127
370.05,11403
370.05,14265
370.05,36501
370.05,45368
370.1,13045
370.1,13880
370.1,28016
370.15,24836
370.15,4040
370.1,70766
370.1,8093
370.2,18998
370.2,24192
370.2,25164
370.2,35215
370.25,10054
370.25,14073
370.3,11159
370.3,13558
370.3,16652
370.3,18986
370.3,46892
370.35,16376
370.35,24651
370.35,34487
370.4,37342
370.45,15966
370.45,41106
370.45,72665
370.45,9947
370.4,7679
370.4,8784
370.5,26856
370.55,14391
370.55,18586
370.5,5204
370.55,6536
370.5,7689
370.5,8659
370.6,30317
370.65,12369
370.65,23256
370.65,5579
370.65,7248
370.65,7966
370.6,67780
370.7,14355
370.7,21006
370.7,23134
370.75,17768
370.7,52442
370.75,37881
370.75,67331
370.75,7291
370.75,9198
370.75,9828
370.75,9855
370.7,7172
370.8,12637
370.8,13187
370.8,14302
370.8,15229
370.8,15482
370.8,21562
370.85,10589
370.85,23517
370.85,40472
370.8,5551
370.85,64518
370.8,5679
370.85,7829
370.85,7890
370.85,8504
370.8,77618
370.8,85874
370.8,9888
370.9,14798
370.9,30838
370.9,33812
370.9,39783
370.95,12124
370.95,20064
370.95,24879
370.95,31513
370.95,33237
370.95,39430
370.95,73421
371.0,12348
371.0,12602
371.0,14780
371.0,150212
371.0,15981
371.0,21396
371.0,21843
371.0,23188
371.0,23466
371.0,25999
371.0,26554
371.0,26786
371.0,28671
371.0,36342
371.0,42299
371.0,42646
371.0,44191
371.0,44368
371.0,48989
371.05,12552
371.05,13522
371.05,14287
371.05,16392
371.05,17216
371.05,20428
371.05,21587
371.05,31829
371.05,33878
371.05,39095
371.05,91583
371.0,6493
371.1,25560
371.1,36832
371.15,11184
371.15,24684
371.15,27043
371.1,53358
371.15,49948
371.15,95237
371.2,10813
371.2,14284
371.2,17048
371.2,19721
371.2,19875
371.2,50746
371.25,12494
371.25,14617
371.25,22323
371.25,25369
371.25,50134
371.25,56396
371.3,23982
371.3,3804
371.3,4265
371.3,46814
371.35,12276
371.35,6532
371.3,6541
371.3,98128
371.4,12078
371.45,11036
371.45,18341
371.45,20388
371.45,28529
371.45,31326
371.4,6398
371.4,7290
371.4,9809
371.5,14005
371.5,14904
371.5,16264
371.5,16342
371.5,17567
371.5,18792
371.5,23498
371.5,38688
371.55,15046
371.55,23218
371.55,61389
371.55,7837
371.5,63588
371.5,65210
371.5,72217
371.6,106124
371.6,20243
371.6,31790
371.6,33747
371.6,35930
371.6,48510
371.65,13325
371.65,14185
371.65,25428
371.65,29282
371.65,37075
371.65,39579
371.7,123477
371.7,16535
371.7,18627
371.7,29158
371.75,10992
371.75,11716
371.75,12692
371.75,63222
371.75,67406
371.75,8264
371.75,91827
371.8,11681
371.8,18389
371.8,22538
371.85,10402
371.85,12755
371.85,15551
371.85,16794
371.85,16976
371.85,1900853
371.85,33453
371.85,41890
371.85,50708
371.85,87143
371.85,8867
371.8,63698
371.9,120787
371.9,13341
371.9,15201
371.9,17004
371.9,19468
371.9,21328
371.9,4747
371.9,4993
371.95,11262
371.95,26883
371.95,27818
371.95,31691
371.95,42557
371.9,5536
371.95,60756
371.95,7574
371.95,8967
372.0,11572
372.0,13161
372.0,13482
372.0,15421
372.0,18533
372.0,19073
372.0,21749
372.0,24748
372.0,41655
372.0,45379
372.05,76276
372.05,7678
372.05,9737
372.0,6376
372.0,66200
372.0,7141
372.0,89331
372.1,12338
372.1,13127
372.1,14396
372.1,26462
372.1,26689
372.1,30464
372.15,12469
372.15,12523
372.15,14376
372.15,160815
372.15,16762
372.15,34891
372.15,6195
372.15,6816
372.1,8570
372.2,11466
372.2,26889
372.2,49374
372.25,10037
372.25,13767
372.25,19265
372.25,33131
372.25,6088
372.25,9727
372.2,7096
372.3,11267
372.3,192422
372.3,21678
372.3,44826
372.35,10095
372.35,11280
372.35,12178
372.35,34669
372.35,5814
372.35,70006
372.35,7283
372.3,7644
372.4,10217
372.4,14063
372.4,14812
372.4,34874
372.45,21474
372.45,32246
372.45,35161
372.45,4493
372.45,45128
372.45,47539
372.45,5007
372.45,57103
372.45,60512
372.45,6376
372.45,9058
372.4,9536
372.4,9618
372.5,16237
372.5,20998
372.5,30497
372.55,38995
372.55,8227
372.55,9825
372.5,6794
372.5,7391
372.6,17573
372.6,35528
372.65,16345
372.65,17854
372.65,19235
372.65,21880
372.6,5563
372.65,61136
372.65,6516
372.65,7853
372.6,65858
372.6,6852
372.6,7355
372.6,8523
372.7,100135
372.7,10329
372.7,31104
372.7,33272
372.75,12758
372.75,18906
372.75,34463
372.75,43216
372.75,5621
372.7,8247
372.7,9152
372.8,12079
372.8,26616
372.8,34761
372.8,4892
372.85,12602
372.85,13597
372.85,46612
372.85,5633
372.85,66292
372.85,6655
372.85,7056
372.8,93668
372.9,10721
372.9,27794
372.9,31171
372.9,42526
372.95,100497
372.95,138694
372.95,145380
372.95,14625
372.95,15906
372.95,17087
372.95,17687
372.95,24060
372.95,36305
372.95,39816
372.95,42579
372.95,48320
372.95,5857
372.95,7373
372.95,8018
372.95,81547
372.95,87439
372.95,88192
372.95,90399
372.9,6769
373.0,11063
373.0,116544
373.0,118734
373.0,122157
373.0,124352
373.0,12776
373.0,130089
373.0,13173
373.0,13586
373.0,13594
373.0,13767
373.0,15784
373.0,20129
373.0,20488
373.0,22030
373.0,23108
373.0,25415
373.0,26419
373.0,26599
373.0,30962
373.0,31490
373.0,32698
373.0,35909
373.0,36054
373.0,36123
373.0,36413
373.0,37439
373.0,38237
373.0,42302
373.0,48115
373.0,49093
373.0,49304
373.05,13882
373.05,165795
373.05,165903
373.05,19370
373.05,21567
373.05,21988
373.05,22338
373.05,23525
373.05,25733
373.05,27345
373.05,297423
373.05,31964
373.05,32971
373.05,37327
373.05,38056
373.0,54015
373.05,40853
373.05,68138
373.05,68198
373.05,7601
373.05,86740
373.05,92773
373.05,94335
373.05,97177
373.0,65587
373.0,66480
373.0,73437
373.0,83264
373.0,86864
373.0,87150
373.0,94500
373.0,9581
373.0,96196
373.0,98189
373.1,10215
373.1,112518
373.1,11486
373.1,12993
373.1,18544
373.1,18669
373.1,30301
373.1,31817
373.1,32098
373.1,32543
373.1,38145
373.1,39704
373.15,121309
373.15,122195
373.15,12942
373.15,23785
373.15,25543
373.15,28169
373.15,295190
373.15,30636
373.15,32459
373.15,36700
373.15,38194
373.15,61598
373.15,7571
373.15,7916
373.1,71807
373.1,8070
373.1,8681
373.1,9016
373.2,16315
373.2,18231
373.2,27683
373.2,30714
373.2,32758
373.25,11516
373.25,12135
373.25,13532
373.25,15836
373.25,21949
373.25,24073
373.2,5344
373.25,36730
373.2,53901
373.25,40559
373.25,49442
373.25,7584
373.25,7637
373.25,9882
373.2,71353
373.2,9152
373.3,117999
373.3,14729
373.3,16948
373.3,21367
373.3,23002
373.3,28361
373.3,32338
373.3,34763
373.3,3627
373.3,3760
373.3,4669
373.35,17406
373.35,175201
373.35,23210
373.35,39440
373.35,50416
373.35,5612
373.35,5906
373.35,6359
373.35,6983
373.35,7511
373.35,85720
373.35,90849
373.35,9591
373.3,5990
373.3,6954
373.3,7162
373.3,7393
373.4,10789
373.4,11777
373.4,12028
373.4,29953
373.45,13799
373.45,16813
373.45,18733
373.45,28884
373.45,38563
373.4,5388
373.45,5782
373.45,5906
373.45,59710
373.45,6590
373.45,6838
373.45,6879
373.4,6397
373.4,6613
373.5,101194
373.5,10481
373.5,11421
373.5,20816
373.5,298004
373.5,47305
373.55,11075
373.55,11613
373.55,12766
373.55,13267
373.55,15965
373.55,17816
373.55,30900
373.55,31918
373.55,4266
373.55,4954
373.5,6035
373.5,7570
373.5,8516
373.5,9173
373.6,10013
373.6,115147
373.6,119356
373.6,20301
373.65,10585
373.65,12048
373.65,206186
373.65,28506
373.65,38468
373.65,7856
373.6,6879
373.6,7324
373.7,10055
373.7,18312
373.7,22670
373.7,26625
373.7,28180
373.7,4362
373.75,10314
373.75,11761
373.75,14203
373.75,17193
373.75,28306
373.75,29873
373.75,5966
373.75,6211
373.75,9013
373.7,6102
373.7,6472
373.7,8445
373.7,9597
373.8,13703
373.8,15033
373.8,15391
373.8,17947
373.8,20637
373.8,31106
373.8,345231
373.8,39083
373.8,49136
373.85,11172
373.85,11178
373.85,113663
373.85,14059
373.85,14552
373.85,26632
373.85,31015
373.85,43478
373.85,4402
373.85,6036
373.85,7247
373.8,6335
373.8,6382
373.8,9417
373.9,10989
373.9,11087
373.9,11570
373.9,15510
373.9,15918
373.9,16361
373.9,28943
373.9,30423
373.9,44991
373.95,114426
373.95,14157
373.95,15817
373.95,19474
373.95,2638
373.95,29195
373.95,29917
373.95,37164
373.95,49600
373.95,5210
373.95,5504
373.95,7257
373.95,7482
373.95,9104
373.9,6560
373.9,7341
374.0,10283
374.0,10648
374.0,11351
374.0,11741
374.0,12019
374.0,13870
374.0,13890
374.0,14972
374.0,19355
374.0,21379
374.0,37267
374.05,10729
374.05,11698
374.05,119585
374.05,29067
374.05,29892
374.05,35556
374.0,53650
374.05,40766
374.05,51698
374.05,5710
374.0,55880
374.0,559435
374.05,8986
374.0,61149
374.0,6654
374.0,70321
374.0,7145
374.0,7624
374.0,9206
374.1,10638
374.1,15045
374.1,16782
374.1,19506
374.1,24502
374.1,27799
374.1,4846
374.15,19225
374.15,26969
374.15,28825
374.15,33001
374.1,5404
374.15,46131
374.15,7530
374.15,8159
374.15,8467
374.15,85297
374.1,72612
374.1,8669
374.2,13312
374.2,15774
374.25,141945
374.25,14211
374.25,14397
374.25,15722
374.25,30237
374.25,36253
374.25,6964
374.25,7018
374.25,7410
374.25,7967
374.25,9325
374.2,59519
374.2,8768
374.2,9053
374.2,9185
374.3,10162
374.3,111422
374.3,11349
374.3,13719
374.3,241931
374.3,28967
374.3,37867
374.35,11328
374.3,51479
374.35,21281
374.35,25461
374.35,5795
374.35,5987
374.35,6486
374.35,6581
374.3,59933
374.3,8204
374.3,9426
374.4,10688
374.4,12702
374.4,13361
374.4,21372
374.4,2272
374.4,3199
374.4,49645
374.45,17178
374.45,3772
374.45,38022
374.45,43149
374.45,6385
374.45,6477
374.4,7092
374.4,8379
374.4,8525
374.5,10329
374.5,16016
374.5,23232
374.5,27294
374.5,34955
374.5,39548
374.55,14628
374.55,14853
374.55,18113
374.55,4216
374.55,7470
374.6,17458
374.6,19386
374.6,21293
374.6,3765
374.6,40441
374.6,4545
374.6,4652
374.6,4716
374.65,12177
374.65,13329
374.65,138007
374.65,2165
374.6,5227
374.65,23566
374.6,5350
374.6,5418
374.65,4463
374.65,4667
374.65,6596
374.65,9712
374.6,6346
374.6,7152
374.6,98416
374.7,12631
374.7,13252
374.7,15991
374.7,23424
374.7,3142
374.7,42111
374.75,100114
374.75,11089
374.75,15148
374.75,15278
374.75,18168
374.75,22656
374.75,25067
374.75,335269
374.75,41272
374.75,62306
374.75,6349
374.75,9085
374.75,9209
374.7,7641
374.7,9077
374.7,9749
374.8,18082
374.8,18536
374.8,240310
374.8,24246
374.8,25212
374.85,105247
374.85,123747
374.85,13125
374.85,17415
374.85,18868
374.85,22664
374.85,2919
374.85,29555
374.85,30418
374.85,50835
374.85,55371
374.85,6107
374.85,7131
374.85,7670
374.85,9224
374.85,9506
374.8,6556
374.8,67679
374.8,7064
374.8,7194
374.8,7351
374.8,9143
374.9,10264
374.9,10847
374.9,13050
374.9,13432
374.9,14111
374.9,17657
374.9,22097
374.9,29778
374.9,3227
374.9,38014
374.9,40256
374.95,122227
374.95,16117
374.9,5281
374.95,9309
374.9,6520
374.9,65741
374.9,7832
374.9,7972
374.9,8254
374.9,8641
374.9,9303
374.9,93323
375.0,12106
375.0,15088
375.0,19367
375.0,24594
375.0,24782
375.0,25400
375.0,34300
375.0,37249
375.0,38975
375.0,4953
375.0,49640
375.05,10592
375.05,12959
375.05,13503
375.05,15928
375.05,17961
375.05,34238
375.05,44374
375.05,5825
375.0,58801
375.0,66743
375.0,8129
375.1,10864
375.1,12811
375.1,18818
375.1,27427
375.1,28647
375.1,30794
375.1,3351
375.1,35895
375.1,47088
375.15,11235
375.15,14403
375.15,15472
375.15,188322
375.15,32173
375.15,37841
375.15,8727
375.1,7043
375.1,7126
375.1,7470
375.2,10992
375.2,12187
375.2,22409
375.2,28452
375.2,33012
375.25,12704
375.25,17580
375.25,21821
375.25,35029
375.25,41784
375.25,6303
375.25,6996
375.2,6690
375.3,103961
375.3,10702
375.3,25230
375.3,25558
375.35,14768
375.35,15149
375.35,15716
375.35,18084
375.35,18380
375.35,21013
375.35,2420
375.35,24604
375.35,24929
375.35,29066
375.35,32482
375.35,33418
375.35,4150
375.3,5597
375.35,6716
375.35,7187
375.3,6711
375.4,13266
375.4,13308
375.4,18040
375.4,23756
375.4,29322
375.4,30931
375.4,4474
375.4,4781
375.45,10024
375.45,11418
375.45,22178
375.45,24465
375.45,24597
375.45,44226
375.4,5598
375.45,6249
375.45,65947
375.45,6649
375.45,8047
375.45,9242
375.4,6350
375.4,8959
375.5,10046
375.5,11274
375.5,13815
375.5,15732
375.5,18002
375.5,20781
375.5,21431
375.5,24319
375.5,26602
375.5,32108
375.5,43748
375.5,45758
375.5,4874
375.55,10739
375.55,11325
375.55,12723
375.55,14418
375.55,21360
375.55,22569
375.55,31322
375.5,5493
375.55,6134
375.55,6398
375.5,5750
375.55,8850
375.5,6844
375.5,78727
375.6,10792
375.6,12061
375.6,12659
375.6,14802
375.6,20803
375.6,21090
375.6,21595
375.6,24473
375.6,25154
375.6,26422
375.6,303220
375.6,33597
375.65,14205
375.65,14574
375.65,15544
375.65,26676
375.65,3345
375.65,34218
375.65,55120
375.65,5638
375.65,7396
375.65,7446
375.65,8209
375.65,9960
375.6,65172
375.6,7158
375.6,7648
375.6,81316
375.7,13719
375.7,15090
375.7,18703
375.7,28821
375.7,29713
375.7,30257
375.7,38951
375.75,10347
375.75,16835
375.75,18315
375.75,19051
375.75,21112
375.75,31941
375.75,47238
375.75,5268
375.75,5958
375.75,6384
375.75,6507
375.75,7581
375.75,89276
375.7,6051
375.7,6451
375.7,7568
375.7,7778
375.7,8010
375.7,9256
375.8,101510
375.8,10624
375.8,13009
375.8,21146
375.8,21698
375.8,22929
375.8,23556
375.8,30716
375.8,39669
375.85,16436
375.85,41329
375.85,438340
375.85,4603
375.85,6640
375.85,6923
375.85,7279
375.8,7047
375.8,7617
375.8,7934
375.9,11925
375.9,19431
375.9,20880
375.9,21088
375.9,21311
375.9,23798
375.9,25748
375.95,12704
375.95,14887
375.95,22743
375.95,28360
375.95,30958
375.95,6112
375.95,9194
375.9,6433
375.9,7154
375.9,93901
375.9,9988
376.0,11070
376.0,13639
376.0,14379
376.0,16232
376.0,19937
376.0,20918
376.0,23167
376.0,24469
376.0,24729
376.0,32986
376.0,34778
376.0,35212
376.0,36612
376.0,44551
376.05,11429
376.05,11805
376.05,16519
376.05,171445
376.0,52104
376.05,23401
376.05,30304
376.05,40737
376.05,54536
376.05,5492
376.05,6112
376.05,7075
376.05,7354
376.05,90704
376.05,9452
376.0,6039
376.0,7481
376.0,8451
376.1,14663
376.1,14896
376.1,15662
376.1,16807
376.1,21205
376.1,22051
376.1,22981
376.1,26582
376.1,28900
376.15,11563
376.15,118907
376.15,12678
376.15,22354
376.15,22581
376.15,24287
376.15,26710
376.15,27154
376.15,47053
376.15,5319
376.15,5524
376.1,5607
376.1,7229
376.1,7586
376.1,7618
376.1,8967
376.1,9749
376.2,10083
376.2,11751
376.2,12588
376.2,16771
376.2,173286
376.2,21462
376.2,22520
376.2,23060
376.2,41255
376.2,48825
376.25,12057
376.25,19089
376.25,21510
376.25,28262
376.25,33356
376.25,8621
376.25,9266
376.2,60169
376.2,6200
376.2,6402
376.2,6774
376.2,9414
376.3,11107
376.3,18020
376.3,26324
376.3,30604
376.3,34483
376.3,4606
376.35,12213
376.35,18281
376.35,24528
376.35,28699
376.3,53703
376.35,44631
376.35,46844
376.35,6747
376.35,71497
376.35,76254
376.3,65128
376.3,7668
376.3,99427
376.4,10623
376.4,14670
376.4,15535
376.4,18375
376.4,31685
376.4,40591
376.4,42083
376.45,15033
376.45,19487
376.45,35827
376.45,39953
376.45,6671
376.45,8153
376.45,9521
376.4,8375
376.5,11730
376.5,117993
376.5,12820
376.5,13464
376.5,16828
376.5,16855
376.5,22145
376.5,22778
376.5,23910
376.5,26850
376.5,27061
376.5,27317
376.5,31334
376.5,31574
376.55,11245
376.55,11564
376.55,13056
376.55,15217
376.55,16508
376.55,18342
376.55,35400
376.55,52605
376.55,9312
376.5,81766
376.5,9456
376.6,11277
376.6,12122
376.6,13796
376.6,14264
376.6,14641
376.6,16180
376.6,16422
376.6,16701
376.6,18372
376.6,20356
376.6,24179
376.6,24361
376.6,30602
376.6,35336
376.65,23525
376.65,26335
376.65,28555
376.65,34706
376.65,38730
376.6,57259
376.65,8539
376.65,8977
376.65,96187
376.6,6828
376.6,7697
376.6,9723
376.7,10562
376.7,12721
376.7,33944
376.75,12249
376.75,13076
376.75,15683
376.75,158487
376.7,51893
376.75,36667
376.75,7710
376.75,7803
376.75,79159
376.75,8319
376.75,8745
376.7,67529
376.7,8486
376.7,8970
376.7,9142
376.7,9188
376.8,10928
376.8,13801
376.8,14250
376.8,18098
376.8,24827
376.8,27772
376.8,27985
376.8,29160
376.8,40175
376.85,10397
376.85,13454
376.85,21174
376.85,24880
376.85,26105
376.85,68073
376.85,7116
376.85,7526
376.8,7882
376.8,8220
376.8,8702
376.8,9184
376.9,10648
376.9,17296
376.9,23408
376.9,27914
376.9,30831
376.9,40947
376.95,13251
376.95,2690236
376.95,38972
376.95,52857
376.95,79964
376.95,8152
376.95,8214
376.95,88513
376.95,88825
376.95,9846
376.9,8078
376.9,8862
376.9,9220
377.0,10163
377.0,12080
377.0,12440
377.0,12516
377.0,13405
377.0,14981
377.0,18549
377.0,20095
377.0,20496
377.0,208761
377.0,21692
377.0,22886
377.0,31810
377.0,35372
377.0,37483
377.0,40916
377.05,14293
377.05,19262
377.05,19497
377.05,24122
377.05,25430
377.05,26679
377.05,27590
377.05,8057
377.05,87439
377.0,6154
377.0,6723
377.0,7122
377.0,7485
377.0,7576
377.0,8267
377.0,8930
377.0,89784
377.0,93970
377.0,9446
377.0,9860
377.1,10690
377.1,20614
377.1,22591
377.1,26529
377.1,38458
377.15,15711
377.15,21791
377.15,26805
377.15,29306
377.15,36303
377.15,45120
377.15,52208
377.15,6618
377.15,7367
377.15,7650
377.15,9260
377.15,9314
377.15,9975
377.1,64877
377.1,7528
377.1,8461
377.2,16896
377.2,21054
377.2,27902
377.2,39225
377.2,48703
377.25,11338
377.25,16017
377.25,20580
377.25,22562
377.25,24867
377.25,7269
377.25,7893
377.25,86024
377.25,9245
377.2,59566
377.25,9731
377.2,6385
377.2,8436
377.2,9346
377.2,9406
377.2,9424
377.3,11528
377.3,12312
377.3,28381
377.3,30233
377.3,32639
377.3,43258
377.35,10328
377.35,19952
377.35,26608
377.35,28842
377.35,31322
377.35,8236
377.3,9673
377.3,9884
377.4,10686
377.4,11426
377.4,18767
377.4,29454
377.4,4956
377.45,12036
377.45,22729
377.45,26264
377.45,34760
377.45,35713
377.45,7824
377.45,8888
377.4,6502
377.4,6936
377.4,8755
377.4,9025
377.4,9944
377.5,11992
377.5,19271
377.5,23115
377.5,25667
377.5,36007
377.5,40955
377.5,49646
377.55,11362
377.55,12370
377.55,20095
377.55,23339
377.55,25724
377.55,319804
377.55,7853
377.5,9699
377.6,10865
377.6,14758
377.6,18776
377.6,24510
377.6,25471
377.6,29307
377.6,30506
377.6,32940
377.6,35180
377.65,20826
377.65,22569
377.65,23711
377.65,26954
377.6,56821
377.65,9945
377.6,6644
377.6,70117
377.6,9053
377.6,9283
377.7,19951
377.7,20897
377.7,21350
377.7,24329
377.7,25958
377.7,31435
377.7,37428
377.7,46034
377.75,10398
377.75,11318
377.75,13086
377.75,21782
377.75,22850
377.75,22861
377.75,2610318
377.75,34231
377.75,49026
377.7,6709
377.7,6942
377.7,8256
377.7,9882
377.8,10850
377.8,11193
377.8,17990
377.8,21711
377.8,22075
377.8,22329
377.8,23300
377.8,25621
377.8,41466
377.85,154546
377.85,15963
377.85,16892
377.85,19357
377.85,26321
377.85,28462
377.85,28588
377.85,36517
377.85,39648
377.85,39770
377.85,6845
377.8,58818
377.8,81750
377.9,133479
377.9,15549
377.9,22434
377.9,25800
377.9,36715
377.9,37628
377.9,39345
377.9,43035
377.95,126619
377.95,15143
377.95,18893
377.95,22520
377.95,27470
377.95,28817
377.95,48353
377.95,63286
378.0,10207
378.0,11340
378.0,11752
378.0,119052
378.0,13413
378.0,13434
378.0,17572
378.0,20306
378.0,20882
378.0,21344
378.0,21368
378.0,22204
378.0,23593
378.0,243053
378.0,24696
378.0,25248
378.0,27971
378.0,28477
378.0,29390
378.0,29906
378.0,30622
378.0,31922
378.0,33331
378.0,35700
378.0,37813
378.0,39050
378.0,41220
378.0,43363
378.0,50098
378.05,14142
378.05,16208
378.05,16242
378.05,17035
378.05,17102
378.05,17767
378.05,17995
378.05,18611
378.05,18635
378.05,18913
378.05,19804
378.05,21383
378.05,21894
378.05,22240
378.05,23087
378.05,23377
378.05,23865
378.05,24101
378.05,25337
378.05,26753
378.05,26773
378.05,28116
378.05,28266
378.05,28707
378.05,30996
378.05,31215
378.05,31740
378.05,31935
378.05,31937
378.05,32966
378.05,33805
378.05,34037
378.05,35919
378.0,54743
378.05,9555
378.0,61500
378.1,10563
378.1,1065
378.1,11529
378.1,15567
378.1,17506
378.1,18314
378.1,20191
378.1,20252
378.1,20779
378.1,23093
378.1,32115
378.1,32530
378.1,47283
378.1,49131
378.1,50823
378.15,10080
378.15,1404
378.15,17193
378.15,17632
378.15,19018
378.15,19150
378.15,20257
378.15,21438
378.15,21455
378.15,215414
378.15,21756
378.15,23405
378.15,27872
378.15,34874
378.15,36476
378.15,37644
378.15,39260
378.15,42704
378.15,47293
378.1,55333
378.15,58273
378.15,661
378.15,8184
378.1,60695
378.1,7913
378.1,8019
378.1,8247
378.1,8430
378.1,8974
378.1,9448
378.2,11171
378.2,14948
378.2,19304
378.2,20140
378.2,21017
378.2,23037
378.2,23534
378.2,27836
378.2,27867
378.2,32152
378.2,33152
378.2,4999
378.25,15065
378.25,15380
378.25,19144
378.25,26408
378.25,28235
378.25,28512
378.25,38098
378.25,9253
378.3,13832
378.3,15149
378.3,16166
378.3,16680
378.3,17224
378.3,17358
378.3,20746
378.3,28567
378.3,37037
378.3,40333
378.3,49501
378.35,12591
378.35,12862
378.35,47908
378.35,72088
378.35,8591
378.3,77322
378.3,7905
378.4,10146
378.4,115290
378.4,15904
378.4,17172
378.4,22598
378.4,24816
378.4,27218
378.4,32786
378.4,33289
378.4,42971
378.45,25510
378.45,31019
378.45,43666
378.45,91418
378.4,62844
378.4,766611
378.4,929
378.4,94181
378.5,1374
378.5,14823
378.5,191042
378.5,21268
378.5,24182
378.5,24274
378.5,24883
378.5,25726
378.5,25914
378.5,36526
378.5,36768
378.5,38628
378.55,11931
378.55,16266
378.55,21533
378.55,28110
378.55,63980
378.55,70764
378.55,9643
378.6,13315
378.6,14622
378.6,16840
378.6,26233
378.6,28405
378.6,30133
378.6,32476
378.6,39684
378.65,10592
378.65,11690
378.65,13344
378.65,17862
378.65,32134
378.65,33528
378.65,36302
378.65,53397
378.6,67232
378.6,73014
378.6,9077
378.7,11048
378.7,15173
378.7,19731
378.7,22154
378.7,23528
378.7,25616
378.7,26872
378.7,33057
378.7,41233
378.7,49634
378.75,40363
378.75,66453
378.7,6770
378.7,71516
378.7,86498
378.7,9938
378.8,10178
378.8,11174
378.8,12107
378.8,12633
378.8,128547
378.8,18509
378.85,15244
378.85,8315
378.8,76586
378.8,9504
378.8,96547
378.9,12503
378.9,15169
378.9,21826
378.9,31396
378.9,316048
378.9,31860
378.9,37039
378.9,37235
378.9,43941
378.9,48781
378.95,0
378.95,15058
378.95,26577
378.95,30664
378.95,33015
378.95,35557
378.95,60034
378.9,66082
379.0,16090
379.0,16348
379.0,21866
379.0,22364
379.0,23104
379.0,246916
379.0,27394
379.0,28394
379.05,18019
379.1,21620
379.1,25527
379.1,28619
379.15,100171
379.15,28315
379.2,29425
379.2,31688
379.2,34613
379.2,46564
379.25,12244
379.25,129508
379.25,24474
379.25,27927
379.25,29518
379.25,82448
379.2,9351
379.3,15194
379.3,18802
379.3,40772
379.35,18999
379.35,19558
379.35,20256
379.35,20267
379.35,21968
379.35,33923
379.35,44588
379.35,9276
379.4,10925
379.4,11426
379.4,11699
379.4,149107
379.4,244568
379.4,31261
379.45,14090
379.45,17824
379.45,18169
379.45,20782
379.45,24997
379.45,65661
379.45,8123
379.5,136732
379.5,15892
379.5,22902
379.5,25235
379.5,31081
379.5,33104
379.55,24351
379.55,26562
379.55,87141
379.6,20100
379.6,39088
379.6,42194
379.65,19811
379.65,27052
379.65,28493
379.65,32760
379.6,85656
379.75,17923
379.75,62314
379.8,137906
379.8,23571
379.8,23722
379.85,29826
379.85,41247
379.85,41602
379.85,45871
379.85,62884
379.95,30904
379.9,67290
380.0,12560
380.0,128878
380.0,14703
380.0,17107
380.0,17533
380.0,43541
380.05,154147
380.05,55958
380.1,22689
380.15,10200
380.15,37314
380.2,19617
380.2,283755
380.25,19775
380.25,30086
380.25,6777
380.25,7620
380.25,8721
380.25,9757
380.3,20830
380.3,23380
380.3,45742
380.35,10267
380.35,118091
380.35,14190
380.35,19514
380.35,6981
380.45,200117
380.45,8174
380.45,8246
380.4,6204
380.5,170931
380.5,234076
380.5,30678
380.55,14829
380.55,327677
380.55,5708
380.5,5805
380.55,9362
380.6,32426
380.6,34834
380.65,27659
380.65,27671
380.6,8228
380.6,8229
380.7,11504
380.7,20341
380.7,21213
380.7,23015
380.75,23561
380.75,4474
380.75,46046
380.75,7866
380.75,8933
380.7,7963
380.7,9066
380.8,14666
380.8,26552
380.85,11215
380.85,5562
380.85,6781
380.85,7324
380.8,96560
380.9,29798
380.9,38548
380.9,47743
380.9,48148
380.9,5428
380.9,6337
381.0,183283
381.0,41945
381.0,54938
381.1,26244
381.1,28142
381.1,34217
381.15,162414
381.15,28763
381.15,31979
381.15,38710
381.2,34527
381.2,47847
381.3,23127
381.35,27852
381.35,36648
381.35,53608
381.35,66664
381.4,28553
381.4,28755
381.4,43338
381.45,17748
381.5,14651
381.55,46870
381.55,69350
381.65,18354
381.7,24845
381.8,15272
381.8,290974
381.95,187942
381.95,31873
382.0,18323
382.05,100964
382.1,32527
382.1,46586
382.15,87400
382.2,10188
382.25,178364
382.4,27939
382.45,126971
382.45,86873
382.4,88610
382.5,136994
382.5,20417
382.5,20765
382.55,15455
382.55,182418
382.55,30146
382.6,48712
382.65,11329
382.65,11347
382.65,14835
382.65,42890
382.6,74596
382.7,14593
382.7,22597
382.75,34004
382.7,84773
382.8,11629
382.85,12013
382.85,197861
382.85,25832
382.85,8314
382.9,11173
382.9,43540
382.95,14906
382.95,17666
382.95,32636
382.95,46700
382.9,68690
383.0,16565
383.0,25667
383.0,46889
383.05,130964
383.05,29678
383.05,34059
383.0,7921
383.0,9043
383.1,11297
383.1,26929
383.15,138725
383.15,29312
383.15,35890
383.15,54495
383.15,6001
383.1,7346
383.1,7557
383.2,17180
383.2,27643
383.2,35512
383.25,13360
383.25,14613
383.25,14621
383.25,25638
383.25,36343
383.25,6636
383.25,7425
383.2,7809
383.3,12111
383.3,14574
383.35,12852
383.35,27247
383.35,32686
383.35,35301
383.35,35311
383.35,6986
383.35,8958
383.3,6062
383.3,6183
383.3,8345
383.5,115033
383.5,13412
383.5,22923
383.5,28757
383.5,46518
383.55,13050
383.55,15092
383.55,7208
383.5,97862
383.6,13468
383.6,25978
383.65,31622
383.65,8107
383.6,6864
383.6,7763
383.6,84224
383.7,106181
383.7,18810
383.7,46616
383.75,13500
383.75,15919
383.75,23282
383.75,41847
383.75,7125
383.75,7818
383.7,7582
383.7,9180
383.7,9392
383.8,12413
383.8,12652
383.85,102484
383.85,10576
383.85,13596
383.85,13923
383.85,14310
383.85,14356
383.85,19547
383.85,7108
383.85,7864
383.85,8575
383.85,9102
383.8,7275
383.8,8524
383.8,8795
383.9,10439
383.9,12358
383.9,21660
383.9,50694
383.95,11393
383.95,17987
383.95,42304
383.9,5634
383.95,6572
383.95,7046
383.95,7490
383.95,8529
383.95,8639
383.95,9033
383.95,9192
383.95,9231
383.9,7081
383.9,7611
383.9,8260
383.9,8590
384.0,14218
384.0,14241
384.0,30234
384.0,36514
384.05,11367
384.05,12830
384.05,13239
384.05,29285
384.05,31705
384.05,8262
384.0,8174
384.1,10401
384.1,11916
384.1,234338
384.1,27263
384.1,28484
384.15,12273
384.15,16098
384.15,28751
384.15,30657
384.15,37639
384.15,58502
384.15,7699
384.15,8398
384.15,9021
384.1,61587
384.1,83605
384.1,8815
384.2,13259
384.2,23190
384.2,45813
384.2,48083
384.25,46989
384.25,5860
384.25,7731
384.2,63886
384.2,8354
384.3,11104
384.3,21430
384.3,28685
384.35,26387
384.35,39808
384.35,40978
384.3,91153
384.4,16512
384.4,33283
384.45,11006
384.45,11106
384.45,14608
384.45,28387
384.45,28504
384.45,41909
384.45,47403
384.45,47840
384.45,72556
384.4,57609
384.6,18831
384.6,34751
384.65,34074
384.6,60921
384.7,18285
384.7,27830
384.7,47183
384.75,10154
384.75,10425
384.75,24563
384.75,70706
384.75,8379
384.7,7160
384.7,74429
384.7,7619
384.8,13564
384.8,35284
384.8,40615
384.85,10874
384.85,15219
384.85,19203
384.85,23655
384.85,5904
384.85,6571
384.85,7544
384.8,6969
384.8,74082
384.9,204839
384.9,23158
384.9,35432
384.9,40876
384.95,100038
384.95,10527
384.95,10923
384.95,11332
384.95,13450
384.95,22386
384.9,53284
384.95,35815
384.95,7261
384.95,76865
384.95,8029
384.9,80603
385.0,15400
385.0,15428
385.0,17166
385.0,20827
385.0,23031
385.0,23493
385.0,23892
385.0,25969
385.0,39426
385.0,41194
385.0,47322
385.05,10871
385.05,12703
385.05,20504
385.05,4840
385.05,50398
385.0,55098
385.05,6300
385.05,6895
385.05,7432
385.05,9821
385.05,9868
385.0,6061
385.0,6701
385.0,7410
385.0,7590
385.0,7808
385.0,8529
385.0,8745
385.0,9507
385.1,38974
385.15,108877
385.15,16909
385.15,18037
385.15,24620
385.15,29468
385.1,5522
385.15,5731
385.15,6776
385.15,8703
385.1,6204
385.1,67937
385.1,88869
385.1,9869
385.2,12890
385.2,18106
385.2,18766
385.2,25239
385.2,33940
385.2,49889
385.25,24694
385.25,29107
385.25,29246
385.2,5328
385.25,36144
385.25,37823
385.25,41204
385.25,5375
385.25,5719
385.25,60684
385.25,6869
385.25,88314
385.2,8664
385.3,13043
385.3,13460
385.3,15562
385.3,16498
385.3,47103
385.35,10464
385.35,10817
385.35,13043
385.35,30578
385.35,34674
385.35,46796
385.35,6082
385.35,6388
385.35,7321
385.35,82389
385.3,7896
385.3,9033
385.4,11811
385.4,13491
385.4,20336
385.4,28229
385.45,10019
385.45,11546
385.45,11645
385.45,16149
385.45,22262
385.45,24536
385.45,30410
385.45,37528
385.45,48903
385.45,5493
385.45,7480
385.4,5775
385.45,7961
385.4,5847
385.45,9508
385.4,60259
385.4,6694
385.4,6713
385.4,6883
385.4,7015
385.5,10681
385.5,11645
385.5,16246
385.5,16831
385.5,16872
385.5,17385
385.5,182081
385.5,19261
385.5,19298
385.5,28180
385.5,4462
385.5,4919
385.55,11003
385.55,11015
385.55,11503
385.55,11750
385.55,12248
385.55,13321
385.55,13336
385.55,19010
385.55,26905
385.55,27178
385.55,31372
385.55,3287
385.55,35588
385.55,39453
385.55,48644
385.55,6008
385.55,6176
385.55,75468
385.5,5975
385.55,9939
385.5,60474
385.5,6583
385.5,6788
385.5,7315
385.5,7316
385.5,8350
385.5,8743
385.5,9458
385.5,9589
385.6,10160
385.6,10373
385.6,11944
385.6,124808
385.6,17155
385.6,19492
385.6,22112
385.6,24444
385.6,25412
385.6,2674
385.6,37741
385.6,4610
385.6,48845
385.65,10614
385.65,11592
385.65,14267
385.65,14380
385.65,16073
385.65,169419
385.65,17474
385.65,18482
385.65,22214
385.65,3515
385.65,35715
385.6,5434
385.65,4384
385.65,7178
385.65,8334
385.65,8466
385.65,9656
385.6,5972
385.6,6228
385.6,6708
385.6,6745
385.6,6983
385.6,7994
385.6,8395
385.6,8402
385.6,8446
385.6,8704
385.7,10742
385.7,13475
385.7,15044
385.7,16015
385.7,28742
385.7,3414
385.7,4085
385.7,50114
385.75,11322
385.75,18196
385.75,19939
385.75,27238
385.75,3346
385.75,3476
385.7,5389
385.75,4000
385.75,50453
385.75,5632
385.75,6016
385.75,6017
385.75,6187
385.75,7240
385.75,7767
385.75,8804
385.7,6729
385.7,7291
385.7,8053
385.7,8453
385.7,8841
385.7,8889
385.8,111307
385.8,11305
385.8,11886
385.8,13382
385.8,13463
385.8,15112
385.8,17268
385.8,23476
385.8,25168
385.8,37866
385.85,10032
385.85,10273
385.85,10608
385.85,11193
385.85,11692
385.85,12463
385.85,15349
385.85,19679
385.85,22893
385.85,238213
385.8,5316
385.85,33307
385.85,44157
385.85,4639
385.85,5514
385.85,6887
385.85,7036
385.85,7225
385.85,7246
385.85,7509
385.85,7753
385.85,8939
385.85,9650
385.8,7650
385.8,8281
385.8,9530
385.8,9641
385.9,103004
385.9,11736
385.9,12184
385.9,14374
385.9,14689
385.9,17300
385.9,25263
385.9,26778
385.9,3012
385.9,30771
385.9,30788
385.9,45630
385.95,10434
385.95,10614
385.95,44917
385.95,489216
385.9,5530
385.9,5568
385.95,7809
385.9,58979
385.9,6265
385.9,6310
385.9,6396
385.9,6578
385.9,7446
385.9,9260
385.9,9811
386.0,10005
386.0,10297
386.0,10425
386.0,10672
386.0,12099
386.0,12653
386.0,16193
386.0,17046
386.0,250625
386.0,4803
386.05,10287
386.05,11068
386.05,13906
386.0,5241
386.05,24993
386.05,2524
386.05,3135
386.05,31869
386.05,3393
386.05,34496
386.05,564760
386.05,67156
386.05,7282
386.05,93761
386.0,6187
386.0,6435
386.0,70551
386.0,7703
386.0,9141
386.1,18321
386.1,25448
386.1,2700
386.1,3156
386.1,31928
386.1,37589
386.1,3763
386.1,4129
386.1,42334
386.1,4558
386.15,11368
386.15,13816
386.15,139434
386.15,16303
386.15,20480
386.15,31162
386.1,57522
386.15,9835
386.15,9886
386.1,71212
386.1,71501
386.1,7743
386.1,8084
386.1,94737
386.2,10683
386.2,12947
386.2,13861
386.2,19219
386.2,25119
386.2,2749
386.2,34574
386.2,4507
386.2,47590
386.2,5078
386.25,12477
386.25,12964
386.25,14603
386.2,51735
386.25,29186
386.25,3563
386.25,3887
386.25,40967
386.25,47781
386.25,5232
386.25,5751
386.25,6051
386.25,6169
386.25,69192
386.2,5810
386.25,9667
386.2,6211
386.2,8010
386.3,11310
386.3,21687
386.3,32987
386.3,4028
386.3,46841
386.3,5113
386.35,11856
386.35,15035
386.35,17642
386.35,2443
386.35,24913
386.35,27911
386.35,3030
386.35,3121
386.35,38529
386.35,4656
386.35,4899
386.35,6417
386.35,99536
386.3,6792
386.4,10460
386.4,11028
386.4,12295
386.4,168109
386.4,18390
386.4,28853
386.4,48719
386.45,1707
386.45,3720
386.45,5641
386.45,58921
386.45,6101
386.4,6593
386.5,10024
386.5,12245
386.5,12778
386.5,14547
386.5,145609
386.5,15091
386.5,18187
386.5,1831
386.5,23026
386.5,24928
386.5,27611
386.5,3716
386.5,4313
386.5,46011
386.5,46891
386.5,5012
386.55,10197
386.55,13372
386.55,19711
386.55,26032
386.55,2898
386.55,2993
386.5,5324
386.55,39959
386.55,4073
386.55,49910
386.55,5902
386.55,6442
386.55,6469
386.55,6986
386.55,9039
386.5,6585
386.5,6656
386.5,6794
386.5,7207
386.5,73467
386.5,9728
386.5,98179
386.5,9865
386.6,15599
386.6,20469
386.6,4240
386.6,43777
386.6,49272
386.65,10236
386.65,11072
386.65,13114
386.65,13904
386.65,14037
386.65,1689
386.65,17083
386.65,19380
386.65,28261
386.65,36268
386.65,38364
386.65,38943
386.65,52348
386.6,56318
386.65,6868
386.65,7002
386.65,81266
386.65,8228
386.65,9562
386.6,6976
386.6,7760
386.7,110841
386.7,130787
386.7,13115
386.7,14516
386.7,14741
386.7,17475
386.7,17600
386.7,189646
386.7,21197
386.7,38338
386.75,10081
386.75,12125
386.75,12367
386.75,124181
386.75,13278
386.75,15954
386.75,16331
386.75,35511
386.75,44340
386.75,48584
386.7,5488
386.75,52786
386.75,5504
386.75,6045
386.75,6507
386.75,78874
386.75,9102
386.7,6447
386.7,71216
386.7,7235
386.7,7283
386.7,7770
386.7,8621
386.8,126909
386.8,14520
386.8,15845
386.8,18474
386.8,19365
386.8,20444
386.8,37650
386.8,44719
386.85,14592
386.85,23913
386.85,28232
386.85,32469
386.85,44717
386.85,4754
386.85,73990
386.85,7991
386.8,5888
386.8,5925
386.8,6724
386.8,69533
386.8,7084
386.8,73263
386.8,8777
386.8,90708
386.9,11177
386.9,23207
386.9,24665
386.9,29003
386.95,112651
386.95,14184
386.95,14243
386.95,14272
386.95,167745
386.95,45318
386.95,49466
386.95,5834
386.95,63012
386.95,7689
386.9,6194
386.9,7203
386.9,96295
387.0,11948
387.0,124890
387.0,15201
387.0,16913
387.0,1841
387.0,24934
387.0,2577
387.0,30710
387.0,32129
387.0,32495
387.0,47719
387.05,10599
387.0,5159
387.05,16023
387.05,24112
387.05,30362
387.05,31735
387.05,331498
387.05,62332
387.05,6469
387.05,71768
387.0,5958
387.0,61476
387.0,68289
387.0,73118
387.0,79294
387.0,81828
387.0,88985
387.0,8927
387.1,11627
387.1,13229
387.1,20229
387.1,31795
387.1,37577
387.15,23283
387.15,2686
387.15,4687
387.15,56089
387.15,62568
387.15,8921
387.15,9209
387.1,72630
387.1,7819
387.1,8631
387.2,13731
387.2,14238
387.2,1851
387.2,20877
387.2,27670
387.2,31420
387.2,4911
387.25,10311
387.25,115674
387.25,14980
387.25,15628
387.25,38862
387.25,4080
387.25,45808
387.25,46407
387.25,51103
387.25,55977
387.25,70149
387.2,57772
387.25,9539
387.2,85844
387.2,9083
387.2,9285
387.3,129322
387.3,13716
387.3,15406
387.3,28196
387.35,10546
387.35,11607
387.35,15027
387.35,21459
387.35,6114
387.35,7713
387.35,8163
387.3,6247
387.3,7609
387.3,89245
387.3,9053
387.3,9573
387.4,14037
387.4,17937
387.4,23426
387.4,28858
387.45,10512
387.45,12726
387.45,15095
387.45,502463
387.4,7003
387.5,10047
387.5,10305
387.5,10397
387.5,13928
387.5,168816
387.5,18936
387.5,36588
387.5,36912
387.5,43720
387.55,44884
387.55,71804
387.55,79966
387.55,8168
387.55,8611
387.55,8892
387.55,9720
387.5,64830
387.5,83606
387.5,8765
387.5,96091
387.6,11387
387.6,21339
387.6,24163
387.6,30984
387.6,40887
387.6,44741
387.6,50878
387.6,50957
387.65,16400
387.65,17654
387.65,5550
387.65,59111
387.65,61931
387.65,9326
387.6,7715
387.6,8422
387.6,84503
387.6,91498
387.7,10786
387.7,13818
387.75,12626
387.7,5732
387.75,8028
387.7,84517
387.7,8880
387.7,9242
387.7,9916
387.8,157914
387.8,19117
387.8,23547
387.8,35300
387.8,38305
387.8,48611
387.8,49483
387.85,12947
387.85,14725
387.85,15371
387.85,18835
387.85,34395
387.85,60243
387.85,63849
387.85,9470
387.8,95231
387.9,14289
387.9,17467
387.9,20145
387.9,34564
387.9,36799
387.95,14930
387.95,16204
387.95,16966
387.95,17541
387.9,5412
387.95,57544
387.95,6660
387.9,84734
388.0,12815
388.0,21251
388.0,34907
388.0,48071
388.05,16943
388.05,22299
388.05,29497
388.05,5292
388.05,74883
388.0,58168
388.05,92447
388.0,83211
388.1,27595
388.1,32107
388.1,4825
388.15,12406
388.15,129176
388.1,5192
388.15,28302
388.15,5105
388.15,68044
388.2,155300
388.2,33182
388.25,11112
388.25,23008
388.25,31680
388.25,38969
388.2,64336
388.3,40511
388.3,4437
388.35,21343
388.3,5264
388.3,53352
388.35,38944
388.3,57568
388.45,18450
388.45,202700
388.45,24118
388.45,2615
388.45,83221
388.45,93935
388.4,7116
388.55,27575
388.55,63736
388.5,7347
388.6,20158
388.6,35662
388.65,6048
388.75,16675
388.8,13223
388.8,18410
388.8,22455
388.85,10989
388.85,23630
388.8,53500
388.85,69145
388.8,8132
388.8,9955
388.95,48712
388.95,5216
388.9,87508
389.0,14852
389.0,28531
389.05,46034
389.1,124146
389.1,56726
389.2,37925
389.25,46516
389.25,67153
389.2,6789
389.2,80901
389.3,18946
389.3,29164
389.35,12630
389.35,73711
389.4,36963
389.4,47199
389.45,28218
389.45,81373
389.5,396432
389.55,15203
389.55,80802
389.65,261620
389.65,31617
389.6,57327
389.65,76724
389.7,140085
389.7,18751
389.7,24284
389.7,24433
389.75,104852
389.75,33834
389.75,40290
389.7,61694
389.85,105513
389.85,14812
389.8,53383
389.8,80475
389.8,9459
389.9,11083
389.9,12914
389.95,19672
389.95,310554
389.95,31073
389.95,41676
389.9,56121
389.95,82489
390.05,241701
390.05,5971
390.0,6642
390.0,96956
390.1,13663
390.1,25100
390.1,26240
390.1,31045
390.15,32469
390.25,27210
390.25,27528
390.25,30957
390.25,31116
390.2,55120
390.2,61238
390.2,8829
390.3,107347
390.3,11695
390.3,35558
390.3,42736
390.35,36094
390.4,17068
390.4,44335
390.45,221192
390.5,14250
390.5,19392
390.5,20662
390.55,22257
390.55,7222
390.6,34888
390.65,10713
390.65,16906
390.65,22641
390.65,29299
390.65,379464
390.65,4120
390.6,8708
390.7,104932
390.7,21698
390.7,37383
390.75,100127
390.75,18861
390.75,24350
390.75,26264
390.75,49267
390.75,6207
390.8,20280
390.8,32241
390.8,34966
390.85,127522
390.85,17861
390.85,19612
390.85,22296
390.85,25517
390.85,32040
390.85,87971
390.8,71013
390.8,8521
390.9,22893
390.9,35999
390.95,11107
390.95,66033
390.95,8047
390.95,94522
390.9,8517
391.0,17700
391.0,22151
391.0,25802
391.0,25991
391.0,2604
391.0,26292
391.0,26488
391.0,29073
391.0,39681
391.0,41261
391.0,41927
391.0,48799
391.05,11312
391.05,141192
391.05,18548
391.05,22753
391.05,23900
391.05,28489
391.05,30278
391.05,33716
391.0,60819
391.0,63952
391.1,10442
391.1,12204
391.1,18413
391.1,25029
391.1,26175
391.1,32497
391.1,42336
391.1,4589
391.1,4981
391.15,10676
391.15,177728
391.15,22133
391.15,24073
391.15,25657
391.15,31075
391.15,45751
391.15,78140
391.2,18917
391.2,3888
391.25,16381
391.25,17642
391.25,23510
391.25,2585
391.25,25983
391.25,30657
391.25,35099
391.25,3602
391.2,5913
391.2,68053
391.2,74774
391.2,76606
391.3,11372
391.3,13431
391.3,25082
391.3,26205
391.35,19126
391.35,24380
391.35,30877
391.35,35048
391.35,40406
391.35,4244
391.35,46156
391.35,75466
391.3,6694
391.3,7532
391.4,18521
391.4,24582
391.4,28885
391.45,19121
391.45,27872
391.45,29071
391.45,32072
391.45,37049
391.4,88266
391.5,12090
391.5,3124
391.5,3456
391.55,10284
391.55,17460
391.55,3672
391.55,41302
391.55,4411
391.55,5897
391.55,7014
391.55,73684
391.55,7433
391.5,7926
391.6,11667
391.6,12516
391.6,133518
391.6,25394
391.6,36355
391.65,15859
391.65,16249
391.65,18735
391.65,35807
391.65,47680
391.65,51794
391.65,54271
391.65,57340
391.6,7077
391.6,8717
391.7,15579
391.7,22877
391.7,2801
391.7,3645
391.7,4604
391.7,50484
391.75,14485
391.75,27699
391.75,332516
391.75,3489
391.75,48294
391.7,55818
391.75,6637
391.75,8207
391.7,8616
391.8,13054
391.8,132802
391.8,22666
391.8,23658
391.8,25462
391.8,28258
391.8,360744
391.8,40162
391.8,40582
391.85,206698
391.8,52502
391.85,3424
391.85,39407
391.85,4307
391.8,54997
391.85,65359
391.85,8703
391.8,72890
391.8,7454
391.8,8676
391.8,9763
391.8,9785
391.9,10939
391.9,43842
391.9,46473
391.95,22245
391.95,22499
391.95,33957
391.95,36057
391.95,38760
391.95,56214
391.95,5693
391.9,8609
392.0,18033
392.0,24327
392.0,30278
392.0,31479
392.0,33303
392.0,33700
392.0,41839
392.0,43038
392.05,17738
392.05,18190
392.05,28506
392.05,50724
392.05,62814
392.05,77981
392.05,8820
392.0,6981
392.0,7757
392.1,22648
392.1,22880
392.1,26609
392.1,30211
392.1,3107
392.1,37367
392.15,111042
392.15,140221
392.15,19357
392.15,19465
392.15,27941
392.15,32708
392.15,34460
392.15,37598
392.15,41754
392.15,42651
392.15,42950
392.1,8393
392.2,104179
392.2,16387
392.2,27626
392.25,11820
392.25,12782
392.25,19726
392.25,21342
392.25,385595
392.25,6157
392.25,7748
392.25,92117
392.2,6396
392.2,79189
392.2,90281
392.3,111441
392.3,20379
392.3,21957
392.3,26952
392.3,3744
392.3,4463
392.3,51045
392.3,52087
392.35,40890
392.3,56335
392.4,10394
392.4,120368
392.4,156754
392.4,35601
392.4,42688
392.45,116397
392.45,116509
392.45,177583
392.45,36482
392.4,54967
392.45,53946
392.45,60922
392.45,72849
392.5,13434
392.5,13849
392.5,15450
392.5,25997
392.5,27613
392.5,34967
392.5,41792
392.5,4353
392.5,49056
392.55,14733
392.55,182883
392.55,190048
392.55,21374
392.55,52792
392.55,6142
392.5,61732
392.5,6432
392.5,7268
392.5,7873
392.5,9079
392.6,14737
392.6,180578
392.6,252926
392.6,31227
392.6,35483
392.6,39578
392.65,5122
392.65,6344
392.65,6767
392.7,11365
392.7,11607
392.7,13838
392.7,14611
392.7,14669
392.7,17164
392.7,390011
392.75,16043
392.75,21195
392.75,237534
392.75,52949
392.75,5558
392.75,8747
392.7,7202
392.7,97853
392.8,138143
392.8,317107
392.85,55762
392.9,13951
392.9,16732
392.9,45890
392.95,17552
392.95,25440
392.95,38975
392.95,7826
392.9,74567
392.9,7568
393.0,13958
393.0,18462
393.0,20823
393.0,3932
393.05,16071
393.05,21312
393.05,309384
393.05,83724
393.0,6992
393.0,9428
393.1,11599
393.1,13486
393.1,15680
393.1,46645
393.15,101766
393.15,11369
393.15,17941
393.15,29218
393.15,34548
393.15,4130
393.15,6649
393.15,6690
393.1,6524
393.1,7515
393.2,128737
393.2,19809
393.2,28530
393.25,110124
393.25,13829
393.25,16404
393.25,17633
393.25,23944
393.25,29281
393.25,4691
393.25,51163
393.25,60325
393.25,9210
393.2,9792
393.3,10225
393.3,10607
393.3,12243
393.3,146892
393.3,172492
393.3,18297
393.3,18977
393.3,37828
393.3,48236
393.3,5023
393.35,163928
393.35,19203
393.35,22523
393.35,39277
393.35,42543
393.35,5526
393.35,67663
393.35,6927
393.35,75691
393.3,6549
393.4,124539
393.4,13081
393.4,162916
393.4,30408
393.4,33514
393.45,12734
393.45,16079
393.45,37196
393.45,4804
393.4,5503
393.4,5568
393.45,5946
393.45,70805
393.45,8693
393.45,8725
393.4,9233
393.5,10154
393.5,12476
393.5,16723
393.5,22732
393.5,23906
393.5,26870
393.5,38118
393.55,21429
393.55,36896
393.55,46679
393.55,4932
393.55,52007
393.55,54550
393.55,56190
393.55,6280
393.6,116760
393.6,26707
393.6,28044
393.6,32049
393.6,39078
393.6,403867
393.6,49404
393.65,13423
393.65,138737
393.65,45336
393.65,4955
393.65,70936
393.6,6862
393.6,9585
393.7,15211
393.7,26841
393.7,26865
393.7,33560
393.75,11463
393.7,5117
393.75,16661
393.75,34806
393.75,35149
393.7,54328
393.75,57841
393.75,7985
393.8,101562
393.8,19668
393.8,38541
393.85,17702
393.85,191301
393.85,19585
393.85,32472
393.85,46910
393.85,47807
393.85,56981
393.8,56568
393.85,66541
393.8,66968
393.9,28617
393.9,37078
393.9,45422
393.95,15448
393.95,17105
393.9,52448
393.95,29883
393.95,41024
393.95,58221
393.95,7655
393.95,86606
393.9,83348
394.0,13665
394.0,15500
394.0,253649
394.0,29342
394.0,34235
394.0,40813
394.0,50312
394.05,20020
394.05,252085
394.05,26874
394.05,46102
394.05,48855
394.0,61166
394.1,173813
394.1,17804
394.1,40928
394.1,48483
394.1,49569
394.1,51034
394.15,25868
394.15,275098
394.15,31839
394.15,36171
394.15,57712
394.1,9052
394.2,114723
394.2,12212
394.2,18173
394.2,24286
394.2,25452
394.2,273639
394.25,107712
394.25,28116
394.25,282012
394.25,286286
394.25,28817
394.25,4898
394.25,95697
394.2,71002
394.3,106524
394.3,112217
394.3,12447
394.3,125718
394.3,13954
394.3,164421
394.3,16818
394.3,180851
394.3,214252
394.3,24949
394.3,47563
394.35,189364
394.35,195407
394.35,221022
394.3,8868
394.4,140695
394.4,28944
394.4,34049
394.4,37341
394.45,1150558
394.45,190126
394.45,28395
394.45,36030
394.45,51826
394.4,58078
394.45,9268
394.5,10447
394.5,154353
394.5,187907
394.5,27767
394.5,34976
394.5,357615
394.5,39473
394.5,45261
394.55,13315
394.55,16760
394.55,4318
394.55,51503
394.55,6573
394.55,68305
394.55,77861
394.55,79096
394.55,9791
394.5,6267
394.6,100190
394.6,13743
394.6,170830
394.6,172857
394.6,308572
394.6,34136
394.6,39033
394.6,51567
394.65,249702
394.65,25422
394.6,53596
394.65,42018
394.65,42124
394.65,43093
394.65,55344
394.65,74937
394.65,98852
394.6,89001
394.7,12460
394.7,12592
394.7,15920
394.7,238649
394.7,28015
394.7,39809
394.75,111606
394.75,206916
394.75,213924
394.75,31222
394.75,46146
394.75,71628
394.75,86114
394.75,97081
394.8,105103
394.8,105512
394.8,14727
394.8,198234
394.8,24807
394.8,28040
394.8,28791
394.8,4363
394.8,43960
394.85,10845
394.85,17352
394.85,19492
394.85,201680
394.85,214896
394.85,274429
394.85,35524
394.85,45096
394.85,49241
394.85,56034
394.85,70803
394.85,8625
394.8,60213
394.8,8873
394.8,9069
394.9,107244
394.9,121591
394.9,14135
394.9,18875
394.9,283296
394.9,29723
394.9,31964
394.9,41157
394.9,48191
394.95,117382
394.95,36758
394.95,48667
394.95,6565
394.95,7396
394.95,85107
394.95,9847
394.9,66563
394.9,7787
395.0,10480
395.0,11491
395.0,11793
395.0,13113
395.0,16836
395.0,17224
395.0,195790
395.0,21004
395.0,26834
395.0,34260
395.0,44031
395.0,47630
395.05,11027
395.05,13163
395.05,21507
395.05,24717
395.05,26850
395.05,30778
395.05,32324
395.05,36954
395.05,42495
395.05,45748
395.05,48709
395.05,64912
395.0,66238
395.0,75947
395.0,96672
395.1,10191
395.1,142175
395.1,211124
395.1,25206
395.1,26045
395.1,33888
395.1,34872
395.1,43515
395.1,45856
395.15,192101
395.15,20340
395.15,20769
395.15,21490
395.1,52773
395.15,31679
395.15,32504
395.15,38182
395.15,41307
395.15,69201
395.15,69865
395.15,70577
395.15,82219
395.15,88391
395.1,82438
395.2,107932
395.2,31596
395.2,38177
395.2,46400
395.25,13866
395.25,149961
395.25,177296
395.25,22507
395.25,27002
395.25,28772
395.25,318236
395.25,393753
395.25,41446
395.2,56785
395.25,89857
395.2,68602
395.2,75245
395.3,135900
395.3,14904
395.3,35631
395.35,28466
395.35,305447
395.35,34879
395.35,77906
395.3,63686
395.4,11230
395.4,11996
395.4,120061
395.4,17769
395.4,18155
395.4,30697
395.4,51143
395.45,117470
395.45,175871
395.45,205476
395.45,39354
395.45,64963
395.45,81023
395.4,66392
395.5,24603
395.5,33866
395.5,45220
395.55,20324
395.55,24052
395.55,307540
395.55,53028
395.55,60074
395.55,70177
395.55,94742
395.5,84528
395.6,126553
395.6,150064
395.6,150307
395.6,16610
395.6,217313
395.6,24402
395.6,44034
395.6,44279
395.65,11345
395.6,51686
395.65,25779
395.65,33835
395.65,39518
395.65,43402
395.6,7891
395.6,78921
395.7,100661
395.7,116538
395.7,12562
395.7,144549
395.7,14814
395.7,187298
395.7,216417
395.7,22280
395.7,33197
395.7,47146
395.7,47962
395.75,18058
395.75,25051
395.75,25682
395.7,57075
395.7,61330
395.7,63140
395.8,107428
395.8,115291
395.8,119958
395.8,12945
395.8,131096
395.8,16206
395.8,17640
395.8,17847
395.8,20090
395.8,22273
395.8,29206
395.8,34069
395.85,102597
395.85,10932
395.85,14452
395.85,14879
395.85,157200
395.85,15915
395.85,16352
395.85,17948
395.85,18709
395.85,20852
395.85,21488
395.85,21722
395.85,23735
395.85,25309
395.85,34040
395.85,46601
395.85,47248
395.85,67388
395.85,9094
395.8,74985
395.9,10129
395.9,14662
395.9,16467
395.9,19400
395.9,209559
395.9,28316
395.9,29530
395.9,36880
395.9,3726
395.9,50828
395.95,10742
395.95,112260
395.95,113450
395.95,12299
395.95,131493
395.95,15421
395.95,185751
395.95,193443
395.95,19474
395.9,51959
395.95,201898
395.95,22917
395.95,24079
395.95,32439
395.95,83080
396.0,11610
396.0,144698
396.0,145420
396.0,152589
396.0,18633
396.0,204017
396.0,22080
396.0,22341
396.0,23919
396.0,239544
396.0,27187
396.0,274577
396.0,28931
396.0,31268
396.0,32219
396.0,35446
396.0,36376
396.0,39174
396.0,39962
396.05,105522
396.05,106355
396.05,156699
396.05,17668
396.05,195275
396.05,20068
396.05,20863
396.05,21659
396.05,22029
396.05,22641
396.05,24543
396.05,25014
396.05,29183
396.05,32429
396.05,32945
396.05,33867
396.05,37206
396.05,38200
396.0,56566
396.05,68408
396.05,75723
396.0,58449
396.0,70799
396.0,7282
396.0,89854
396.0,90089
396.1,16638
396.1,18826
396.1,19313
396.1,27281
396.1,28728
396.1,33307
396.1,36014
396.1,39268
396.1,39611
396.1,4570
396.1,46506
396.15,121382
396.15,12568
396.15,14559
396.15,16652
396.15,18043
396.15,18866
396.15,22920
396.15,23797
396.15,36643
396.15,45660
396.15,5055
396.15,52127
396.15,77502
396.15,80918
396.15,86116
396.2,13927
396.2,16136
396.2,18273
396.2,18536
396.2,200876
396.2,22601
396.2,24452
396.2,28235
396.2,31280
396.2,34316
396.2,35190
396.25,165962
396.25,17489
396.25,25004
396.25,45272
396.25,48146
396.25,52351
396.25,81771
396.2,59514
396.2,73024
396.2,8508
396.2,9715
396.3,13316
396.3,13633
396.3,194362
396.3,19925
396.3,23381
396.3,28931
396.3,42396
396.35,109943
396.35,120843
396.35,15135
396.35,21319
396.35,22494
396.35,25629
396.35,36752
396.35,40692
396.35,50970
396.35,52707
396.35,70342
396.35,74342
396.35,83344
396.3,71437
396.4,16616
396.4,18324
396.4,192150
396.4,19498
396.4,20485
396.4,21967
396.4,22123
396.4,22961
396.4,28438
396.4,29904
396.4,30196
396.4,33622
396.4,34116
396.4,34758
396.4,41158
396.4,45027
396.4,49310
396.45,15955
396.45,26234
396.45,26274
396.45,55865
396.45,73372
396.5,11210
396.5,14685
396.5,15213
396.5,15352
396.5,16988
396.5,176996
396.5,23970
396.5,303901
396.5,37868
396.5,49651
396.55,115642
396.55,134928
396.55,15503
396.55,25617
396.55,294420
396.55,29651
396.55,35497
396.55,41207
396.55,63061
396.55,70213
396.55,71479
396.55,78925
396.55,85347
396.55,99971
396.5,96470
396.5,97741
396.6,116338
396.6,16397
396.6,19838
396.6,20805
396.6,24153
396.6,248922
396.6,31583
396.6,43893
396.6,48825
396.65,12334
396.65,168080
396.65,19224
396.65,21582
396.65,26885
396.65,29439
396.65,36049
396.65,38919
396.65,40084
396.65,52590
396.65,62016
396.65,98125
396.7,141847
396.7,16189
396.7,20270
396.7,42418
396.7,49787
396.75,17751
396.75,25018
396.75,25676
396.75,27395
396.75,28121
396.75,311485
396.75,33436
396.75,52539
396.75,67205
396.7,59531
396.7,68381
396.7,78887
396.8,12340
396.8,14407
396.8,17473
396.8,18409
396.8,24671
396.8,26759
396.8,32983
396.8,46239
396.85,18969
396.85,29473
396.85,40234
396.9,17614
396.9,194530
396.9,31154
396.9,32405
396.9,38875
396.95,12942
396.95,136396
396.95,19981
396.95,21333
396.9,52441
396.95,25601
396.95,26659
396.95,26842
396.95,27705
396.95,29585
396.95,34009
396.9,53406
396.95,35430
396.95,36702
396.95,47579
397.0,112663
397.0,17738
397.0,182847
397.0,19890
397.0,20978
397.0,30813
397.0,31146
397.0,31525
397.0,42145
397.0,44609
397.0,468098
397.0,47152
397.0,50795
397.0,51687
397.05,18945
397.05,36677
397.05,38343
397.05,38529
397.0,70615
397.0,7469
397.0,81489
397.1,15192
397.1,22261
397.1,28806
397.1,34205
397.1,35055
397.1,36264
397.1,46389
397.15,14406
397.15,21938
397.15,31592
397.15,73809
397.1,88987
397.2,100753
397.2,106038
397.2,164226
397.2,21158
397.2,22187
397.2,34285
397.25,21769
397.25,26487
397.25,34393
397.25,35425
397.25,36482
397.25,36571
397.25,38786
397.25,51234
397.2,96850
397.2,97179
397.3,11628
397.3,13878
397.3,23227
397.3,23441
397.3,23886
397.3,36385
397.3,44724
397.35,18198
397.35,18495
397.35,21969
397.35,23132
397.35,23225
397.35,23681
397.35,23715
397.35,26073
397.35,26950
397.35,29317
397.35,30009
397.3,8929
397.4,10231
397.4,14370
397.4,19565
397.4,21377
397.4,24955
397.4,25168
397.4,28402
397.45,12189
397.4,51494
397.45,15701
397.45,21024
397.45,21084
397.45,22123
397.45,23332
397.45,25299
397.45,27324
397.45,32091
397.45,36063
397.45,40618
397.45,44548
397.45,53492
397.45,9908
397.4,93322
397.5,14519
397.5,14968
397.5,15253
397.5,16589
397.5,178527
397.5,19242
397.5,21317
397.5,21852
397.5,26833
397.5,27551
397.5,28111
397.5,28258
397.5,28902
397.5,36214
397.5,42513
397.55,10352
397.55,11551
397.55,13401
397.55,13650
397.55,13879
397.55,144563
397.55,15118
397.55,15402
397.55,15807
397.5,51605
397.55,16177
397.55,17170
397.55,18005
397.55,21274
397.55,23632
397.55,23861
397.55,27436
397.55,27503
397.55,35107
397.55,37031
397.55,4487
397.5,55046
397.55,54717
397.55,55741
397.55,9067
397.5,85363
397.6,19080
397.6,19579
397.6,21788
397.6,22959
397.6,26938
397.6,27565
397.6,29895
397.6,30954
397.6,32496
397.6,33364
397.6,37897
397.6,43379
397.6,50163
397.65,11940
397.65,12538
397.65,12804
397.65,15593
397.65,19429
397.65,19947
397.65,20197
397.6,52497
397.65,29789
397.65,39519
397.65,72399
397.6,80470
397.7,16486
397.7,21078
397.7,21328
397.7,24761
397.7,30853
397.7,30887
397.7,45102
397.75,10740
397.75,13449
397.75,15962
397.75,18225
397.75,33802
397.75,34962
397.75,36769
397.75,80720
397.7,79638
397.7,95722
397.8,102500
397.8,11681
397.8,11717
397.8,14428
397.8,16499
397.8,20261
397.8,28667
397.85,137495
397.85,14854
397.85,19918
397.85,24334
397.85,37112
397.85,37863
397.85,42273
397.85,8729
397.85,88735
397.8,6470
397.8,78667
397.9,12185
397.9,15117
397.9,18522
397.9,20977
397.9,22235
397.9,27362
397.9,31298
397.9,39394
397.95,13718
397.95,15593
397.95,191165
397.95,19970
397.95,21182
397.95,21229
397.95,220625
397.95,24254
397.95,26877
397.95,46537
397.95,67238
398.0,103040
398.0,22414
398.0,22423
398.0,22922
398.05,39444
398.0,56470
398.05,8415
398.1,12995
398.1,15153
398.1,29107
398.1,35838
398.1,36444
398.15,12811
398.15,13286
398.15,145361
398.15,16869
398.15,43590
398.15,62187
398.2,102735
398.2,14316
398.2,18896
398.2,19378
398.2,22312
398.2,32973
398.25,18032
398.25,22126
398.25,294025
398.25,32295
398.2,53898
398.25,43771
398.25,484773
398.25,48796
398.25,61316
398.2,67214
398.3,110528
398.3,17971
398.3,19241
398.3,37748
398.35,21950
398.35,22315
398.35,38275
398.35,50462
398.4,25149
398.4,27983
398.4,28647
398.4,28754
398.4,35899
398.45,29425
398.45,35453
398.5,12419
398.5,135336
398.5,14129
398.5,16476
398.5,181436
398.5,26261
398.5,30564
398.5,31573
398.5,47091
398.5,48782
398.55,167630
398.55,17260
398.55,23027
398.55,23940
398.55,46022
398.55,57632
398.55,704948
398.55,8964
398.6,14781
398.6,16793
398.6,18598
398.6,26927
398.6,30394
398.6,31088
398.65,11876
398.65,12414
398.65,14366
398.65,15694
398.65,16884
398.65,20127
398.65,22664
398.65,22860
398.65,27326
398.65,31832
398.65,44417
398.65,46422
398.65,46472
398.65,53415
398.7,12019
398.7,16023
398.7,16255
398.7,17770
398.7,18746
398.7,21551
398.7,22955
398.7,28182
398.7,41053
398.7,50437
398.75,13691
398.75,15626
398.75,16817
398.75,18795
398.75,19605
398.75,19735
398.7,52826
398.75,31801
398.75,7821
398.75,85715
398.7,65783
398.7,8289
398.8,109976
398.8,11759
398.8,13790
398.8,19758
398.8,268216
398.8,29137
398.8,34954
398.8,38240
398.8,45814
398.85,12135
398.85,15003
398.85,19707
398.85,31158
398.85,31797
398.85,352014
398.85,36630
398.85,7692
398.85,9390
398.8,82767
398.8,9148
398.8,9867
398.9,11712
398.9,12265
398.9,12406
398.9,16373
398.9,16965
398.9,18624
398.9,21407
398.9,22419
398.9,23747
398.9,24070
398.9,24260
398.9,32284
398.9,33741
398.95,10147
398.95,12009
398.95,13063
398.95,16118
398.95,16688
398.95,20123
398.95,20361
398.95,22845
398.95,23767
398.95,23934
398.95,28942
398.95,29547
398.95,32483
398.9,68018
399.0,10634
399.0,11905
399.0,16114
399.0,16243
399.0,19700
399.0,22111
399.0,26571
399.0,33817
399.0,35607
399.0,35969
399.0,36912
399.0,40367
399.0,42503
399.05,10538
399.05,14844
399.05,16503
399.05,18326
399.05,19161
399.05,19580
399.05,20851
399.05,23845
399.05,24990
399.05,32188
399.05,35235
399.05,45461
399.0,62224
399.0,64708
399.0,7210
399.0,86207
399.0,9191
399.1,16771
399.1,20857
399.1,22353
399.1,23454
399.1,28775
399.1,31596
399.15,10969
399.15,13295
399.15,14535
399.15,34810
399.15,41468
399.15,61703
399.15,75868
399.15,9342
399.2,10972
399.2,17438
399.2,19034
399.2,20335
399.2,23523
399.2,24595
399.2,26214
399.2,27061
399.2,43254
399.25,12562
399.25,16830
399.25,21368
399.25,22366
399.25,27583
399.25,41995
399.25,71035
399.25,8772
399.2,62594
399.3,11663
399.3,12509
399.3,12882
399.3,13332
399.3,22272
399.3,441171
399.35,16075
399.35,17470
399.35,25461
399.35,28086
399.35,34217
399.35,34714
399.3,81960
399.4,102888
399.4,288282
399.4,33201
399.4,38804
399.4,39325
399.4,45091
399.45,10935
399.45,11995
399.45,14121
399.45,15144
399.4,62779
399.5,12078
399.5,19379
399.5,23359
399.5,24973
399.5,29100
399.5,30957
399.5,33419
399.5,36978
399.5,37915
399.55,10193
399.55,10912
399.55,14030
399.55,17691
399.55,21280
399.55,62567
399.5,58123
399.5,58702
399.55,9923
399.5,60929
399.5,91954
399.6,23591
399.6,39339
399.65,13674
399.65,16937
399.65,17056
399.65,18799
399.65,20398
399.65,59166
399.65,90323
399.6,61804
399.6,9913
399.7,140792
399.7,17509
399.7,19454
399.7,22534
399.7,260012
399.7,26788
399.7,29968
399.7,306877
399.7,38903
399.7,409775
399.75,14829
399.75,16742
399.75,16881
399.75,17791
399.75,180634
399.75,23779
399.75,29079
399.75,327632
399.75,5587
399.75,55911
399.7,6717
399.8,10077
399.8,12601
399.8,14261
399.8,157654
399.8,16011
399.8,16026
399.8,17547
399.8,19226
399.8,38406
399.8,42447
399.85,12778
399.85,13812
399.85,13914
399.85,17204
399.85,19974
399.85,21603
399.85,29945
399.85,32890
399.8,59182
399.8,68733
399.8,7129
399.8,8255
399.9,12590
399.9,14254
399.9,24952
399.9,26696
399.9,37473
399.9,47565
399.95,10055
399.95,16028
399.95,20098
399.95,50750
399.95,61817
399.9,74027
400.0,152999
400.0,18619
400.0,203892
400.0,23079
400.0,23698
400.0,24020
400.0,33634
400.0,37141
400.0,39539
400.0,40149
400.0,45564
400.05,16150
400.05,165582
400.05,17554
400.05,18439
400.05,22597
400.05,31397
400.05,35111
400.05,37955
400.05,47126
400.0,55193
400.05,54607
400.0,56145
400.0,72732
400.0,89061
400.0,9600
400.1,18861
400.1,19690
400.1,33122
400.1,38644
400.15,10673
400.15,17749
400.15,20277
400.15,23377
400.15,27728
400.15,28390
400.15,30590
400.15,41936
400.15,42385
400.15,46460
400.15,47179
400.15,9329
400.2,100296
400.2,104976
400.2,133277
400.2,14748
400.2,18891
400.25,19186
400.25,21543
400.25,30676
400.25,34180
400.25,36010
400.2,61084
400.3,111975
400.3,12318
400.35,206637
400.35,25598
400.35,289660
400.35,292982
400.35,33261
400.3,54963
400.4,11226
400.4,12336
400.4,18839
400.4,24051
400.4,25662
400.4,34918
400.4,38179
400.45,12509
400.45,19227
400.45,34166
400.45,35096
400.45,41012
400.45,43447
400.45,75476
400.4,64411
400.5,13133
400.5,16644
400.5,30434
400.5,30700
400.5,33024
400.5,36393
400.55,15517
400.55,15673
400.55,19833
400.55,26408
400.55,44183
400.6,26018
400.6,276259
400.6,35718
400.6,45897
400.65,14767
400.65,156957
400.65,33660
400.65,36531
400.65,45813
400.65,67906
400.7,15968
400.7,19514
400.7,24127
400.7,42572
400.75,23370
400.75,24815
400.75,37898
400.75,41983
400.75,4281
400.75,73634
400.7,61637
400.7,68319
400.8,107022
400.8,42128
400.85,12186
400.85,128919
400.85,13259
400.85,153139
400.85,157661
400.85,23091
400.85,35974
400.85,9649
400.8,68214
400.8,82523
400.9,12017
400.9,17240
400.9,20255
400.9,24884
400.95,14756
400.95,16414
400.95,28445
400.95,35839
400.95,48397
400.95,67021
400.95,76143
400.9,76756
400.9,85111
401.0,11710
401.0,21406
401.0,34656
401.0,35651
401.0,45469
401.05,13755
401.05,23859
401.05,26205
401.05,30562
401.05,56927
401.05,67276
401.05,68110
401.05,9600
401.0,62793
401.0,74997
401.1,11047
401.1,11445
401.1,13381
401.1,15665
401.1,16982
401.1,33411
401.1,49182
401.15,17376
401.15,27935
401.15,50654
401.15,68833
401.15,7792
401.1,58772
401.15,90038
401.2,128607
401.2,15073
401.2,16700
401.2,18615
401.2,38240
401.25,15857
401.25,16933
401.25,212283
401.25,85406
401.2,62098
401.2,64516
401.2,6586
401.2,80031
401.2,9242
401.3,15740
401.3,22509
401.3,26275
401.3,32529
401.3,34250
401.3,48329
401.35,100389
401.35,27262
401.35,29845
401.35,33764
401.35,38012
401.35,42353
401.35,54512
401.35,5945
401.35,66152
401.3,56711
401.35,89728
401.3,64095
401.3,79189
401.4,19309
401.4,19618
401.4,26101
401.4,38623
401.4,41443
401.45,11722
401.45,17223
401.45,221703
401.45,27405
401.45,30304
401.45,30911
401.45,42157
401.45,82134
401.4,81383
401.5,116149
401.5,15152
401.5,16347
401.5,18876
401.5,19016
401.5,26597
401.5,35242
401.5,38994
401.5,40251
401.5,41348
401.55,101444
401.55,129966
401.55,18689
401.55,27727
401.55,30040
401.55,30230
401.55,36866
401.55,39367
401.55,48793
401.55,56218
401.55,58970
401.55,59970
401.5,59805
401.5,71178
401.6,11253
401.6,17173
401.6,17478
401.6,19638
401.6,31219
401.6,40039
401.65,104943
401.65,22643
401.65,23023
401.65,28124
401.65,35087
401.65,57629
401.6,57213
401.65,78078
401.65,9161
401.65,97658
401.6,59769
401.7,14863
401.7,15421
401.7,237814
401.7,27256
401.7,29227
401.7,29465
401.75,10087
401.75,115383
401.75,23946
401.75,39281
401.75,46276
401.75,77750
401.7,73167
401.7,8087
401.7,88214
401.8,119063
401.8,153334
401.8,30212
401.85,25027
401.85,42065
401.85,43087
401.85,54497
401.9,119704
401.9,14194
401.9,19197
401.9,25017
401.95,125100
401.95,22725
401.95,37476
401.95,60131
401.95,61686
401.9,72032
401.9,72823
402.0,13154
402.0,32106
402.0,35371
402.05,113665
402.0,51257
402.05,17772
402.05,19134
402.05,23742
402.05,29525
402.0,53976
402.0,54090
402.05,41124
402.05,54482
402.05,96012
402.0,67071
402.1,123493
402.1,23041
402.15,21643
402.15,23565
402.15,246990
402.15,33398
402.15,40304
402.15,42552
402.15,52535
402.1,58416
402.15,99559
402.2,100205
402.2,11494
402.2,19320
402.2,20188
402.2,23629
402.2,25051
402.2,31026
402.2,35750
402.2,39442
402.2,41783
402.2,45179
402.25,11746
402.25,31245
402.25,35608
402.25,6919
402.2,85134
402.3,119907
402.3,22392
402.3,24527
402.3,39403
402.3,48035
402.35,111945
402.35,11736
402.35,12776
402.35,18871
402.35,20862
402.35,24935
402.35,26784
402.35,27819
402.35,27902
402.35,30389
402.3,63863
402.3,78223
402.4,185312
402.4,21862
402.4,27069
402.4,28362
402.4,29312
402.4,35820
402.45,16698
402.45,16742
402.45,17123
402.45,22922
402.45,28818
402.45,78275
402.4,72916
402.5,20394
402.5,20726
402.5,25226
402.5,29129
402.5,41367
402.5,46097
402.55,140296
402.55,21951
402.55,35538
402.55,45315
402.5,566453
402.5,77864
402.5,78661
402.6,12213
402.6,20824
402.6,39292
402.6,40860
402.6,45751
402.65,62747
402.7,10077
402.7,26464
402.7,335818
402.7,41197
402.7,42418
402.7,47740
402.7,48193
402.75,20415
402.75,224250
402.75,36841
402.75,38975
402.75,46034
402.7,77563
402.8,15991
402.8,21565
402.85,11043
402.85,14254
402.85,45267
402.8,64820
402.8,74281
402.8,93144
402.8,9987
402.95,29433
402.9,75950
403.0,11890
403.0,128041
403.0,18956
403.0,46557
403.05,27521
403.05,28748
403.05,33322
403.05,87170
403.0,92561
403.1,10984
403.15,25822
403.15,29551
403.15,461375
403.15,52568
403.15,57217
403.15,58983
403.2,30552
403.3,15331
403.35,100573
403.35,94367
403.35,99465
403.3,60442
403.45,17447
403.45,24548
403.45,37840
403.4,77844
403.5,126064
403.5,19474
403.5,22683
403.5,27631
403.5,49516
403.55,254041
403.55,31223
403.55,48257
403.55,86663
403.6,18732
403.6,37905
403.6,38936
403.6,39657
403.65,36656
403.6,77368
403.7,14127
403.75,14173
403.75,15525
403.75,158285
403.75,86599
403.8,17235
403.8,43526
403.8,46717
403.85,16391
403.85,77167
403.9,22836
403.9,27865
403.9,387526
403.95,22672
404.0,15633
404.0,18535
404.05,17025
404.05,21454
404.05,51526
404.0,96537
404.1,30049
404.15,106492
404.15,12444
404.15,22653
404.15,38463
404.15,47244
404.2,11208
404.2,16949
404.2,27546
404.2,29351
404.2,37715
404.25,122566
404.25,23538
404.25,24472
404.25,29158
404.25,43427
404.25,43969
404.25,58258
404.3,12732
404.3,13416
404.3,14173
404.3,25444
404.3,45450
404.35,10864
404.35,40497
404.35,6516
404.3,92479
404.3,96364
404.3,9733
404.4,10837
404.4,22081
404.4,25772
404.4,30678
404.4,44202
404.45,17228
404.45,239094
404.45,38636
404.45,39696
404.4,71967
404.4,78774
404.5,140694
404.5,15265
404.5,18801
404.5,20816
404.5,21402
404.5,29648
404.5,42166
404.55,40773
404.55,8403
404.5,67171
404.6,16381
404.6,16614
404.6,17854
404.6,24818
404.65,16685
404.65,231207
404.65,62440
404.6,63446
404.7,17944
404.7,22127
404.7,22231
404.7,322141
404.7,35647
404.7,43071
404.75,15026
404.75,15261
404.75,15484
404.75,17582
404.75,23008
404.8,11541
404.8,16626
404.8,17093
404.8,21528
404.8,28494
404.8,31342
404.8,31996
404.85,17447
404.85,17896
404.85,18590
404.85,22499
404.85,22654
404.85,30662
404.85,8032
404.8,76411
404.9,113645
404.9,13031
404.9,21545
404.95,19063
404.95,35197
404.9,57816
404.9,64940
404.9,65698
405.0,101790
405.0,10936
405.0,118414
405.0,131007
405.0,21602
405.0,26732
405.0,35096
405.0,50289
405.05,10439
405.05,137016
405.05,151807
405.0,65482
405.0,79978
405.1,21276
405.1,27383
405.15,15584
405.15,27435
405.1,5343
405.15,35406
405.2,12038
405.2,129951
405.2,15782
405.2,16661
405.2,18408
405.2,21102
405.2,37782
405.25,10531
405.25,18060
405.25,21617
405.25,36373
405.25,40696
405.2,80331
405.3,15486
405.3,29592
405.35,18893
405.35,24660
405.35,28604
405.35,45753
405.35,50583
405.4,10332
405.45,27485
405.45,45838
405.4,91323
405.5,144721
405.55,16783
405.55,41071
405.5,80537
405.6,12745
405.6,14834
405.6,26217
405.65,25042
405.65,311049
405.65,7076
405.6,61049
405.6,8208
405.7,14822
405.7,18502
405.7,28841
405.75,150044
405.75,313148
405.75,36072
405.7,8079
405.8,16328
405.8,22804
405.85,11274
405.85,12494
405.85,15854
405.85,16368
405.85,213964
405.85,7166
405.8,6356
405.9,63676
406.0,201052
406.0,33390
406.05,48814
406.0,8699
406.0,94011
406.1,29475
406.15,25415
406.1,5572
406.15,78464
406.15,82813
406.2,16333
406.2,22550
406.2,41282
406.2,42198
406.25,47186
406.3,14265
406.3,25419
406.35,19659
406.35,20342
406.35,24956
406.35,32174
406.35,34829
406.35,58060
406.35,6641
406.3,68543
406.3,78899
406.3,95190
406.4,17797
406.45,18399
406.4,82691
406.5,10043
406.5,111174
406.5,21823
406.5,24801
406.55,51443
406.5,89200
406.6,21717
406.6,28688
406.6,32882
406.6,38865
406.65,10062
406.65,10178
406.65,11813
406.65,11843
406.65,31187
406.65,48032
406.6,61880
406.7,11869
406.7,12381
406.7,12394
406.7,15960
406.7,17378
406.7,25735
406.7,51207
406.75,251872
406.75,30048
406.7,5382
406.7,5503
406.75,9962
406.7,65438
406.7,8231
406.8,10985
406.8,15494
406.8,20390
406.8,23248
406.8,37135
406.8,51193
406.85,13849
406.85,19335
406.85,21397
406.85,22912
406.85,32008
406.85,34729
406.85,54367
406.85,54974
406.85,7785
406.85,9399
406.9,17829
406.9,25837
406.9,26807
406.9,3297
406.9,43354
406.9,45989
406.9,49976
406.9,52727
406.95,31813
406.9,9617
407.0,11830
407.0,13655
407.0,21204
407.0,22026
407.0,26077
407.0,26594
407.0,35051
407.0,355451
407.05,13255
407.05,14852
407.05,23803
407.05,2626
407.05,26970
407.0,5277
407.05,4429
407.0,5444
407.05,48717
407.05,4881
407.0,5732
407.05,77331
407.0,59029
407.0,6941
407.0,69583
407.0,7241
407.0,8209
407.0,8556
407.0,8589
407.1,10156
407.1,11213
407.1,11318
407.1,13379
407.1,19438
407.1,21883
407.1,2898
407.1,32017
407.1,32501
407.1,33875
407.1,35847
407.1,4223
407.1,4617
407.15,10583
407.15,12611
407.15,18794
407.15,42893
407.1,5485
407.1,5517
407.15,5313
407.1,56548
407.15,6661
407.15,7250
407.15,7848
407.15,7913
407.1,58717
407.15,8850
407.1,60843
407.1,6090
407.1,63544
407.2,10661
407.2,10958
407.2,13843
407.2,14894
407.2,20529
407.2,22960
407.2,3952
407.2,42824
407.25,17247
407.25,27687
407.2,5295
407.2,55466
407.25,6187
407.25,6205
407.25,6941
407.25,71651
407.25,9026
407.2,59346
407.2,6447
407.2,7981
407.2,8435
407.2,8869
407.2,9679
407.3,13585
407.3,1383
407.3,18928
407.3,28352
407.3,3232
407.3,34345
407.3,42017
407.3,4581
407.3,4636
407.35,14493
407.35,20842
407.35,20937
407.35,21298
407.35,3058
407.35,4137
407.35,4945
407.35,6136
407.3,56684
407.35,68375
407.35,76086
407.35,8753
407.35,9130
407.3,6199
407.3,62342
407.3,6335
407.3,6975
407.3,7065
407.3,8046
407.3,8492
407.3,92302
407.3,9506
407.4,17538
407.4,23843
407.4,29943
407.4,457057
407.45,5481
407.45,6005
407.45,6704
407.4,5766
407.45,9390
407.45,9744
407.4,8158
407.4,8246
407.5,14369
407.5,14951
407.5,18153
407.5,3358
407.5,3373
407.5,33733
407.55,12001
407.55,17293
407.55,22620
407.55,23022
407.55,2924
407.55,33404
407.5,56311
407.55,8708
407.5,9671
407.6,14699
407.6,15018
407.6,18286
407.6,19407
407.6,26074
407.6,30927
407.6,30978
407.6,40382
407.6,47499
407.65,103835
407.65,20235
407.65,21424
407.65,4131
407.65,44833
407.65,49023
407.65,9227
407.6,9138
407.7,14771
407.7,20790
407.7,28225
407.7,31490
407.75,10850
407.75,11928
407.75,11966
407.75,19686
407.75,30920
407.75,5271
407.75,97904
407.7,67091
407.8,11328
407.8,14405
407.8,15069
407.8,15781
407.8,19200
407.8,21363
407.8,23718
407.8,24409
407.8,42574
407.8,4362
407.85,23585
407.85,27240
407.85,31749
407.85,32396
407.85,33446
407.85,6340
407.8,56440
407.85,78960
407.85,8062
407.8,69260
407.8,7136
407.9,10228
407.9,12307
407.9,23472
407.95,19995
407.95,20509
407.95,8181
407.95,8467
407.9,60744
408.0,11764
408.0,12779
408.0,16660
408.0,16984
408.0,174652
408.0,18153
408.0,18265
408.0,18956
408.0,19341
408.0,21272
408.0,21632
408.0,22057
408.0,23167
408.0,23599
408.0,24830
408.0,32425
408.0,45932
408.05,11656
408.05,14604
408.05,15444
408.0,51642
408.05,37934
408.05,38739
408.0,5557
408.05,6415
408.05,9839
408.0,6571
408.0,6738
408.0,7352
408.0,8496
408.0,9071
408.0,97005
408.1,12447
408.1,12967
408.1,14668
408.1,15049
408.1,222067
408.15,10891
408.15,112499
408.15,14712
408.15,15777
408.15,15924
408.15,22335
408.15,26725
408.15,29398
408.15,48077
408.15,6653
408.15,9334
408.1,64373
408.1,7696
408.1,7934
408.2,11102
408.2,12019
408.2,175832
408.2,20376
408.2,21041
408.2,25434
408.2,34079
408.2,36091
408.2,37584
408.2,38504
408.2,42023
408.2,4800
408.2,48006
408.25,11851
408.25,14564
408.25,16326
408.25,16459
408.25,17580
408.25,18847
408.25,19675
408.25,23220
408.25,25975
408.25,40875
408.25,47085
408.25,66893
408.25,67146
408.25,69284
408.25,77885
408.2,5779
408.2,58817
408.2,62273
408.2,6736
408.2,7819
408.3,13414
408.3,16325
408.3,18215
408.3,20507
408.3,22646
408.3,227331
408.3,28380
408.3,34170
408.3,39269
408.3,4518
408.3,4678
408.35,10523
408.35,11384
408.35,15490
408.35,16048
408.35,17770
408.35,26185
408.35,3735
408.35,4876
408.35,5416
408.35,6449
408.35,6477
408.35,9689
408.35,9898
408.3,6553
408.3,6807
408.3,6826
408.3,76576
408.3,78170
408.4,10625
408.4,10664
408.4,11464
408.4,11710
408.4,15950
408.4,16371
408.4,17435
408.4,215525
408.4,21687
408.4,28535
408.4,30018
408.4,3299
408.4,34375
408.4,4769
408.4,50853
408.45,11417
408.45,12206
408.45,17893
408.45,19124
408.45,19400
408.45,24955
408.45,27663
408.45,32941
408.45,38984
408.45,50424
408.45,5186
408.45,56349
408.45,6958
408.4,5758
408.45,9361
408.4,60873
408.4,63011
408.4,6649
408.4,81006
408.4,8943
408.5,106869
408.5,11594
408.5,122394
408.5,12244
408.5,14758
408.5,14910
408.5,152243
408.5,16321
408.5,16687
408.5,16884
408.5,17663
408.5,19055
408.5,21765
408.5,23653
408.5,24833
408.5,26751
408.5,29854
408.5,31258
408.5,35961
408.5,36414
408.5,4513
408.55,14871
408.55,15102
408.55,16955
408.55,18428
408.55,24859
408.55,27568
408.55,42749
408.55,7043
408.55,81354
408.55,8650
408.55,8726
408.55,9169
408.5,5940
408.5,59684
408.55,9708
408.5,6051
408.5,6408
408.5,8006
408.5,9282
408.6,105848
408.6,10850
408.6,25229
408.6,25639
408.6,3409
408.6,38783
408.6,5100
408.65,12044
408.65,127634
408.65,154400
408.65,15461
408.65,21995
408.65,27092
408.65,5190
408.65,52545
408.6,5741
408.65,74551
408.6,58768
408.65,9073
408.65,9505
408.6,6144
408.6,6259
408.6,6557
408.6,8084
408.6,9400
408.6,9551
408.7,10543
408.7,10578
408.7,12306
408.7,12711
408.7,15278
408.7,18492
408.7,22715
408.7,23629
408.7,24945
408.7,33344
408.7,38034
408.7,40174
408.7,4041
408.7,4513
408.75,128104
408.75,12865
408.75,129504
408.75,14453
408.75,14754
408.75,16164
408.75,16269
408.75,18201
408.75,21492
408.75,21704
408.75,25607
408.75,26187
408.75,33089
408.75,3638
408.75,4224
408.75,4590
408.75,4806
408.75,49985
408.75,50947
408.75,5738
408.75,66918
408.75,6917
408.75,7149
408.75,8619
408.75,9403
408.7,6466
408.7,6773
408.7,8126
408.7,89164
408.8,12784
408.8,14777
408.8,15005
408.8,15508
408.8,16803
408.8,20168
408.8,23228
408.8,27848
408.8,4764
408.8,4776
408.8,49606
408.85,10638
408.85,12339
408.85,14219
408.85,14326
408.85,17441
408.85,20252
408.85,23221
408.85,31430
408.85,3174
408.85,51774
408.85,6125
408.8,5613
408.85,6212
408.8,5623
408.8,56578
408.85,6991
408.85,8313
408.85,9080
408.8,6055
408.8,78394
408.9,11204
408.9,11656
408.9,14291
408.9,21912
408.9,26328
408.9,32891
408.9,36053
408.9,4558
408.9,4788
408.95,10905
408.95,118335
408.95,12204
408.95,14262
408.95,165213
408.95,26642
408.95,30055
408.95,38873
408.95,47286
408.95,54054
408.95,5516
408.95,5849
408.9,56825
408.95,7128
408.95,7779
408.95,9705
408.9,6288
408.9,7503
408.9,8550
408.9,8729
409.0,10352
409.0,10874
409.0,11646
409.0,14311
409.0,14774
409.0,16368
409.0,18833
409.0,19448
409.0,30351
409.0,31448
409.0,3162
409.0,3643
409.0,36457
409.0,36685
409.0,3935
409.0,4167
409.0,4445
409.0,47265
409.0,4870
409.0,5080
409.05,11145
409.05,11467
409.05,12381
409.05,12451
409.05,13404
409.05,14934
409.05,15152
409.05,151850
409.05,22043
409.05,22656
409.05,24751
409.0,5257
409.05,28920
409.05,29312
409.05,30689
409.05,31371
409.05,31781
409.05,32725
409.05,33028
409.05,3330
409.0,5357
409.0,5387
409.05,39243
409.05,39562
409.05,4031
409.05,41161
409.05,4511
409.05,46454
409.05,46698
409.05,4827
409.05,4845
409.05,5057
409.05,5494
409.05,5834
409.05,5921
409.05,5977
409.05,6333
409.0,5653
409.05,6750
409.05,7103
409.05,7151
409.05,72852
409.05,8090
409.0,5969
409.05,9705
409.05,97427
409.05,9845
409.05,9992
409.0,6086
409.0,6933
409.0,6977
409.0,7028
409.0,7832
409.0,8190
409.0,8969
409.1,11170
409.1,12476
409.1,19133
409.1,26491
409.1,26594
409.1,29226
409.1,30023
409.1,33366
409.1,38629
409.1,4281
409.1,4431
409.1,4558
409.15,10508
409.15,11168
409.15,11950
409.15,121808
409.15,12202
409.15,14905
409.15,15179
409.15,15730
409.1,5162
409.15,2803
409.15,3351
409.15,3441
409.15,3926
409.15,4597
409.15,4613
409.15,4655
409.15,4770
409.15,4939
409.15,5478
409.15,5583
409.15,5899
409.15,7055
409.15,7866
409.15,8227
409.15,8686
409.15,9063
409.15,9809
409.1,5990
409.1,7129
409.1,8540
409.1,8800
409.1,9454
409.1,9752
409.1,9917
409.2,11035
409.2,12859
409.2,13118
409.2,16541
409.2,21130
409.2,21229
409.2,2671
409.2,3495
409.2,4026
409.2,4093
409.2,4105
409.2,4900
409.25,10130
409.25,11881
409.25,12935
409.25,176376
409.25,25100
409.25,3222
409.25,32583
409.25,3709
409.25,3956
409.25,4204
409.25,4515
409.25,46740
409.25,5056
409.25,5481
409.25,7009
409.25,7399
409.25,7401
409.25,7928
409.25,8098
409.2,5833
409.25,8498
409.25,91232
409.2,7512
409.2,9213
409.2,9783
409.3,10353
409.3,11824
409.3,12162
409.3,13144
409.3,16003
409.3,17192
409.3,17353
409.3,18669
409.3,239700
409.3,293970
409.3,3076
409.3,3203
409.3,3353
409.3,38646
409.3,42756
409.3,4921
409.3,4993
409.35,11500
409.35,11616
409.35,13336
409.3,5144
409.35,15549
409.3,5158
409.35,17982
409.35,23723
409.35,31008
409.3,5354
409.35,3865
409.35,48454
409.35,4982
409.35,5556
409.35,5622
409.35,5642
409.35,6158
409.35,61751
409.35,7128
409.3,5763
409.35,8188
409.35,83173
409.3,5892
409.35,9602
409.3,6238
409.3,7001
409.3,7275
409.3,7861
409.3,8135
409.3,8490
409.4,16587
409.4,22058
409.4,27787
409.4,2972
409.4,35731
409.4,39554
409.4,4248
409.4,4308
409.45,114471
409.45,144397
409.45,17793
409.45,20876
409.45,30880
409.45,34412
409.4,5419
409.45,5892
409.45,6230
409.45,6329
409.45,6908
409.4,5816
409.45,8841
409.4,6051
409.4,8963
409.4,9084
409.5,10069
409.5,10838
409.5,11049
409.5,11395
409.5,13186
409.5,13477
409.5,135852
409.5,18993
409.5,19017
409.5,25026
409.5,26806
409.5,35383
409.5,38826
409.5,39333
409.5,4141
409.5,4321
409.55,10713
409.55,15866
409.55,22622
409.55,23613
409.55,51773
409.55,59983
409.55,76144
409.55,9277
409.5,6732
409.5,8649
409.5,8767
409.5,89877
409.6,11141
409.6,12215
409.6,13030
409.6,15062
409.6,15077
409.6,17070
409.6,19284
409.6,23690
409.6,30895
409.6,3716
409.6,3924
409.6,4950
409.65,10394
409.65,12525
409.65,13035
409.65,146955
409.65,15873
409.65,16676
409.65,21455
409.65,34103
409.6,5364
409.6,5427
409.65,61586
409.65,6865
409.6,7093
409.6,8523
409.6,8940
409.6,9470
409.7,10200
409.7,109779
409.7,10993
409.7,13891
409.7,19836
409.7,20519
409.7,20579
409.7,35316
409.7,35569
409.75,10791
409.75,11189
409.7,5126
409.75,14865
409.75,16057
409.75,16539
409.75,19295
409.75,19494
409.75,3747
409.75,38956
409.75,42896
409.75,6910
409.75,8246
409.75,8707
409.7,64395
409.7,80568
409.7,8087
409.7,8890
409.7,9518
409.8,10729
409.8,11908
409.8,12205
409.8,12332
409.8,12549
409.8,13687
409.8,16438
409.8,21512
409.8,22370
409.8,28281
409.8,28935
409.8,41575
409.85,14684
409.85,16965
409.85,21481
409.85,23451
409.85,25783
409.85,28261
409.85,37570
409.85,61825
409.85,69390
409.85,725669
409.85,7361
409.85,7693
409.85,78905
409.85,9444
409.85,9668
409.85,9870
409.9,14751
409.9,18860
409.9,19295
409.9,23115
409.9,24666
409.9,27712
409.9,28599
409.9,35063
409.95,10800
409.95,14526
409.95,15624
409.95,18759
409.95,19947
409.95,20280
409.95,21770
409.95,33214
409.95,33588
409.95,37970
409.95,60728
409.9,6810
410.0,11298
410.0,12583
410.0,12863
410.0,13164
410.0,14245
410.0,14355
410.0,15339
410.0,15418
410.0,161892
410.0,16696
410.0,16810
410.0,17002
410.0,17988
410.0,19945
410.0,22724
410.0,242014
410.0,26469
410.0,2824
410.0,28815
410.0,36784
410.0,3764
410.0,377072
410.0,38030
410.0,38160
410.0,4106
410.0,41233
410.0,4235
410.0,42404
410.0,4280
410.0,4450
410.0,4501
410.0,4849
410.0,4920
410.0,50264
410.05,10017
410.05,10886
410.05,10915
410.05,126094
410.05,14873
410.0,5168
410.0,52039
410.05,21029
410.05,22387
410.05,2639
410.0,5266
410.05,2740
410.05,27930
410.05,28197
410.05,2995
410.0,5313
410.0,53148
410.05,3558
410.05,3594
410.05,36111
410.05,4112
410.05,4411
410.05,44472
410.05,46368
410.05,50920
410.05,5128
410.05,5241
410.05,5549
410.05,5578
410.05,5722
410.05,58681
410.05,60876
410.05,6663
410.05,6836
410.05,7127
410.05,75800
410.0,5808
410.0,59168
410.05,9483
410.0,6013
410.0,6034
410.0,63913
410.0,6445
410.0,6705
410.0,6845
410.0,6894
410.0,7110
410.0,75503
410.0,8386
410.0,8593
410.0,8682
410.0,88963
410.0,8929
410.0,9199
410.0,9903
410.1,12127
410.1,14259
410.1,16405
410.1,17563
410.1,18993
410.1,19588
410.1,20291
410.1,225765
410.1,25445
410.1,27933
410.1,2827
410.1,3639
410.1,39364
410.1,41156
410.1,4229
410.1,46750
410.1,5064
410.15,10011
410.1,5110
410.15,14444
410.15,14526
410.15,14588
410.15,15252
410.15,15725
410.15,16590
410.15,26943
410.15,31711
410.15,35304
410.15,3805
410.15,49705
410.1,55663
410.15,5713
410.15,5820
410.15,6156
410.15,64125
410.15,8454
410.15,8628
410.1,59251
410.1,61581
410.1,61706
410.1,6320
410.1,63571
410.1,7131
410.1,7312
410.1,7319
410.1,73576
410.1,85526
410.1,8691
410.1,9100
410.1,92019
410.1,94224
410.2,15428
410.2,18309
410.2,23610
410.2,3874
410.2,4010
410.2,4509
410.2,4566
410.2,4688
410.2,48426
410.25,103426
410.25,13832
410.25,18206
410.25,18777
410.25,22118
410.25,34486
410.25,3975
410.25,66830
410.2,58342
410.25,93652
410.2,59865
410.2,6120
410.2,6622
410.2,93119
410.2,9442
410.3,10662
410.3,17061
410.3,19930
410.3,19988
410.3,34014
410.3,35833
410.3,36411
410.3,3772
410.3,4388
410.3,4579
410.3,4782
410.35,10996
410.35,12303
410.35,13966
410.35,20393
410.35,27003
410.35,3833
410.35,45830
410.35,4630
410.3,5595
410.35,6103
410.35,6735
410.3,5916
410.3,6457
410.3,66925
410.3,8269
410.3,8408
410.3,88807
410.4,10817
410.4,119565
410.4,12524
410.4,16730
410.4,24935
410.4,30600
410.4,3759
410.4,3984
410.4,4529
410.4,4609
410.4,48835
410.4,50425
410.45,10246
410.45,10712
410.45,10774
410.45,10808
410.45,12975
410.45,14424
410.45,15685
410.45,24897
410.45,2502
410.45,2812
410.45,3195
410.45,36645
410.45,3715
410.45,42758
410.45,45209
410.45,55206
410.45,6264
410.45,72880
410.45,9084
410.45,9452
410.4,8502
410.5,10378
410.5,11832
410.5,15431
410.5,15837
410.5,21213
410.5,23734
410.5,261708
410.5,28764
410.5,29234
410.5,31171
410.5,3228
410.5,3289
410.5,3364
410.5,35516
410.5,37661
410.5,3836
410.5,49411
410.55,11465
410.55,14026
410.55,16469
410.55,24556
410.55,2789
410.55,28108
410.55,30306
410.55,30460
410.55,3115
410.55,3121
410.55,3140
410.55,31772
410.5,5319
410.55,3516
410.55,3552
410.55,36332
410.55,36781
410.55,3720
410.55,3725
410.5,53956
410.55,39792
410.55,41451
410.55,4395
410.55,5128
410.55,5259
410.55,5645
410.55,5858
410.55,5929
410.55,7838
410.55,79166
410.55,8555
410.55,9454
410.5,7077
410.5,8268
410.5,8531
410.5,8756
410.5,9158
410.6,117390
410.6,11750
410.6,14529
410.6,24358
410.6,2453
410.6,3227
410.6,3522
410.6,4351
410.6,4524
410.6,4776
410.6,51129
410.65,11427
410.65,11830
410.65,12325
410.65,132241
410.65,14272
410.65,18016
410.65,2422
410.65,29812
410.65,34778
410.65,3562
410.65,4060
410.65,4084
410.65,4655
410.65,48593
410.65,5111
410.6,5549
410.65,6411
410.65,6488
410.65,7217
410.6,6840
410.6,75934
410.6,8692
410.6,8983
410.6,9827
410.7,10454
410.7,12257
410.7,15318
410.7,16679
410.7,22956
410.7,2570
410.7,2845
410.7,2893
410.7,3459
410.7,4400
410.75,10958
410.75,12520
410.75,13967
410.75,15517
410.75,18156
410.75,20137
410.75,25354
410.75,306402
410.75,3350
410.75,3651
410.75,3975
410.75,40524
410.75,41894
410.75,53701
410.75,5401
410.75,55943
410.75,6701
410.75,7440
410.75,8229
410.7,6776
410.7,7416
410.7,9857
410.8,12201
410.8,12760
410.8,12761
410.8,142697
410.8,16084
410.8,16562
410.8,17324
410.8,19482
410.8,20083
410.8,22058
410.8,30072
410.8,4836
410.85,10018
410.85,16952
410.85,19065
410.85,19916
410.85,20942
410.85,2309
410.85,2474
410.85,25798
410.85,3078
410.85,35922
410.85,4113
410.85,50115
410.85,6310
410.8,57517
410.85,9264
410.8,7462
410.8,9057
410.9,11993
410.9,169259
410.9,19674
410.9,21183
410.9,21644
410.9,22051
410.9,2258
410.9,23712
410.9,247353
410.9,3935
410.9,41693
410.95,15170
410.95,16107
410.95,18608
410.95,28631
410.95,3905
410.95,5716
410.95,6106
410.95,7947
410.95,83754
410.9,5900
410.95,9515
410.9,75015
410.9,7812
410.9,81179
410.9,9871
411.0,10362
411.0,12159
411.0,124743
411.0,13531
411.0,144988
411.0,15253
411.0,23060
411.0,23145
411.0,23155
411.0,25239
411.0,28895
411.0,3963
411.0,4148
411.0,436960
411.0,43743
411.0,46099
411.0,47195
411.0,47276
411.05,10469
411.05,1360
411.05,14925
411.05,161613
411.05,18936
411.05,19456
411.05,20862
411.0,54119
411.05,44401
411.05,4883
411.05,61920
411.0,5673
411.0,89163
411.0,9903
411.0,9946
411.1,10420
411.1,105035
411.1,11474
411.1,1488
411.1,23641
411.1,300010
411.1,4159
411.15,123954
411.15,15402
411.15,22777
411.15,2613
411.15,31673
411.15,413010
411.1,55058
411.15,51930
411.15,5220
411.1,6546
411.1,8866
411.2,13356
411.2,15758
411.2,24003
411.2,2518
411.2,2697
411.2,30253
411.2,31927
411.2,33352
411.2,4920
411.25,16057
411.25,24069
411.25,28400
411.25,29659
411.25,34652
411.25,5115
411.25,64689
411.3,19351
411.3,22736
411.3,25476
411.3,3170
411.3,32699
411.3,33598
411.3,37011
411.3,39533
411.3,41779
411.3,42206
411.3,47357
411.35,11555
411.35,19446
411.35,20670
411.35,24150
411.35,26909
411.35,30821
411.35,54821
411.35,5883
411.35,65253
411.35,76046
411.35,7793
411.3,8666
411.4,11708
411.4,13762
411.4,14009
411.4,20708
411.4,33544
411.4,46810
411.45,12149
411.45,14962
411.45,193408
411.45,26481
411.4,5286
411.45,31808
411.45,3931
411.45,5052
411.45,52537
411.45,6235
411.45,6386
411.45,6471
411.45,9077
411.4,64784
411.4,6835
411.4,74647
411.4,85828
411.4,8961
411.4,9548
411.5,12485
411.5,15279
411.5,15301
411.5,1890
411.5,19893
411.5,2051
411.5,22071
411.5,35059
411.5,3894
411.5,44073
411.5,4538
411.5,45690
411.55,10605
411.55,10970
411.55,11079
411.55,111686
411.55,14676
411.55,15297
411.55,16756
411.55,3054
411.55,3127
411.55,33122
411.55,44690
411.55,4836
411.55,5866
411.55,6333
411.55,6630
411.55,6638
411.5,5863
411.55,8698
411.5,6074
411.5,61751
411.5,73902
411.5,9657
411.6,10213
411.6,10857
411.6,13231
411.6,22000
411.6,24055
411.6,3218
411.6,32334
411.6,3336
411.6,40001
411.6,40442
411.65,14848
411.65,15673
411.65,15763
411.65,1647
411.65,19501
411.65,20601
411.65,2535
411.65,27568
411.65,30242
411.65,34150
411.65,36619
411.65,39692
411.65,43404
411.65,4497
411.65,4610
411.6,56974
411.6,6229
411.6,6848
411.6,9958
411.7,13784
411.7,14543
411.7,21689
411.7,22440
411.7,28376
411.7,40386
411.7,4600
411.75,10217
411.75,111242
411.75,11336
411.75,11983
411.75,16876
411.75,25575
411.7,5335
411.75,46325
411.75,5433
411.75,54605
411.75,5911
411.75,89152
411.7,6705
411.7,74559
411.7,7993
411.7,98390
411.8,13806
411.8,13844
411.8,14879
411.8,19497
411.8,21850
411.8,41917
411.8,4227
411.85,10294
411.8,5117
411.85,13630
411.85,146758
411.85,15254
411.85,15863
411.85,17908
411.85,19616
411.85,4077
411.85,6129
411.85,6459
411.85,7310
411.85,7703
411.85,8123
411.85,83998
411.8,5886
411.8,6578
411.9,13073
411.9,20008
411.9,21241
411.9,24190
411.9,2523
411.9,28826
411.9,39548
411.9,4059
411.9,42194
411.95,10575
411.95,11344
411.95,14302
411.95,15571
411.95,17172
411.95,17819
411.95,203413
411.95,27097
411.95,30994
411.95,31821
411.95,32665
411.95,41613
411.95,41664
411.95,486335
411.95,87320
411.95,9355
411.9,5962
411.9,6714
411.9,8992
412.0,10868
412.0,11155
412.0,117018
412.0,127587
412.0,12835
412.0,15263
412.0,17826
412.0,26603
412.0,29812
412.0,34152
412.0,38649
412.0,43569
412.05,12000
412.05,13961
412.05,14433
412.05,16153
412.05,18117
412.05,20553
412.05,2356
412.05,33814
412.05,34191
412.05,40236
412.05,54324
412.05,61271
412.05,6501
412.05,66250
412.05,9140
412.0,61054
412.0,71797
412.0,72215
412.0,88430
412.1,11413
412.1,12006
412.1,20821
412.1,22145
412.1,24291
412.1,25622
412.1,35247
412.1,4036
412.1,4403
412.1,49368
412.15,111036
412.15,11154
412.15,11568
412.15,12469
412.15,23720
412.15,24305
412.15,26801
412.15,28448
412.15,34518
412.15,47362
412.15,5082
412.15,5285
412.15,5316
412.15,56535
412.15,7875
412.15,9068
412.2,11376
412.2,11943
412.2,12811
412.2,13032
412.2,13679
412.2,13975
412.2,15304
412.2,18063
412.2,19044
412.2,23134
412.2,25584
412.2,28101
412.2,30643
412.2,31018
412.2,32326
412.2,33732
412.2,34926
412.2,46737
412.2,47850
412.25,117847
412.25,12548
412.25,14693
412.25,15770
412.25,16646
412.25,16959
412.25,17595
412.25,26513
412.25,27213
412.25,28569
412.25,4688
412.25,49173
412.25,49760
412.25,80737
412.25,8479
412.25,8880
412.2,5940
412.25,98168
412.2,6003
412.2,6290
412.2,9325
412.3,100128
412.3,10468
412.3,10509
412.3,12670
412.3,16886
412.3,24011
412.3,29139
412.3,38280
412.3,4207
412.3,49201
412.3,50910
412.3,51253
412.35,13539
412.35,14400
412.35,15305
412.35,17247
412.35,22062
412.35,24172
412.35,27428
412.35,2762
412.35,28368
412.3,5351
412.35,5631
412.35,6258
412.35,7188
412.35,79414
412.35,79691
412.35,8074
412.35,8110
412.35,8680
412.3,6140
412.3,6873
412.3,83631
412.4,10122
412.4,10341
412.4,11918
412.4,13631
412.4,13872
412.4,14256
412.4,15401
412.4,25040
412.4,3261
412.4,3304
412.4,3858
412.4,41765
412.4,4923
412.45,10358
412.45,10478
412.45,11862
412.45,13567
412.45,20792
412.45,21152
412.45,22941
412.45,27536
412.45,2876
412.45,3314
412.45,39111
412.45,4761
412.45,4908
412.45,51275
412.45,58138
412.45,5953
412.45,6154
412.45,6229
412.45,6493
412.45,6788
412.45,6806
412.45,6810
412.45,7281
412.45,7734
412.45,8353
412.45,8354
412.45,8480
412.4,7009
412.4,8921
412.5,10526
412.5,10559
412.5,11462
412.5,14700
412.5,188708
412.5,194133
412.5,19829
412.5,22677
412.5,2457
412.5,2838
412.5,3232
412.5,3248
412.5,33958
412.5,3480
412.5,3766
412.5,3795
412.5,41832
412.5,4570
412.55,10782
412.55,10992
412.55,11686
412.55,12599
412.5,51427
412.55,15728
412.55,16312
412.55,22618
412.55,24640
412.55,27925
412.55,2848
412.55,2932
412.55,34865
412.55,3691
412.55,4124
412.5,5451
412.55,51728
412.55,56046
412.5,56620
412.5,5667
412.55,6853
412.5,57890
412.55,8467
412.55,8723
412.55,9166
412.55,9454
412.5,6524
412.5,6548
412.5,6618
412.5,6725
412.5,6949
412.5,6991
412.5,7268
412.5,7340
412.5,8574
412.5,86277
412.5,9212
412.5,9748
412.5,97856
412.6,100128
412.6,11970
412.6,13294
412.6,13947
412.6,18864
412.6,2096
412.6,21369
412.6,2461
412.6,28978
412.6,2909
412.6,3588
412.6,3817
412.6,3960
412.6,4234
412.6,46116
412.6,4841
412.65,10106
412.65,10123
412.65,10746
412.65,11099
412.65,11921
412.65,12099
412.65,13607
412.65,14597
412.65,14709
412.65,15062
412.65,16179
412.65,16840
412.65,17510
412.65,2145
412.65,21501
412.65,2862
412.65,3086
412.65,32376
412.65,42368
412.65,4742
412.65,4866
412.65,5073
412.65,54175
412.65,58552
412.65,60172
412.65,6268
412.65,6624
412.65,6663
412.65,7111
412.65,8019
412.65,8392
412.65,91908
412.6,6311
412.6,6885
412.6,7218
412.6,7653
412.6,8063
412.7,10069
412.7,10313
412.7,10370
412.7,10415
412.7,12578
412.7,12914
412.7,13800
412.7,14399
412.7,1849
412.7,2136
412.7,2305
412.7,24916
412.7,26599
412.7,3313
412.7,340812
412.7,3720
412.7,3818
412.7,4075
412.7,41364
412.7,4340
412.7,44023
412.75,11459
412.75,12528
412.75,16999
412.75,20629
412.75,2184
412.75,22979
412.75,2961
412.75,30068
412.75,30093
412.75,36219
412.7,5366
412.75,37742
412.75,4198
412.75,4441
412.75,48898
412.75,6310
412.7,56949
412.75,7005
412.75,7017
412.75,7027
412.75,7197
412.75,7230
412.75,7357
412.75,7701
412.75,8041
412.75,8061
412.75,8523
412.75,8646
412.75,8973
412.75,9270
412.75,9448
412.75,9731
412.7,5976
412.75,9906
412.7,6254
412.7,7718
412.7,8911
412.7,8959
412.7,9540
412.7,9869
412.8,10938
412.8,12064
412.8,12212
412.8,13880
412.8,19336
412.8,19745
412.8,19912
412.8,27950
412.8,2880
412.8,28841
412.8,3749
412.8,44371
412.8,4749
412.8,4848
412.85,10049
412.85,10077
412.85,10593
412.85,10783
412.85,11838
412.85,13472
412.85,16149
412.85,16495
412.85,16741
412.85,2355
412.85,23719
412.85,26053
412.85,29199
412.8,5351
412.85,3552
412.85,3639
412.85,41921
412.85,45324
412.85,47465
412.8,5529
412.85,5551
412.85,5972
412.85,6384
412.8,5792
412.85,8221
412.85,84914
412.85,97899
412.8,6955
412.8,7378
412.8,7813
412.8,83938
412.8,8900
412.8,9151
412.8,9352
412.9,10483
412.9,10517
412.9,10660
412.9,11306
412.9,11963
412.9,12011
412.9,14802
412.9,20355
412.9,2257
412.9,25972
412.9,2975
412.9,3231
412.9,44523
412.9,45731
412.9,4918
412.9,50227
412.9,5025
412.95,10157
412.95,10220
412.95,10997
412.95,14035
412.95,16448
412.95,17968
412.95,18010
412.95,18666
412.95,2055
412.95,21143
412.9,5261
412.95,27276
412.95,2786
412.95,4784
412.95,5988
412.95,65364
412.95,7103
412.95,7335
412.95,75361
412.95,7696
412.95,8106
412.95,84807
412.95,8598
412.95,9566
412.95,9735
412.9,8361
412.9,8743
412.9,9211
412.9,9328
412.9,9460
412.9,9583
412.9,9658
413.0,10578
413.0,11831
413.0,12843
413.0,13139
413.0,16833
413.0,174413
413.0,19527
413.0,19569
413.0,2325
413.0,26288
413.0,26773
413.0,27786
413.0,28795
413.0,32020
413.0,32050
413.0,32988
413.0,35762
413.0,36703
413.0,3682
413.0,38231
413.0,4125
413.0,41996
413.0,43493
413.0,4356
413.0,44558
413.0,44902
413.0,45122
413.05,10064
413.05,10970
413.05,11168
413.05,14481
413.05,14918
413.05,15096
413.05,17860
413.05,27567
413.05,2900
413.0,53130
413.05,38007
413.05,3870
413.05,4095
413.0,5419
413.05,4193
413.05,4221
413.05,4509
413.05,46137
413.05,4981
413.05,52763
413.05,5411
413.05,61049
413.05,6109
413.0,56166
413.05,63703
413.0,5660
413.05,7101
413.05,7123
413.05,7628
413.0,5910
413.05,9207
413.0,6318
413.0,67447
413.0,7274
413.0,92780
413.0,9681
413.0,9915
413.1,10174
413.1,10714
413.1,13229
413.1,15841
413.1,192822
413.1,1989
413.1,20026
413.1,24159
413.1,29350
413.1,29735
413.1,30807
413.1,32529
413.1,41393
413.1,43940
413.15,10811
413.15,11639
413.15,13654
413.15,13670
413.15,138068
413.15,14590
413.15,22518
413.15,24752
413.15,31355
413.15,33534
413.15,44773
413.15,50024
413.15,53708
413.15,55050
413.15,6409
413.15,6413
413.15,64959
413.15,6865
413.15,71531
413.15,74904
413.1,57779
413.15,8179
413.1,84798
413.1,8716
413.1,9135
413.1,9175
413.1,9310
413.1,9736
413.2,11048
413.2,143057
413.2,14823
413.2,15973
413.2,1645
413.2,17343
413.2,17676
413.2,17846
413.2,19507
413.2,24051
413.2,37586
413.25,11177
413.25,165963
413.25,20458
413.25,30260
413.25,32838
413.25,3629
413.25,40259
413.25,40677
413.25,5536
413.25,5576
413.25,5599
413.2,5703
413.25,7102
413.25,7906
413.25,8139
413.25,88952
413.2,6009
413.2,6339
413.2,7295
413.2,8073
413.2,8085
413.2,9614
413.3,10239
413.3,10365
413.3,12090
413.3,12665
413.3,128566
413.3,17263
413.3,17733
413.3,21083
413.3,22951
413.3,33663
413.3,47304
413.35,102929
413.35,10464
413.35,12368
413.35,12546
413.35,12912
413.35,13669
413.35,143419
413.35,16131
413.35,19395
413.35,21231
413.35,23407
413.35,25398
413.35,2557
413.35,26472
413.35,4478
413.35,46861
413.3,54828
413.35,6577
413.35,7051
413.35,7204
413.35,9463
413.3,6236
413.3,64031
413.3,6790
413.3,7225
413.3,7583
413.3,8420
413.4,10360
413.4,10793
413.4,12905
413.4,13816
413.4,15836
413.4,17080
413.4,19667
413.4,22916
413.4,26825
413.4,27250
413.4,27828
413.4,28321
413.4,28808
413.4,31986
413.4,34357
413.4,41883
413.4,4389
413.45,12760
413.45,13123
413.45,153619
413.45,16458
413.45,186396
413.45,26727
413.45,27320
413.45,30254
413.45,30551
413.45,34684
413.45,4710
413.45,57664
413.45,6819
413.4,6261
413.4,77479
413.4,9934
413.5,10425
413.5,10901
413.5,11939
413.5,141040
413.5,14659
413.5,17116
413.5,17226
413.5,20230
413.5,21406
413.5,27381
413.5,28022
413.5,29511
413.5,32134
413.5,3461
413.5,42894
413.5,5025
413.55,10195
413.5,5102
413.55,107678
413.55,11212
413.55,11831
413.55,13232
413.55,16792
413.55,21287
413.55,21612
413.55,21972
413.55,22117
413.55,22170
413.55,23135
413.55,23426
413.55,29479
413.55,29857
413.55,31014
413.55,35174
413.55,36002
413.55,4085
413.5,54264
413.55,43701
413.5,5439
413.5,5585
413.55,6787
413.55,70929
413.5,57222
413.55,8649
413.55,9449
413.5,6801
413.5,74223
413.5,7585
413.6,113814
413.6,11823
413.6,17258
413.6,21717
413.6,22257
413.6,25071
413.6,25306
413.6,35456
413.65,15852
413.65,17946
413.65,31934
413.65,33082
413.65,37113
413.65,42140
413.65,63372
413.65,72971
413.65,8350
413.6,7228
413.6,9495
413.6,962815
413.7,10673
413.7,18476
413.7,23860
413.7,24140
413.7,26846
413.7,27189
413.7,27277
413.7,35539
413.7,36002
413.7,36092
413.7,36743
413.7,41927
413.7,4662
413.7,47690
413.75,14446
413.75,21238
413.75,29384
413.75,4682
413.75,76216
413.7,6358
413.7,75640
413.8,11587
413.8,14359
413.8,145538
413.8,15766
413.8,20698
413.8,21575
413.8,21851
413.8,30170
413.8,321343
413.8,35349
413.8,35664
413.8,37074
413.8,41470
413.8,41981
413.8,4501
413.8,45282
413.8,4683
413.85,15311
413.85,16038
413.85,16479
413.85,18441
413.85,19418
413.85,21964
413.85,33399
413.85,36989
413.85,57869
413.85,6274
413.85,80191
413.85,89336
413.85,94547
413.8,74101
413.8,8785
413.8,9076
413.9,12293
413.9,16266
413.9,17642
413.9,19405
413.9,19613
413.9,20349
413.9,29443
413.9,32283
413.9,32757
413.9,36018
413.9,4816
413.95,13357
413.95,20756
413.95,28332
413.95,28474
413.95,32349
413.95,33689
413.95,38598
413.95,42214
413.95,56427
414.0,11431
414.0,12213
414.0,12418
414.0,14952
414.0,19185
414.0,20209
414.0,20983
414.0,2567
414.0,32922
414.0,37954
414.0,45653
414.0,4738
414.0,48375
414.0,4866
414.0,50780
414.05,15196
414.05,2650
414.05,43872
414.0,55734
414.0,56323
414.0,63746
414.0,64484
414.0,64758
414.0,82579
414.0,84215
414.1,12833
414.1,14716
414.1,17127
414.1,23398
414.1,24892
414.1,26042
414.1,29011
414.1,2942
414.1,3474
414.15,102076
414.15,16254
414.15,19874
414.15,2021
414.15,20337
414.15,2296
414.15,24797
414.15,2495
414.15,2769
414.15,29273
414.15,29629
414.15,313722
414.15,4854
414.15,5019
414.15,8344
414.2,11376
414.2,15821
414.2,1741
414.2,2158
414.2,22582
414.2,2388
414.2,2643
414.2,2649
414.2,29313
414.2,4500
414.2,4599
414.2,47995
414.2,48477
414.2,49364
414.25,11276
414.25,124538
414.25,25535
414.25,25655
414.25,25664
414.25,28729
414.25,30338
414.25,30703
414.25,39516
414.25,41914
414.25,4551
414.25,4964
414.25,52572
414.25,91346
414.3,13075
414.3,17397
414.3,18524
414.3,2524
414.3,3233
414.3,3325
414.3,3814
414.3,39448
414.3,41984
414.3,46921
414.3,48077
414.3,49309
414.3,51040
414.35,12520
414.35,13089
414.35,22677
414.35,23193
414.35,2417
414.35,53081
414.35,5562
414.35,63160
414.35,7100
414.3,5773
414.3,65970
414.3,6600
414.3,6792
414.3,86547
414.3,9502
414.4,10513
414.4,11124
414.4,146412
414.4,16153
414.4,19448
414.4,19931
414.4,200782
414.4,20245
414.4,26155
414.4,26793
414.4,3229
414.4,35131
414.4,3580
414.4,3637
414.4,3908
414.4,4249
414.45,116960
414.45,173034
414.45,2001
414.45,20412
414.45,28735
414.45,322631
414.45,3981
414.45,4352
414.45,51009
414.45,65928
414.45,8906
414.4,8516
414.5,11604
414.5,14732
414.5,18790
414.5,19888
414.5,21124
414.5,21780
414.5,22511
414.5,22935
414.5,3044
414.5,3295
414.5,3781
414.5,4246
414.5,44940
414.55,143994
414.55,189396
414.55,44291
414.55,5975
414.55,75082
414.5,602658
414.5,70782
414.5,7247
414.5,77572
414.5,93359
414.6,13413
414.6,14364
414.6,15747
414.6,16605
414.6,23579
414.6,36613
414.6,41406
414.6,4372
414.6,48390
414.65,107853
414.65,109140
414.65,17790
414.6,53066
414.6,53420
414.65,36467
414.65,4410
414.65,52981
414.65,62673
414.65,8443
414.65,89166
414.65,9913
414.6,6186
414.6,8412
414.6,9069
414.7,11504
414.7,15246
414.7,37763
414.7,48759
414.75,17368
414.75,17762
414.75,21481
414.75,21639
414.75,23482
414.75,36532
414.8,11029
414.8,128838
414.8,13876
414.8,26665
414.8,31492
414.8,34573
414.8,38061
414.85,102302
414.85,164867
414.85,21298
414.85,21403
414.85,42125
414.8,62791
414.8,78358
414.9,13738
414.9,37408
414.9,43900
414.95,24428
414.95,78276
414.95,79351
414.9,9970
415.0,15943
415.0,171084
415.0,22382
415.0,25333
415.0,29838
415.0,33052
415.0,33282
415.0,33674
415.0,40483
415.0,50089
415.05,120183
415.0,51625
415.05,23348
415.0,58521
415.05,96541
415.05,99999
415.0,8398
415.0,8952
415.0,92548
415.1,100796
415.1,104960
415.1,16463
415.1,21827
415.1,23272
415.1,27871
415.1,30429
415.15,118574
415.15,151459
415.15,15277
415.15,36679
415.15,37109
415.15,45856
415.15,48343
415.15,5346
415.15,56340
415.15,62036
415.15,65715
415.15,66464
415.1,58337
415.1,8239
415.1,8699
415.2,14246
415.2,156587
415.2,17737
415.2,2062308
415.2,33424
415.2,38849
415.25,15973
415.25,24464
415.25,4840
415.25,6133
415.2,71120
415.2,82483
415.2,95631
415.3,103607
415.3,24524
415.3,35997
415.3,38224
415.3,38257
415.3,42310
415.35,11029
415.35,121262
415.35,42136
415.35,571917
415.3,67225
415.3,86200
415.4,108458
415.4,15473
415.4,33443
415.4,39551
415.4,44900
415.4,45333
415.45,25076
415.45,25213
415.45,45891
415.45,60911
415.4,63991
415.4,9066
415.5,101618
415.5,116474
415.5,13429
415.5,16533
415.5,24822
415.5,25898
415.5,30312
415.5,31041
415.5,34835
415.5,35495
415.5,39740
415.5,44987
415.5,45121
415.55,11060
415.55,16653
415.55,173092
415.55,29823
415.55,31393
415.55,60034
415.55,70604
415.5,59883
415.5,74360
415.5,7491
415.6,10069
415.6,17040
415.6,29672
415.6,34018
415.6,36701
415.6,37933
415.6,42686
415.6,4314
415.65,10829
415.65,19181
415.65,19937
415.65,20106
415.65,2930
415.65,34310
415.65,4666
415.65,5030
415.65,5159
415.65,5329
415.65,55078
415.65,94791
415.6,6731
415.6,76918
415.7,124608
415.7,172614
415.7,21417
415.7,2365
415.7,34008
415.7,34457
415.7,38505
415.7,4347
415.75,112131
415.75,113372
415.75,13754
415.75,23451
415.75,36255
415.75,54935
415.75,65252
415.75,91506
415.7,99327
415.8,23744
415.8,31816
415.8,32703
415.8,34721
415.8,432933
415.8,4941
415.85,101779
415.85,15655
415.85,28738
415.85,29260
415.85,45653
415.85,49584
415.85,61398
415.8,64512
415.9,158411
415.9,17996
415.9,18694
415.9,24536
415.9,25611
415.9,26925
415.9,27321
415.9,28028
415.9,31471
415.95,130836
415.95,17317
415.95,17488
415.95,241158
415.95,3591
415.95,36034
415.95,36809
415.95,49488
415.9,59408
415.9,73907
416.0,11548
416.0,18556
416.0,20449
416.0,31961
416.0,33874
416.0,39436
416.0,39518
416.05,110854
416.05,17221
416.05,28164
416.05,49332
416.0,55797
416.05,59564
416.05,65532
416.05,7322
416.0,59574
416.0,68138
416.0,75629
416.1,127054
416.1,13964
416.1,27932
416.1,347432
416.1,40597
416.1,47588
416.15,118075
416.15,22179
416.15,24648
416.15,38426
416.15,39555
416.15,54485
416.1,58213
416.1,98311
416.2,167759
416.2,33469
416.25,117540
416.25,14387
416.25,14574
416.25,234958
416.25,34586
416.2,54523
416.25,52259
416.2,57170
416.2,64387
416.2,64867
416.3,100590
416.3,16241
416.3,20004
416.3,20284
416.3,31856
416.35,10215
416.35,16246
416.35,17458
416.35,26276
416.35,32128
416.35,71142
416.35,71299
416.35,75787
416.3,58295
416.3,71502
416.4,114678
416.4,12701
416.4,127704
416.4,137076
416.4,13996
416.4,15108
416.4,15422
416.4,17587
416.4,23140
416.4,26529
416.4,32467
416.4,48550
416.45,14456
416.45,22319
416.45,37187
416.45,41557
416.5,120642
416.5,17139
416.5,19582
416.5,22879
416.5,24509
416.5,29250
416.55,12421
416.55,12755
416.55,17187
416.55,17352
416.55,21521
416.55,26211
416.55,30956
416.55,40359
416.5,6383
416.5,71354
416.6,11003
416.6,13258
416.6,15248
416.6,156183
416.65,16217
416.65,17185
416.65,21018
416.65,35779
416.65,38071
416.65,9193
416.6,83646
416.6,9929
416.7,10629
416.7,11135
416.7,14036
416.7,14144
416.7,14618
416.7,19764
416.7,23891
416.7,27218
416.7,44155
416.75,14853
416.75,19379
416.75,6952
416.7,9161
416.8,10696
416.8,11387
416.8,12947
416.8,16012
416.8,24454
416.8,26906
416.8,27611
416.8,36914
416.85,10646
416.85,12364
416.85,13716
416.85,14937
416.85,15583
416.8,92808
416.8,9589
416.8,9868
416.9,10866
416.9,11696
416.9,11810
416.9,12338
416.9,12478
416.9,21185
416.9,23516
416.9,26801
416.9,29123
416.9,357312
416.9,46886
416.95,11561
416.95,11771
416.95,124894
416.95,17197
416.95,251126
416.95,28644
416.95,83024
416.9,66352
417.0,10675
417.0,107595
417.0,11472
417.0,115136
417.0,118885
417.0,12797
417.0,12810
417.0,13416
417.0,14265
417.0,160874
417.0,22500
417.0,22937
417.0,25540
417.0,35064
417.0,37270
417.05,18633
417.05,20258
417.05,51165
417.05,65490
417.05,89951
417.0,65827
417.0,95608
417.1,10938
417.1,122105
417.1,13462
417.1,15564
417.1,23922
417.1,32253
417.1,34949
417.15,18309
417.15,43870
417.15,60212
417.15,66124
417.15,83789
417.1,86780
417.2,15555
417.2,191923
417.2,31715
417.2,34269
417.2,41932
417.25,20049
417.25,46194
417.2,65767
417.2,70242
417.3,12681
417.35,13926
417.35,16097
417.35,19420
417.35,25331
417.35,32297
417.35,51153
417.4,128874
417.4,14050
417.4,16195
417.4,38676
417.45,20765
417.45,27009
417.4,63112
417.4,70615
417.4,91675
417.5,104861
417.5,13203
417.5,25850
417.5,29209
417.5,30249
417.55,11372
417.55,48846
417.6,140029
417.6,20272
417.6,22999
417.6,32791
417.6,35567
417.65,11032
417.65,116049
417.65,14424
417.65,27932
417.65,30648
417.65,33582
417.65,39059
417.65,950900
417.6,60682
417.6,74399
417.7,11464
417.7,13469
417.7,16519
417.7,17874
417.7,31153
417.7,38041
417.75,14955
417.75,18568
417.75,19451
417.75,24398
417.75,57571
417.75,8977
417.8,20778
417.8,30140
417.85,11095
417.85,12492
417.85,12741
417.85,15158
417.8,51517
417.85,16347
417.85,30726
417.85,35365
417.85,9361
417.9,108548
417.95,12925
417.95,172772
417.95,18802
417.95,25053
417.95,28285
417.95,99339
418.0,16140
418.0,20390
418.0,20632
418.0,35719
418.0,36279
418.0,37783
418.05,22654
418.0,52421
418.05,29577
418.05,95290
418.0,61789
418.0,7122
418.0,7340
418.0,89967
418.0,96226
418.1,11139
418.1,13146
418.1,142130
418.1,146175
418.1,22701
418.1,27157
418.15,14439
418.15,14917
418.15,15828
418.15,24844
418.15,29988
418.1,5363
418.15,44576
418.15,4667
418.1,7723
418.1,78660
418.1,95316
418.1,9999
418.2,126247
418.2,20494
418.2,31130
418.2,37725
418.25,10086
418.25,165632
418.25,26183
418.25,31273
418.25,34770
418.25,38972
418.25,420209
418.25,5337
418.25,73114
418.3,10571
418.3,13213
418.3,13932
418.3,165679
418.3,26138
418.3,45023
418.3,47786
418.35,12769
418.35,13186
418.35,14597
418.35,218615
418.35,23226
418.3,5324
418.35,37193
418.35,48777
418.35,59364
418.3,5664
418.4,21803
418.45,22247
418.45,30832
418.45,672945
418.5,110086
418.5,1238162
418.5,19427
418.5,19634
418.5,25422
418.5,35878
418.5,37425
418.5,398509
418.5,48624
418.55,15877
418.55,21867
418.55,28226
418.55,3126
418.5,58098
418.6,10179
418.6,10864
418.6,12516
418.6,37174
418.65,11282
418.65,13366
418.65,25121
418.65,36856
418.65,54864
418.65,6138
418.6,8268
418.6,9334
418.7,16661
418.7,17451
418.7,20818
418.7,23086
418.7,23877
418.7,27521
418.7,35607
418.7,4024
418.75,11302
418.75,12742
418.75,15272
418.75,17803
418.75,8442
418.75,86951
418.75,94184
418.8,11316
418.8,12087
418.8,15592
418.8,16705
418.8,22846
418.8,32901
418.85,12405
418.85,15639
418.85,16898
418.85,22089
418.85,23267
418.85,23901
418.85,27958
418.85,33175
418.85,50299
418.8,91609
418.8,9414
418.8,9605
418.9,18482
418.9,199610
418.9,2034
418.9,20400
418.9,2173
418.9,2508
418.9,2870
418.95,11358
418.95,1177
418.95,151629
418.95,15263
418.95,17493
418.9,5209
418.95,2549
418.95,26133
418.95,28771
418.95,308629
418.95,39383
418.95,40537
418.95,42768
418.95,6820
418.9,5725
418.95,7677
418.95,7755
418.95,7876
418.95,8416
418.9,59172
418.95,9875
418.9,6298
418.9,6922
419.0,10391
419.0,13522
419.0,146514
419.0,18080
419.0,20097
419.0,20323
419.0,20846
419.0,2111
419.0,23166
419.0,26731
419.0,31111
419.0,35649
419.0,3954
419.0,4261
419.05,12053
419.05,16980
419.05,17574
419.05,20137
419.05,20866
419.05,22424
419.05,30289
419.05,4407
419.0,5606
419.05,8801
419.05,9923
419.0,6490
419.0,83102
419.0,9528
419.0,9568
419.0,9702
419.0,9877
419.1,174665
419.1,17658
419.1,17736
419.1,33038
419.15,132636
419.15,15524
419.15,16539
419.15,32096
419.15,40545
419.15,48523
419.1,567622
419.15,8201
419.15,8801
419.1,7675
419.1,8581
419.1,8688
419.1,9614
419.2,10286
419.2,15791
419.2,16168
419.2,24035
419.2,30412
419.2,36982
419.2,43852
419.25,15217
419.25,28243
419.25,42027
419.25,42091
419.25,46769
419.25,4833
419.25,57744
419.25,6024
419.25,6437
419.25,9111
419.2,6573
419.2,92845
419.2,9362
419.3,10008
419.3,10549
419.3,109070
419.3,16587
419.3,17864
419.3,18072
419.3,18867
419.3,202582
419.3,21461
419.3,22274
419.3,4943
419.35,10129
419.35,12459
419.35,12527
419.35,23384
419.35,5654
419.35,6799
419.3,5726
419.3,5819
419.35,9761
419.3,9095
419.3,94739
419.4,10886
419.4,153766
419.4,157955
419.4,18052
419.4,20960
419.4,21590
419.4,24283
419.4,24686
419.4,31845
419.4,35493
419.4,39944
419.4,4522
419.4,4664
419.45,11226
419.45,118909
419.45,13062
419.45,134602
419.45,14508
419.45,160452
419.45,19506
419.45,199937
419.45,21347
419.45,22950
419.45,2985
419.45,3399
419.45,3705
419.45,39302
419.45,76975
419.4,7012
419.4,81515
419.5,10567
419.5,117753
419.5,13897
419.5,20159
419.5,25975
419.5,29278
419.5,34553
419.5,44425
419.5,4970
419.5,50166
419.55,122373
419.55,1577320
419.55,15796
419.55,16540
419.55,17041
419.55,19731
419.55,24023
419.55,4415
419.5,55419
419.5,5641
419.55,6810
419.55,8431
419.5,5926
419.5,64127
419.5,7082
419.5,71063
419.5,7211
419.5,72692
419.5,7582
419.5,9577
419.6,11458
419.6,15896
419.6,168782
419.6,25949
419.6,26081
419.6,3187
419.6,3647
419.65,152032
419.65,21180
419.65,23334
419.65,32243
419.65,4184
419.65,43544
419.65,50414
419.65,6681
419.65,70022
419.65,8461
419.6,7012
419.6,7529
419.6,9185
419.7,10220
419.7,10882
419.7,135822
419.7,158302
419.7,18588
419.7,20390
419.7,23824
419.75,10111
419.75,10331
419.75,11675
419.75,157223
419.75,16796
419.75,21495
419.75,21639
419.75,23191
419.75,24893
419.75,26570
419.75,28698
419.75,30218
419.75,35865
419.7,54178
419.75,45761
419.75,7148
419.7,5799
419.8,10954
419.8,12391
419.8,14048
419.8,1578240
419.8,169642
419.8,17238
419.8,193481
419.8,3803
419.8,40604
419.85,10260
419.85,11047
419.85,151981
419.85,191011
419.85,24124
419.85,39652
419.85,53312
419.8,5578
419.8,5617
419.85,6666
419.85,67875
419.85,82841
419.8,6276
419.8,8181
419.9,11080
419.9,13944
419.9,14076
419.9,14681
419.9,16323
419.9,16609
419.9,17698
419.9,18172
419.9,18191
419.9,18936
419.9,25057
419.9,26760
419.9,28936
419.9,31127
419.9,3436
419.9,4273
419.9,48889
419.95,12599
419.95,16173
419.95,165638
419.95,18254
419.95,228152
419.95,31540
419.95,3286
419.95,37292
419.95,42650
419.95,6233
419.95,6830
419.9,6507
419.9,8154
419.9,86375
420.0,109751
420.0,11051
420.0,123783
420.0,13666
420.0,14346
420.0,16497
420.0,174350
420.0,19126
420.0,23119
420.0,23974
420.0,24220
420.0,26014
420.0,29472
420.0,38681
420.0,39543
420.0,4345
420.0,48570
420.05,10035
420.05,13518
420.05,2304
420.0,5524
420.05,53228
420.05,7030
420.05,8806
420.0,6042
420.0,622117
420.0,6705
420.0,6747
420.0,7658
420.0,9324
420.0,9347
420.1,156178
420.1,16731
420.1,200377
420.1,32572
420.1,5100
420.15,14214
420.15,169759
420.15,27925
420.15,4784
420.15,7769
420.2,120592
420.2,18164
420.2,2376
420.2,24003
420.25,10431
420.25,12105
420.25,15738
420.25,17329
420.25,17438
420.25,46914
420.25,4802
420.2,7031
420.2,7154
420.2,9197
420.2,9287
420.3,11938
420.3,13449
420.3,15531
420.3,18865
420.3,19347
420.3,24645
420.3,25718
420.3,31720
420.3,32030
420.35,10198
420.35,10239
420.35,10340
420.35,11790
420.35,138796
420.35,15018
420.3,5158
420.35,16825
420.35,1972702
420.35,56278
420.35,8529
420.3,6154
420.4,11639
420.4,12887
420.4,14633
420.4,16403
420.4,18731
420.4,24142
420.45,10653
420.45,16419
420.45,17631
420.45,25213
420.45,27070
420.45,31836
420.4,5441
420.45,59351
420.45,6621
420.4,7390
420.4,7996
420.4,8399
420.5,12510
420.5,13293
420.5,151902
420.5,1772478
420.5,21114
420.5,28650
420.5,45484
420.55,14886
420.55,17094
420.55,22559
420.55,23692
420.55,34274
420.55,40068
420.5,58503
420.5,6909
420.6,10227
420.6,11693
420.6,12647
420.6,13404
420.6,14795
420.6,17914
420.6,18620
420.6,21736
420.6,35033
420.65,106656
420.65,11165
420.65,141632
420.65,19116
420.65,27623
420.65,7406
420.65,9101
420.7,10938
420.7,12897
420.7,13601
420.7,13968
420.7,162588
420.7,35673
420.75,11859
420.75,19853
420.75,21480
420.75,341363
420.75,4993
420.75,9345
420.7,6918
420.7,6939
420.7,9695
420.8,10364
420.8,11119
420.8,12107
420.8,15912
420.8,18927
420.8,19890
420.8,288547
420.8,34119
420.85,10033
420.85,23536
420.85,5827
420.9,14122
420.9,16455
420.9,17254
420.9,23182
420.95,12705
420.95,16069
420.9,51914
420.95,2623
420.9,53515
420.95,40219
420.95,5435
420.95,6526
420.95,7794
420.95,8473
420.95,8995
420.9,62121
420.9,7519
420.9,7711
421.0,10952
421.0,11058
421.0,115787
421.0,121920
421.0,14114
421.0,15547
421.0,18308
421.0,20241
421.0,236703
421.0,25608
421.05,10063
421.05,30760
421.05,38034
421.05,4671
421.05,62804
421.0,9821
421.1,11487
421.1,29903
421.15,1334754
421.15,15732
421.15,16176
421.15,21444
421.15,32666
421.15,37891
421.15,50916
421.15,53530
421.15,5927
421.15,9157
421.2,10017
421.2,10698
421.2,11827
421.2,41102
421.2,41787
421.25,10514
421.25,10904
421.25,13068
421.25,147085
421.25,16099
421.25,18870
421.25,192540
421.25,19259
421.25,33225
421.2,5932
421.2,7487
421.2,9608
421.3,106354
421.3,10772
421.3,11392
421.3,12284
421.3,12587
421.3,21970
421.3,25559
421.3,26200
421.3,281237
421.35,13606
421.35,20068
421.35,216610
421.35,27094
421.35,44038
421.3,55208
421.35,52946
421.35,57483
421.35,8133
421.3,6086
421.4,12257
421.4,123530
421.4,13928
421.4,14115
421.4,14250
421.4,17374
421.4,19655
421.4,22597
421.4,43206
421.4,4859
421.45,13727
421.45,14710
421.45,17254
421.45,19472
421.45,29605
421.45,39697
421.45,5843
421.45,79544
421.4,6581
421.4,8671
421.5,16535
421.5,36375
421.5,39375
421.5,43311
421.55,11669
421.55,14350
421.55,16217
421.5,5199
421.55,22442
421.55,34341
421.55,37810
421.5,6502
421.5,9363
421.6,10221
421.6,12220
421.6,157481
421.6,34308
421.6,3864
421.6,3903
421.65,12302
421.65,16094
421.65,2265
421.65,45898
421.65,8109
421.6,8905
421.6,8952
421.6,9487
421.6,9539
421.7,10302
421.7,131341
421.7,13925
421.7,15518
421.7,16379
421.7,21797
421.7,22478
421.7,29620
421.7,33371
421.7,4211
421.7,46493
421.75,11085
421.75,12471
421.75,12493
421.75,12580
421.75,13441
421.75,19508
421.75,6682
421.7,5774
421.75,85596
421.75,88455
421.7,63302
421.7,8809
421.7,9108
421.7,9821
421.8,12683
421.8,15208
421.8,21666
421.8,23982
421.8,28617
421.8,30386
421.85,11730
421.85,18388
421.85,19657
421.85,20988
421.85,22853
421.85,25016
421.85,25228
421.85,253676
421.85,30398
421.85,60347
421.85,6773
421.85,9155
421.8,6929
421.8,7050
421.9,101121
421.9,10843
421.9,11629
421.9,12410
421.9,18159
421.9,19294
421.9,22780
421.9,30774
421.9,3716
421.95,12052
421.95,3319
421.95,37141
421.95,40693
421.95,7414
421.95,9504
421.9,59626
421.9,6819
422.0,10052
422.0,10617
422.0,10909
422.0,11025
422.0,11978
422.0,12684
422.0,14595
422.0,18698
422.0,18909
422.0,20465
422.0,20785
422.0,21677
422.0,22587
422.0,28486
422.0,30053
422.0,31211
422.0,32073
422.0,32608
422.0,3918
422.0,43999
422.05,10651
422.05,11979
422.05,12933
422.05,17664
422.05,18345
422.05,22000
422.05,29085
422.05,37516
422.05,41881
422.0,5882
422.0,60897
422.0,6300
422.0,63586
422.0,75457
422.1,10476
422.1,14142
422.1,16398
422.1,21012
422.1,24248
422.1,24265
422.1,26903
422.15,10697
422.15,14946
422.15,15670
422.15,17647
422.15,18780
422.15,8433
422.1,72170
422.1,92605
422.1,9281
422.1,9714
422.1,98838
422.2,12846
422.2,13405
422.2,17540
422.2,27367
422.2,28447
422.2,28818
422.2,38542
422.2,41221
422.2,44994
422.2,49339
422.25,11326
422.25,14020
422.25,15196
422.25,15388
422.25,16029
422.25,23650
422.25,24659
422.25,28073
422.25,3394
422.25,46967
422.25,5000
422.25,5400
422.2,57596
422.25,90298
422.2,6280
422.2,6349
422.2,8933
422.3,10997
422.3,11270
422.3,12215
422.3,13619
422.3,15804
422.3,19054
422.3,19709
422.3,20461
422.3,21752
422.3,26177
422.3,29058
422.35,10007
422.35,13423
422.35,16446
422.35,20962
422.35,35955
422.35,3746
422.35,42584
422.3,5440
422.35,4938
422.35,5212
422.35,5255
422.35,72332
422.35,9055
422.35,9573
422.35,9606
422.35,9937
422.3,66038
422.3,7704
422.3,7821
422.3,88706
422.3,9127
422.3,9596
422.4,10720
422.4,11569
422.4,11592
422.4,19142
422.4,19180
422.4,25263
422.4,26479
422.4,3233
422.4,33872
422.4,34822
422.4,38985
422.4,43070
422.45,10763
422.45,11715
422.45,12272
422.45,13293
422.45,15865
422.45,17386
422.45,20662
422.45,33998
422.45,3836
422.45,45310
422.45,46370
422.45,4687
422.45,5459
422.45,5484
422.45,6340
422.4,5797
422.45,8503
422.4,66929
422.4,8079
422.4,9193
422.4,9471
422.4,9673
422.5,13648
422.5,13964
422.5,14721
422.5,16348
422.5,1793
422.5,2016
422.5,2372
422.5,28634
422.5,30747
422.5,38666
422.5,4651
422.5,4746
422.55,11787
422.55,12504
422.55,1420
422.55,15687
422.55,15815
422.55,16117
422.55,16592
422.55,16787
422.55,20619
422.5,52239
422.55,2326
422.55,3032
422.55,31180
422.55,3171
422.55,3877
422.55,48136
422.5,5495
422.55,6154
422.55,81439
422.5,63829
422.5,68315
422.5,6987
422.5,7172
422.5,77327
422.5,8912
422.6,13517
422.6,14612
422.6,14863
422.6,17336
422.6,24316
422.6,2783
422.6,29013
422.6,36461
422.6,3691
422.6,4141
422.6,4858
422.65,108264
422.65,15933
422.65,15994
422.65,17653
422.65,17680
422.65,18926
422.6,5220
422.65,24320
422.6,52591
422.65,32089
422.65,36675
422.6,5435
422.65,5053
422.65,5101
422.65,5352
422.65,5452
422.65,5459
422.65,64430
422.6,58500
422.6,6391
422.6,6489
422.6,6631
422.6,7137
422.6,7142
422.6,7343
422.6,7919
422.6,8559
422.6,86908
422.7,105814
422.7,16010
422.7,18745
422.7,21252
422.7,31201
422.7,32684
422.75,100265
422.75,16549
422.75,18029
422.75,22498
422.75,30117
422.75,35877
422.75,5722
422.75,6487
422.75,8016
422.75,8293
422.75,8543
422.75,8822
422.7,6406
422.7,66738
422.7,7602
422.8,141876
422.8,14716
422.8,18478
422.8,19444
422.8,2255
422.8,25343
422.8,3202
422.8,4193
422.8,4232
422.8,4498
422.8,4581
422.85,10456
422.85,11084
422.85,143437
422.85,14639
422.85,14640
422.85,17003
422.85,20512
422.85,20886
422.85,23107
422.85,23449
422.85,24574
422.8,52997
422.85,30744
422.85,32363
422.85,33798
422.85,37437
422.8,5394
422.85,4102
422.85,4108
422.85,4477
422.85,8216
422.85,8262
422.85,9035
422.85,9469
422.8,7304
422.8,80739
422.9,10038
422.9,11573
422.9,14659
422.9,17217
422.9,17774
422.9,20904
422.9,22644
422.9,25259
422.9,3167
422.95,10803
422.95,1343629
422.95,21830
422.95,37575
422.95,4072
422.95,41609
422.95,43246
422.9,5471
422.95,7422
422.95,9804
422.9,7764
423.0,10109
423.0,10774
423.0,10998
423.0,11145
423.0,11462
423.0,11620
423.0,14353
423.0,16639
423.0,2086
423.0,21108
423.0,25331
423.0,27527
423.0,3171
423.0,47308
423.05,12115
423.05,12719
423.05,12790
423.0,5134
423.05,135421
423.05,14125
423.0,5166
423.05,17884
423.05,17923
423.0,52381
423.05,27451
423.05,3120
423.05,5222
423.05,5278
423.05,6561
423.05,6602
423.05,6962
423.05,7080
423.0,57287
423.05,7410
423.05,9129
423.05,9756
423.05,9860
423.05,9933
423.05,9959
423.0,6290
423.0,6403
423.0,64797
423.0,6604
423.0,6777
423.0,69889
423.0,7300
423.0,7369
423.0,7715
423.0,7721
423.0,8351
423.0,9044
423.0,9462
423.1,10196
423.1,11609
423.1,13373
423.1,13872
423.1,20760
423.1,2956
423.1,31387
423.1,50109
423.15,10117
423.15,16107
423.15,17763
423.15,18915
423.15,34276
423.1,56730
423.15,7170
423.15,8196
423.15,8361
423.15,8488
423.15,8991
423.1,6888
423.1,7766
423.1,8008
423.1,9054
423.1,9166
423.1,9732
423.2,12071
423.2,12342
423.2,12643
423.2,13695
423.2,14258
423.2,14580
423.2,152210
423.2,16832
423.2,17790
423.2,32201
423.2,44876
423.25,10459
423.25,11021
423.25,11479
423.25,14381
423.25,17528
423.25,17970
423.25,196212
423.25,22912
423.25,2318681
423.25,24638
423.25,28069
423.25,31121
423.25,46319
423.25,47649
423.25,52093
423.25,7565
423.25,7757
423.25,7901
423.25,8112
423.25,8541
423.25,9003
423.25,9123
423.25,9389
423.2,6351
423.2,67417
423.2,76655
423.2,7704
423.2,9248
423.2,9315
423.3,10179
423.3,10980
423.3,14047
423.3,14871
423.3,149651
423.3,19152
423.3,26147
423.3,2862
423.3,4392
423.35,10889
423.35,11125
423.35,11863
423.3,5155
423.35,15755
423.35,173588
423.35,19571
423.35,24362
423.35,38669
423.35,39671
423.35,4392
423.35,47629
423.35,5066
423.35,7350
423.35,9211
423.35,9317
423.3,61137
423.3,7013
423.3,7381
423.3,7955
423.3,7968
423.3,8034
423.3,8445
423.3,8727
423.3,94019
423.4,10548
423.4,13926
423.4,17350
423.4,18190
423.4,19129
423.4,30295
423.4,31564
423.4,47212
423.4,4774
423.45,11678
423.45,16604
423.45,17199
423.45,20618
423.45,20664
423.45,209377
423.45,30166
423.45,34166
423.45,34658
423.45,62145
423.4,9890
423.5,10008
423.5,11816
423.5,12650
423.5,14164
423.5,17678
423.5,20845
423.5,24580
423.5,25233
423.5,29319
423.5,40231
423.5,50616
423.55,10705
423.55,12491
423.55,13803
423.55,18532
423.55,23955
423.55,24325
423.5,52591
423.55,2741
423.55,3009
423.55,3625
423.55,4311
423.55,45264
423.55,4708
423.55,71833
423.5,59515
423.55,9539
423.5,8398
423.6,127571
423.6,20304
423.6,24034
423.6,34790
423.6,42191
423.6,4952
423.65,10110
423.65,10883
423.65,14130
423.65,1508387
423.65,19523
423.65,26993
423.6,5383
423.65,4195
423.65,47670
423.65,6978
423.6,5701
423.6,67245
423.6,7220
423.6,8932
423.7,13592
423.7,143938
423.7,180068
423.7,20610
423.7,2483
423.7,27120
423.7,2890
423.7,3256
423.7,4131
423.75,11443
423.75,21549
423.75,2365
423.75,25574
423.75,2702
423.75,33219
423.75,3595
423.75,37773
423.7,5409
423.75,4272
423.75,4791
423.75,4877
423.75,5806
423.75,6345
423.75,66472
423.75,7435
423.7,6013
423.7,66901
423.7,71271
423.7,7505
423.7,7756
423.8,10135
423.8,11368
423.8,12753
423.8,14647
423.8,17124
423.8,17298
423.8,2067
423.8,27509
423.8,3487
423.8,3764
423.8,3783
423.8,4130
423.85,12215
423.85,12281
423.85,12545
423.85,17894
423.85,20977
423.85,2594
423.85,29065
423.85,29196
423.85,3426
423.85,4026
423.85,4242
423.85,51510
423.85,5189
423.85,7437
423.85,7439
423.85,8272
423.85,9164
423.8,5951
423.8,65915
423.8,6864
423.8,68864
423.8,7767
423.8,8716
423.9,10299
423.9,10905
423.9,12052
423.9,14760
423.9,15884
423.9,17241
423.9,18221
423.9,18459
423.9,18576
423.9,18773
423.9,2380
423.9,2462
423.9,24809
423.9,42334
423.9,42988
423.9,4454
423.9,4577
423.95,14332
423.95,18044
423.95,24084
423.95,3397
423.95,3566
423.95,41400
423.95,4530
423.95,5030
423.95,5507
423.95,5684
423.95,6392
423.9,5863
423.95,9060
423.9,7677
423.9,8126
424.0,10046
424.0,1015
424.0,10356
424.0,10450
424.0,107719
424.0,11048
424.0,12013
424.0,133812
424.0,13644
424.0,13823
424.0,13867
424.0,15242
424.0,1527
424.0,16215
424.0,16968
424.0,17528
424.0,18547
424.0,1879
424.0,1962
424.0,2062
424.0,21708
424.0,22832
424.0,2288
424.0,22898
424.0,2421
424.0,25129
424.0,2624
424.0,27214
424.0,27421
424.0,2867
424.0,3093
424.0,3114
424.0,3129
424.0,33443
424.0,3396
424.0,34597
424.0,35679
424.0,3767
424.0,4190
424.0,4240
424.0,45257
424.0,46784
424.0,5022
424.05,1108
424.05,149182
424.05,15537
424.05,15757
424.05,19099
424.05,1939
424.05,24739
424.05,27496
424.05,2959
424.05,3086
424.05,3244
424.0,5344
424.05,3557
424.0,5358
424.05,3642
424.05,4077
424.05,4159
424.05,4237
424.0,55017
424.05,5163
424.05,6274
424.05,6505
424.05,6829
424.05,6878
424.05,8352
424.0,59048
424.0,62720
424.0,6372
424.0,6846
424.0,74116
424.0,9053
424.0,9481
424.1,11863
424.1,1209
424.1,20791
424.1,21458
424.1,2241
424.1,2740
424.1,3512
424.1,5098
424.15,12304
424.15,12772
424.15,13118
424.15,14102
424.15,2011
424.15,2657
424.15,26778
424.15,27558
424.15,2968
424.15,3177
424.15,34415
424.15,3602
424.15,36993
424.15,38597
424.15,3943
424.15,4158
424.15,4187
424.15,4284
424.15,4707
424.15,5211
424.15,5339
424.1,5571
424.15,5735
424.15,6514
424.15,6810
424.15,7298
424.15,7653
424.1,59351
424.1,64104
424.1,7018
424.1,7778
424.1,7877
424.1,7910
424.1,9963
424.2,11278
424.2,11908
424.2,123043
424.2,13900
424.2,14059
424.2,15883
424.2,17937
424.2,19826
424.2,20273
424.2,214627
424.2,2362
424.2,2435
424.2,25354
424.2,25484
424.2,27655
424.2,2930
424.2,3003
424.2,3313
424.2,40353
424.2,4162
424.2,4172
424.2,4312
424.2,4537
424.2,4818
424.2,491040
424.2,5006
424.25,11425
424.25,11991
424.25,13356
424.25,16126
424.25,16544
424.25,17872
424.25,19937
424.25,25315
424.25,3368
424.25,4016
424.25,4644
424.25,5289
424.25,7049
424.2,6242
424.2,62782
424.2,6990
424.2,86587
424.2,9349
424.2,9767
424.3,10041
424.3,10075
424.3,11383
424.3,11774
424.3,11973
424.3,13346
424.3,13509
424.3,13761
424.3,15247
424.3,22673
424.3,24172
424.3,26613
424.3,36186
424.3,3648
424.3,4221
424.3,4913
424.35,11269
424.35,11682
424.35,183060
424.35,19035
424.35,21742
424.3,5242
424.35,43816
424.35,4904
424.35,49827
424.35,53684
424.3,5883
424.3,60496
424.3,6252
424.3,9644
424.3,9922
424.4,10307
424.4,10331
424.4,10335
424.4,10622
424.4,10769
424.4,13416
424.4,1732
424.4,1829375
424.4,19888
424.4,22934
424.4,25032
424.4,2527
424.4,280617
424.4,3104
424.4,3685
424.4,37210
424.4,43812
424.4,4412
424.4,49331
424.4,5018
424.45,11432
424.45,12683
424.45,12757
424.45,130296
424.45,13772
424.45,13806
424.45,14649
424.45,15905
424.45,18012
424.45,20727
424.45,25157
424.45,3343
424.4,5344
424.45,3516
424.45,37334
424.45,3775
424.45,392918
424.45,42971
424.4,54473
424.45,5298
424.45,5838
424.45,68425
424.45,7656
424.45,7834
424.4,6288
424.4,6487
424.4,6672
424.4,72048
424.4,8355
424.4,8367
424.4,9838
424.5,10947
424.5,12132
424.5,12271
424.5,12696
424.5,13409
424.5,13442
424.5,13547
424.5,13777
424.5,15350
424.5,15374
424.5,162377
424.5,2518
424.5,3101
424.5,36399
424.5,37418
424.5,3817
424.5,43907
424.5,4405
424.5,44888
424.55,10289
424.55,10373
424.55,10481
424.55,13208
424.55,13523
424.55,1428
424.55,14406
424.55,15992
424.55,162309
424.55,16738
424.55,179709
424.55,18749
424.55,22824
424.55,2551
424.55,2656
424.55,2845
424.55,2991
424.55,3302
424.55,33673
424.55,39609
424.5,546392
424.55,51346
424.5,55229
424.5,5721
424.55,8996
424.55,9075
424.5,7755
424.5,8282
424.5,9183
424.5,9214
424.5,9733
424.6,10233
424.6,10707
424.6,11071
424.6,11335
424.6,11970
424.6,12142
424.6,12488
424.6,12825
424.6,12895
424.6,14663
424.6,16196
424.6,1623672
424.6,16918
424.6,17747
424.6,18803
424.6,19630
424.6,2429
424.6,27520
424.6,27592
424.6,28359
424.6,3166
424.6,3503
424.6,35510
424.6,41921
424.6,47655
424.6,4835
424.65,10570
424.65,10849
424.65,11652
424.65,12695
424.6,51542
424.65,15697
424.65,16354
424.65,17268
424.65,17288
424.65,18018
424.65,7555
424.65,7892
424.65,9662
424.6,6616
424.6,7740
424.6,8519
424.6,9094
424.6,9422
424.6,9487
424.7,10035
424.7,10490
424.7,13609
424.7,20418
424.7,24264
424.7,25983
424.7,2910
424.7,32997
424.75,11400
424.75,12471
424.75,13664
424.75,15988
424.75,1628440
424.75,16971
424.75,17195
424.75,18399
424.75,21144
424.75,26967
424.75,36962
424.7,54678
424.75,52944
424.75,6778
424.75,7543
424.7,57723
424.75,93822
424.75,9511
424.75,9696
424.75,9823
424.7,69319
424.7,7093
424.7,7586
424.7,7692
424.7,8898
424.8,10038
424.8,10429
424.8,12333
424.8,12700
424.8,12707
424.8,12935
424.8,13528
424.8,14104
424.8,15383
424.8,16386
424.8,17014
424.8,17730
424.8,17905
424.8,18449
424.8,18530
424.8,19693
424.8,23173
424.8,26098
424.8,30030
424.8,313135
424.8,4309
424.8,4668
424.8,4820
424.85,13326
424.85,14739
424.85,14822
424.85,15461
424.85,16405
424.85,17401
424.85,19413
424.85,19859
424.85,2101
424.85,28292
424.85,28963
424.85,39656
424.85,4582
424.85,4631
424.85,46416
424.85,48073
424.85,5171
424.85,7031
424.8,5740
424.85,7634
424.85,89716
424.85,9930
424.8,6309
424.8,6445
424.8,70429
424.8,7133
424.8,7634
424.9,10648
424.9,11735
424.9,11897
424.9,12083
424.9,14309
424.9,15858
424.9,16874
424.9,17228
424.9,17429
424.9,187401
424.9,21877
424.9,24013
424.9,25057
424.9,26511
424.9,28939
424.9,29554
424.9,2968
424.9,32144
424.9,3857
424.9,41373
424.9,42719
424.95,117335
424.95,13371
424.95,14325
424.95,16084
424.95,17004
424.95,184093
424.95,18921
424.95,20424
424.95,233332
424.95,23802
424.95,26941
424.95,30685
424.95,30900
424.95,3172
424.9,53344
424.95,34759
424.95,37533
424.95,3787
424.95,3826
424.95,4317
424.95,55711
424.9,5622
424.95,6409
424.95,70034
424.9,57761
424.95,8474
424.95,8793
424.95,9666
424.95,9789
424.9,66294
424.9,7162
424.9,74716
424.9,78878
424.9,82795
424.9,97349
425.0,10627
425.0,11003
425.0,11100
425.0,11283
425.0,11891
425.0,12435
425.0,12499
425.0,12753
425.0,127756
425.0,130295
425.0,14203
425.0,146207
425.0,1494
425.0,1520
425.0,15482
425.0,15582
425.0,16799
425.0,17323
425.0,17458
425.0,174737
425.0,17605
425.0,17613
425.0,18058
425.0,191971
425.0,19883
425.0,20062
425.0,20424
425.0,20822
425.0,21122
425.0,22657
425.0,23958
425.0,24119
425.0,24599
425.0,25638
425.0,26824
425.0,31005
425.0,31099
425.0,31285
425.0,3883
425.0,4111
425.0,42283
425.0,44784
425.0,46976
425.0,4742
425.0,4784
425.0,4870
425.0,49571
425.05,10747
425.05,11009
425.05,12682
425.05,13558
425.05,13619
425.05,14556
425.05,15496
425.0,51704
425.05,18723
425.05,19237
425.05,19795
425.05,2337
425.05,28811
425.05,30330
425.0,53048
425.05,3477
425.05,3653
425.05,42483
425.05,53080
425.05,61494
425.05,615284
425.0,5617
425.05,6299
425.0,56384
425.0,57431
425.05,86992
425.05,87748
425.0,5888
425.0,59071
425.0,5971
425.0,5979
425.0,6240
425.0,64578
425.0,6720
425.0,6839
425.0,7011
425.0,7025
425.0,7259
425.0,7501
425.0,7989
425.0,80336
425.0,8333
425.0,8905
425.0,9515
425.0,96859
425.1,11542
425.1,11924
425.1,12879
425.1,15844
425.1,16271
425.1,17630
425.1,22948
425.1,30914
425.1,3274
425.1,363063
425.1,37505
425.1,3760
425.1,4408
425.1,44417
425.1,44528
425.1,47158
425.1,49247
425.1,50358
425.15,10954
425.15,12617
425.15,14950
425.15,16684
425.15,16894
425.15,20592
425.15,21226
425.15,22727
425.15,28462
425.15,3264
425.15,32871
425.15,33556
425.15,39190
425.15,45611
425.15,4694
425.15,5715
425.15,9989
425.1,60692
425.1,7642
425.1,7714
425.1,8139
425.1,8475
425.2,11284
425.2,11324
425.2,12330
425.2,13225
425.2,13917
425.2,150627
425.2,16999
425.2,17769
425.2,18192
425.2,19769
425.2,21222
425.2,22940
425.2,24268
425.2,246876
425.2,26049
425.2,28064
425.2,28076
425.2,29241
425.2,3707
425.2,37731
425.2,45373
425.2,45974
425.25,10577
425.25,11081
425.25,122020
425.25,15129
425.25,15379
425.25,15653
425.25,182372
425.25,18826
425.25,2554
425.2,5304
425.25,54597
425.25,6860
425.25,8059
425.2,6440
425.2,8169
425.2,8808
425.2,8881
425.2,9040
425.2,9193
425.3,11431
425.3,11580
425.3,12047
425.3,12403
425.3,13661
425.3,17612
425.3,20345
425.3,27399
425.3,3898
425.35,10812
425.35,10944
425.35,12047
425.35,13501
425.35,20642
425.3,5286
425.35,34794
425.35,38721
425.35,39617
425.35,42268
425.35,4472
425.35,5215
425.35,52244
425.35,5720
425.35,6122
425.35,6384
425.35,6404
425.35,67160
425.35,8165
425.35,8966
425.3,61799
425.3,6231
425.3,8920
425.4,11286
425.4,11609
425.4,12981
425.4,13460
425.4,13753
425.4,14160
425.4,16401
425.4,17473
425.4,18937
425.4,27938
425.4,28582
425.4,32450
425.4,3685
425.4,47119
425.45,15365
425.45,34166
425.45,34240
425.45,34588
425.45,36367
425.45,36809
425.45,44064
425.45,55095
425.45,6259
425.45,71135
425.45,74969
425.45,8595
425.45,92294
425.4,6045
425.4,695988
425.4,7939
425.4,81367
425.4,9670
425.5,1100179
425.5,11320
425.5,13491
425.5,14275
425.5,16799
425.5,17164
425.5,23846
425.5,24557
425.5,27202
425.5,33360
425.5,36125
425.5,39640
425.5,40663
425.5,41274
425.5,42794
425.5,44031
425.5,48384
425.55,10147
425.55,10265
425.55,10852
425.55,12808
425.55,13640
425.55,20518
425.55,20969
425.55,21085
425.55,22485
425.55,320168
425.55,86537
425.55,9632
425.5,61630
425.5,65286
425.5,67237
425.5,7343
425.5,8169
425.6,10453
425.6,16771
425.6,19644
425.6,20240
425.6,20969
425.6,32386
425.6,39036
425.6,39597
425.6,4761
425.6,48322
425.65,12554
425.6,51299
425.65,14235
425.65,14924
425.65,17805
425.65,1944
425.65,22478
425.65,24165
425.65,28377
425.65,29693
425.65,50186
425.65,55985
425.65,57899
425.65,58595
425.65,6697
425.65,7441
425.65,85780
425.65,86230
425.65,86634
425.65,9946
425.6,8710
425.7,11153
425.7,141972
425.7,15502
425.7,17975
425.7,25050
425.7,35912
425.75,106115
425.75,13721
425.75,17209
425.75,21779
425.75,24765
425.75,35100
425.75,42953
425.75,4654
425.75,53098
425.75,5631
425.75,6234
425.75,6835
425.7,5716
425.75,7650
425.75,7965
425.75,8709
425.75,9597
425.7,62689
425.7,6391
425.7,7105
425.7,7753
425.7,9805
425.8,100400
425.8,10207
425.8,10379
425.8,10604
425.8,17311
425.8,17391
425.8,24052
425.8,24584
425.8,28490
425.8,28873
425.8,30094
425.8,40087
425.8,42247
425.8,42476
425.8,44561
425.85,10200
425.85,12491
425.85,13055
425.85,15140
425.85,262171
425.85,30288
425.85,31435
425.85,31739
425.85,34493
425.85,35390
425.8,5368
425.85,48713
425.85,56840
425.85,57374
425.85,6095
425.85,6234
425.85,6728
425.85,81150
425.85,8347
425.85,84696
425.8,5857
425.8,6372
425.8,7014
425.8,7200
425.8,76040
425.8,9682
425.9,10381
425.9,11606
425.9,125127
425.9,13013
425.9,13339
425.9,143602
425.9,21071
425.9,21624
425.9,22651
425.9,23460
425.9,24519
425.9,24906
425.9,30783
425.9,37975
425.95,102460
425.95,11108
425.9,51238
425.95,12987
425.95,13447
425.95,15911
425.95,16463
425.95,16620
425.95,18983
425.95,19599
425.95,29753
425.95,35048
425.95,69241
425.9,63803
425.9,63870
425.9,6687
425.9,6721
425.9,7339
425.9,7806
425.9,79380
425.9,9165
425.9,9360
425.9,9388
426.0,10074
426.0,10236
426.0,10608
426.0,106650
426.0,10857
426.0,11480
426.0,11567
426.0,122721
426.0,15320
426.0,15460
426.0,19485
426.0,20113
426.0,24097
426.0,24397
426.0,24971
426.0,26672
426.0,35053
426.0,42299
426.05,10806
426.05,11558
426.05,12439
426.05,14675
426.05,19906
426.05,26443
426.05,34614
426.05,47890
426.0,5480
426.05,52529
426.0,5663
426.0,6095
426.0,6587
426.0,7080
426.0,73735
426.0,7745
426.0,8229
426.0,83462
426.0,9307
426.0,93901
426.1,10384
426.1,10418
426.1,10905
426.1,11055
426.1,12114
426.1,12129
426.1,14908
426.1,15431
426.1,1583159
426.1,18383
426.1,18851
426.1,42665
426.15,14039
426.15,16072
426.15,22569
426.15,27064
426.15,32236
426.15,39277
426.1,5506
426.15,73251
426.1,5737
426.15,9926
426.15,9941
426.1,8667
426.2,10974
426.2,11194
426.2,12416
426.2,156627
426.2,23308
426.2,33400
426.2,33787
426.2,35200
426.2,43170
426.2,5090
426.25,12280
426.25,12952
426.25,13369
426.25,14973
426.25,15058
426.25,151993
426.25,16090
426.25,16761
426.25,16813
426.25,19979
426.25,20064
426.25,26037
426.25,36880
426.25,49708
426.2,55422
426.25,58877
426.25,9804
426.2,69710
426.2,7131
426.2,9495
426.3,10215
426.3,106494
426.3,10970
426.3,12351
426.3,12945
426.3,14759
426.3,17737
426.3,18450
426.3,23040
426.3,29797
426.3,31725
426.3,36770
426.35,10709
426.35,12285
426.35,13444
426.35,15639
426.35,17247
426.35,17804
426.35,23917
426.35,253934
426.35,38288
426.35,48296
426.35,5126
426.35,54014
426.35,7970
426.35,9761
426.3,9972
426.4,10233
426.4,112062
426.4,11212
426.4,12230
426.4,13174
426.4,139404
426.4,16011
426.4,17163
426.4,17474
426.4,23254
426.4,24517
426.4,26234
426.4,37251
426.4,4130
426.45,10536
426.45,11168
426.45,11198
426.45,12107
426.45,20463
426.45,23960
426.45,24457
426.45,251969
426.45,26490
426.45,31067
426.45,33174
426.45,35577
426.45,37577
426.45,53445
426.45,6608
426.45,77027
426.4,57972
426.45,8659
426.45,96393
426.45,9659
426.45,9841
426.4,6919
426.4,70871
426.4,7770
426.4,7775
426.4,8446
426.5,10998
426.5,12181
426.5,13012
426.5,13825
426.5,14183
426.5,15644
426.5,16198
426.5,16693
426.5,179895
426.5,18217
426.5,19044
426.5,21379
426.5,31572
426.5,3695
426.5,40357
426.5,46879
426.55,10807
426.55,12531
426.55,12554
426.55,13808
426.55,17000
426.55,184207
426.55,200190
426.55,22458
426.55,22622
426.55,24018
426.5,52866
426.55,43276
426.55,67046
426.5,56970
426.55,7966
426.55,9695
426.5,62442
426.5,71202
426.5,7160
426.5,7394
426.5,8304
426.5,9358
426.5,9376
426.5,9617
426.5,9633
426.5,96558
426.6,10437
426.6,10912
426.6,11658
426.6,11967
426.6,12028
426.6,12588
426.6,13327
426.6,15965
426.6,16335
426.6,17086
426.6,18495
426.6,20414
426.6,34576
426.6,41959
426.6,44334
426.65,10706
426.65,13317
426.65,16233
426.65,21508
426.65,24007
426.65,26084
426.65,6175
426.65,63057
426.65,66636
426.65,71049
426.65,8960
426.6,72291
426.6,8381
426.6,8652
426.6,8948
426.6,9537
426.7,10561
426.7,10789
426.7,11420
426.7,11909
426.7,13411
426.7,15520
426.7,16901
426.7,17344
426.7,18163
426.7,21032
426.7,21759
426.7,22833
426.7,28349
426.7,3136
426.7,31517
426.7,32885
426.7,34482
426.7,39246
426.7,40252
426.7,4046
426.75,10859
426.75,11047
426.75,15325
426.75,15754
426.75,16686
426.75,20975
426.75,21775
426.75,21801
426.75,22829
426.75,23731
426.75,28230
426.75,32664
426.75,33176
426.75,48663
426.75,49176
426.75,51378
426.75,65394
426.75,6836
426.75,93814
426.7,6062
426.7,7100
426.7,7167
426.7,7469
426.7,8136
426.8,12415
426.8,12738
426.8,13774
426.8,146488
426.8,16176
426.8,16333
426.8,17707
426.8,21076
426.8,217021
426.8,25416
426.8,32970
426.8,38874
426.8,46426
426.85,10864
426.85,11661
426.85,12618
426.85,14620
426.85,16072
426.85,17525
426.85,18798
426.85,19268
426.85,19419
426.85,20323
426.85,22202
426.85,23923
426.85,24615
426.85,33739
426.85,44991
426.85,53184
426.85,54826
426.85,55751
426.85,7561
426.85,7730
426.85,9073
426.8,8168
426.8,84001
426.8,8807
426.8,9166
426.9,10624
426.9,11929
426.9,14731
426.9,15032
426.9,15617
426.9,20315
426.9,20433
426.9,21683
426.9,25784
426.9,26787
426.9,28146
426.9,32935
426.9,35660
426.9,39769
426.9,42988
426.95,11027
426.95,21184
426.95,21256
426.95,22066
426.95,24114
426.95,24876
426.95,28103
426.95,29973
426.95,40068
426.95,4556
426.95,6038
426.95,7958
426.95,83961
426.9,8457
427.0,10197
427.0,10873
427.0,11262
427.0,11819
427.0,14127
427.0,15947
427.0,15975
427.0,17195
427.0,18967
427.0,19270
427.0,20093
427.0,21758
427.0,21808
427.0,32470
427.0,33768
427.0,34046
427.0,34929
427.0,35040
427.0,44180
427.0,47038
427.0,48161
427.05,16571
427.05,17200
427.05,18992
427.05,21540
427.05,229494
427.05,28645
427.05,31882
427.05,33173
427.05,33331
427.0,55286
427.0,61853
427.0,67025
427.0,79503
427.0,89334
427.1,10948
427.1,127031
427.1,17078
427.1,28929
427.15,13136
427.1,51624
427.15,21332
427.15,28009
427.15,36690
427.15,41806
427.15,7644
427.15,9773
427.1,70907
427.1,7818
427.2,10450
427.2,17464
427.2,17668
427.2,19947
427.2,22827
427.2,23263
427.2,30942
427.2,35931
427.25,17483
427.25,19314
427.25,23471
427.25,33048
427.25,39667
427.25,5193
427.25,7952
427.25,8395
427.25,9404
427.2,74952
427.2,9351
427.2,9927
427.3,104169
427.3,132525
427.3,15110
427.3,16985
427.3,42722
427.3,42742
427.3,47396
427.35,12698
427.35,17766
427.35,24768
427.35,26695
427.35,45010
427.35,6983
427.35,73547
427.35,90517
427.3,7136
427.3,89851
427.4,10386
427.4,10473
427.4,11185
427.4,14265
427.4,14661
427.4,14990
427.4,15439
427.4,20815
427.4,21378
427.4,224979
427.4,27050
427.4,45060
427.45,11581
427.45,13725
427.45,174112
427.4,5209
427.45,25085
427.45,25484
427.45,32100
427.45,36303
427.45,4869
427.45,58998
427.45,61081
427.45,8617
427.4,58774
427.4,6561
427.4,72970
427.4,7327
427.4,7980
427.4,92458
427.5,10171
427.5,10395
427.5,110159
427.5,11048
427.5,11723
427.5,12240
427.5,12849
427.5,16445
427.5,17070
427.5,19197
427.5,19230
427.5,26630
427.5,27106
427.5,27176
427.5,350196
427.5,40331
427.5,41026
427.55,11159
427.55,11887
427.55,155279
427.55,16621
427.55,18444
427.55,20811
427.55,21550
427.55,26137
427.55,28817
427.55,30783
427.55,35238
427.55,37091
427.55,37708
427.5,5543
427.55,79851
427.55,88159
427.5,6944
427.5,72846
427.5,8513
427.6,10777
427.6,122092
427.6,178530
427.6,27199
427.6,27215
427.65,10288
427.65,11450
427.65,12588
427.65,17929
427.65,23658
427.65,39155
427.65,5255
427.65,72037
427.6,6557
427.6,7515
427.6,7941
427.6,9238
427.6,9520
427.7,103866
427.7,11140
427.7,11574
427.7,12671
427.7,12712
427.7,14764
427.7,154040
427.7,20450
427.7,21002
427.7,22999
427.7,28290
427.7,28663
427.7,31369
427.75,13926
427.75,26225
427.75,28896
427.75,50504
427.75,5222
427.7,58343
427.7,5846
427.75,91960
427.75,9213
427.7,6556
427.8,10117
427.8,11703
427.8,14751
427.8,16039
427.8,18866
427.8,19567
427.8,20620
427.8,214884
427.8,30658
427.8,3994
427.85,10594
427.85,10812
427.85,12640
427.85,17453
427.85,19439
427.8,52143
427.85,21515
427.8,52574
427.85,7902
427.8,5868
427.85,9928
427.8,6138
427.8,80199
427.8,9676
427.8,98740
427.9,111595
427.95,10045
427.95,10333
427.95,11426
427.95,11919
427.95,1336666
427.95,17814
427.95,27879
427.95,31170
427.95,36673
427.95,39845
427.95,43088
427.95,4591
427.95,7168
427.9,5878
427.95,89388
427.9,6515
427.9,7095
427.9,8359
427.9,9266
428.0,10092
428.0,11155
428.0,11521
428.0,117400
428.0,12296
428.0,12373
428.0,12667
428.0,13942
428.0,14617
428.0,15463
428.0,16350
428.0,18097
428.0,19301
428.0,19823
428.0,208994
428.0,25226
428.0,25522
428.0,267502
428.0,26803
428.0,30483
428.0,34433
428.0,35682
428.0,37326
428.0,42374
428.0,48833
428.05,10681
428.05,16501
428.05,16903
428.0,52353
428.05,25881
428.05,26002
428.05,28827
428.05,29326
428.0,5303
428.0,5371
428.05,49256
428.0,57830
428.05,9903
428.0,65432
428.0,68665
428.0,7267
428.0,7545
428.0,79011
428.0,97646
428.1,10022
428.1,10336
428.1,12379
428.1,16394
428.1,19200
428.1,20320
428.1,24394
428.1,4895
428.15,10688
428.15,10971
428.15,11862
428.15,122865
428.15,129493
428.15,15071
428.15,16415
428.15,16826
428.15,17542
428.15,19890
428.15,29171
428.15,32850
428.15,7387
428.1,7301
428.1,79185
428.1,9467
428.1,9502
428.1,9985
428.2,13140
428.2,13595
428.2,15239
428.2,17672
428.2,22364
428.2,25099
428.2,29876
428.2,31639
428.2,3286
428.2,34308
428.2,40920
428.2,4420
428.25,10496
428.25,11280
428.25,11296
428.25,12190
428.25,131803
428.25,149315
428.2,5160
428.25,16057
428.25,24437
428.25,24789
428.25,26132
428.25,26306
428.25,36905
428.25,3936
428.25,4139
428.25,4470
428.25,4586
428.2,5475
428.25,5023
428.25,50733
428.25,6218
428.25,7255
428.2,5976
428.25,97848
428.2,7366
428.2,7982
428.2,9586
428.3,12002
428.3,12278
428.3,14598
428.3,18150
428.3,19050
428.3,238218
428.3,25299
428.3,29692
428.3,34814
428.35,13536
428.35,38960
428.35,39898
428.35,5147
428.35,55072
428.35,67817
428.35,9324
428.3,6170
428.3,6250
428.3,62998
428.3,64874
428.3,7788
428.3,8488
428.3,87180
428.3,8987
428.3,9457
428.4,10091
428.4,10147
428.4,10165
428.4,119713
428.4,153959
428.4,19931
428.4,20211
428.4,20277
428.4,21406
428.4,24167
428.4,26427
428.4,32134
428.4,3271
428.4,38116
428.45,10360
428.45,10876
428.45,11918
428.45,142543
428.45,14414
428.45,16197
428.45,18468
428.45,22867
428.45,24574
428.45,2878
428.45,31833
428.45,56924
428.45,5701
428.45,7160
428.45,9033
428.4,6569
428.4,72533
428.4,8727
428.5,14268
428.5,146079
428.5,18340
428.5,18613
428.5,20622
428.5,21103
428.5,2284
428.5,25724
428.5,280807
428.5,30697
428.5,32596
428.5,36494
428.5,3943
428.5,41735
428.5,43988
428.55,10003
428.55,10755
428.55,16578
428.55,20174
428.55,20431
428.55,21598
428.55,24212
428.55,26877
428.5,52977
428.55,3602
428.55,8018
428.5,5813
428.55,8606
428.5,5915
428.55,9568
428.55,9725
428.5,60115
428.5,69200
428.5,82953
428.5,8348
428.5,9719
428.6,11701
428.6,11880
428.6,14282
428.6,14286
428.6,14505
428.6,14908
428.6,16325
428.6,17846
428.6,18818
428.6,20016
428.6,21522
428.6,24954
428.6,28440
428.6,33635
428.6,39998
428.6,4465
428.65,10874
428.65,14643
428.65,20336
428.65,4797
428.65,7636
428.65,8308
428.65,88341
428.65,9827
428.6,6415
428.6,7433
428.6,7481
428.6,8795
428.6,91984
428.7,13476
428.7,13510
428.7,184281
428.7,19250
428.7,23287
428.7,3921
428.75,10091
428.75,10875
428.75,12954
428.75,12955
428.75,153234
428.75,16165
428.75,17160
428.75,17549
428.75,18597
428.75,23218
428.7,5279
428.75,28482
428.75,34521
428.75,34755
428.75,48725
428.75,7010
428.75,7701
428.7,74653
428.7,7701
428.7,7873
428.7,78918
428.7,9783
428.7,9875
428.7,9927
428.8,10117
428.8,11191
428.8,11251
428.8,12200
428.8,129038
428.8,15828
428.8,19805
428.8,24669
428.8,25536
428.8,26829
428.8,27367
428.8,29368
428.85,11246
428.85,13816
428.85,23787
428.85,24624
428.85,27146
428.85,31721
428.85,33595
428.85,38498
428.85,46814
428.85,54274
428.85,8530
428.85,86880
428.85,97488
428.85,9938
428.8,60612
428.8,6377
428.8,6508
428.8,7447
428.9,11553
428.9,13238
428.9,14805
428.9,18022
428.9,208728
428.9,30793
428.95,10861
428.95,11314
428.95,12847
428.95,13336
428.95,15498
428.95,2503253
428.95,26286
428.95,30571
428.95,33418
428.95,34295
428.95,43933
428.95,7030
428.95,8722
428.95,9320
428.9,7121
428.9,73104
428.9,92352
429.0,10295
429.0,10508
429.0,109558
429.0,110676
429.0,12231
429.0,12559
429.0,12603
429.0,12877
429.0,15493
429.0,16254
429.0,18194
429.0,23125
429.0,30062
429.0,33908
429.0,38605
429.0,4515
429.05,10430
429.05,13892
429.05,15730
429.0,52456
429.05,26568
429.05,26714
429.05,28577
429.05,32643
429.05,41948
429.05,5594
429.05,56729
429.05,5714
429.0,56503
429.05,66923
429.05,7237
429.0,69843
429.0,72586
429.0,72760
429.0,73142
429.0,75515
429.1,141987
429.1,15236
429.1,198014
429.1,32064
429.1,3540
429.15,10448
429.15,10976
429.15,7597
429.15,8807
429.2,12121
429.2,13045
429.2,16369
429.2,172551
429.2,18626
429.2,18645
429.2,23547
429.25,11129
429.25,11359
429.25,12257
429.25,13448
429.25,14426
429.25,34055
429.25,7552
429.25,8266
429.3,10613
429.3,11308
429.3,12198
429.3,12926
429.3,14153
429.3,16714
429.3,17469
429.3,22753
429.3,22958
429.3,24544
429.35,10117
429.3,51216
429.35,13044
429.35,15323
429.35,1600743
429.35,1640024
429.35,16952
429.35,24288
429.3,52910
429.35,3714
429.35,56506
429.35,5786
429.35,64203
429.35,73718
429.35,8895
429.3,60940
429.3,6741
429.3,72443
429.3,7513
429.3,9026
429.3,9233
429.4,12579
429.4,20894
429.4,24013
429.4,27834
429.4,31575
429.4,36973
429.45,110422
429.45,15346
429.45,39860
429.45,47639
429.45,57473
429.45,7892
429.45,8197
429.45,9071
429.4,61047
429.4,6257
429.4,72427
429.4,8296
429.5,103468
429.5,11678
429.5,13613
429.5,138900
429.5,15182
429.5,16371
429.5,17917
429.5,48377
429.55,10340
429.55,11708
429.55,24827
429.55,34986
429.5,53567
429.55,45981
429.55,92143
429.5,5982
429.5,7866
429.5,9080
429.6,103369
429.6,11240
429.6,141417
429.6,15907
429.6,3140
429.6,43875
429.6,4769
429.65,103126
429.65,11478
429.65,116658
429.65,15484
429.65,15631
429.65,160313
429.65,26516
429.65,2937
429.65,30074
429.65,3404
429.65,38892
429.65,41713
429.65,4227
429.65,43331
429.65,45561
429.65,4687
429.65,6034
429.65,6817
429.65,6986
429.65,7541
429.6,70431
429.6,8318
429.6,9067
429.7,105304
429.7,12133
429.7,12760
429.7,16094
429.7,16611
429.7,17829
429.7,33646
429.7,46658
429.7,50283
429.75,10288
429.75,11922
429.75,12416
429.75,14893
429.75,17774
429.75,208528
429.75,3881
429.75,4576
429.75,6443
429.7,56991
429.75,7493
429.75,8862
429.7,63523
429.8,11054
429.8,1106
429.8,11233
429.8,11813
429.8,12909
429.8,12923
429.8,142755
429.8,15343
429.8,21096
429.8,21166
429.8,22583
429.8,23398
429.8,41431
429.8,48701
429.85,10283
429.8,5108
429.85,15523
429.85,19809
429.85,2051
429.85,26289
429.85,28375
429.85,38667
429.85,4896
429.85,50620
429.85,63262
429.85,64993
429.8,60096
429.8,6117
429.8,7020
429.8,7367
429.8,8002
429.8,9438
429.9,10127
429.9,12009
429.9,12309
429.9,19393
429.9,200215
429.9,20063
429.9,21853
429.9,22517
429.9,25343
429.9,39044
429.9,4538
429.9,4643
429.9,48433
429.9,5084
429.95,14463
429.95,14979
429.95,1890065
429.95,22480
429.95,25059
429.95,26090
429.95,3430
429.95,34850
429.95,3938
429.95,4026
429.95,42036
429.95,6046
429.9,5620
429.95,6414
429.95,64528
429.95,66306
429.95,6983
429.95,8189
429.95,8231
429.9,5905
429.9,6944
429.9,9782
430.0,10741
430.0,11410
430.0,12558
430.0,12843
430.0,131460
430.0,14157
430.0,14263
430.0,15452
430.0,169911
430.0,19016
430.0,19606
430.0,19624
430.0,20071
430.0,21103
430.0,22269
430.0,22638
430.0,24868
430.0,26667
430.0,27899
430.0,3088
430.0,311644
430.0,3145
430.0,3166
430.0,3240
430.0,33692
430.0,3489
430.0,36313
430.0,4149
430.0,4364
430.0,4694
430.0,4827
430.0,48949
430.0,50364
430.05,11330
430.05,11826
430.05,11873
430.05,13475
430.05,14778
430.05,15667
430.05,15687
430.05,18164
430.05,20462
430.05,23498
430.05,33562
430.05,40364
430.05,4112
430.05,4489
430.05,5039
430.05,5056
430.0,55364
430.05,5684
430.05,7180
430.05,73446
430.05,7940
430.05,9269
430.0,60998
430.0,6154
430.0,65526
430.0,6881
430.0,77824
430.0,7881
430.0,7951
430.0,90850
430.0,9952
430.0,9982
430.1,10043
430.1,11106
430.1,16110
430.1,17167
430.1,17689
430.1,20068
430.1,21223
430.1,29544
430.1,30882
430.1,34636
430.1,4026
430.1,42503
430.1,4374
430.1,4898
430.1,5064
430.15,10141
430.15,12661
430.15,13261
430.15,15560
430.15,17352
430.1,5185
430.15,21196
430.15,26594
430.15,38443
430.15,41622
430.15,4417
430.15,4876
430.15,4920
430.15,8240
430.15,8366
430.15,9309
430.1,6633
430.1,6859
430.1,8169
430.1,8637
430.2,10168
430.2,10978
430.2,15942
430.2,17724
430.2,2240
430.2,2520
430.2,26851
430.2,36605
430.2,4450
430.2,5064
430.25,1121
430.25,12610
430.25,14528
430.25,1508
430.25,1704
430.25,218397
430.25,25094
430.25,2722
430.25,2787
430.25,3147
430.25,31976
430.25,32819
430.25,41007
430.25,4112
430.25,4135
430.25,4153
430.25,4317
430.25,4697
430.25,4755
430.25,48541
430.2,5487
430.25,50543
430.25,50946
430.25,5291
430.25,5606
430.25,5833
430.25,6082
430.2,5620
430.25,6819
430.25,6875
430.25,7101
430.2,58465
430.25,8927
430.25,9194
430.2,5991
430.25,9954
430.2,60257
430.2,6647
430.3,10235
430.3,10529
430.3,10544
430.3,1116
430.3,1500
430.3,17853
430.3,18611
430.3,1876
430.3,23449
430.3,2715
430.3,2889
430.3,2897
430.3,2941
430.3,3217
430.3,33979
430.3,3410
430.3,3587
430.3,3794
430.3,40316
430.3,4480
430.3,4664
430.35,10456
430.35,113095
430.35,12275
430.35,12838
430.35,14236
430.35,1765
430.35,2122
430.35,21809
430.35,22259
430.35,2277
430.35,24476
430.35,25171
430.35,26957
430.35,30482
430.35,3675
430.35,4105
430.3,5412
430.35,46468
430.35,4935
430.35,4984
430.35,51135
430.35,5260
430.35,54525
430.35,5900
430.35,6657
430.35,71110
430.35,7639
430.35,7655
430.35,7904
430.3,5849
430.35,9249
430.3,6214
430.3,6241
430.3,6582
430.3,84724
430.3,8676
430.3,9227
430.3,9730
430.4,10970
430.4,11195
430.4,135005
430.4,13703
430.4,13794
430.4,1655
430.4,17528
430.4,18922
430.4,2305
430.4,2310
430.4,2319
430.4,23329
430.4,27396
430.4,2841
430.4,3248
430.4,3347
430.4,3932
430.4,4699
430.45,10921
430.45,15134
430.45,15666
430.45,16469
430.45,17029
430.45,2241
430.45,2392
430.45,25255
430.45,27340
430.45,29380
430.45,33826
430.4,5384
430.45,50197
430.45,5180
430.45,5973
430.45,6220
430.4,5677
430.45,98578
430.4,6021
430.4,6084
430.4,6208
430.4,62936
430.4,6724
430.4,92578
430.4,9551
430.5,10550
430.5,108703
430.5,10899
430.5,114619
430.5,12943
430.5,13841
430.5,14760
430.5,15391
430.5,17031
430.5,19603
430.5,21808
430.5,22376
430.5,22804
430.5,24565
430.5,26801
430.5,28202
430.5,31423
430.5,33060
430.5,40124
430.5,42444
430.5,50864
430.55,10114
430.55,10170
430.55,10441
430.55,111756
430.55,11677
430.55,11876
430.55,14111
430.55,14650
430.55,14797
430.55,20309
430.55,20767
430.55,26030
430.55,2644
430.55,3026
430.55,35698
430.55,39736
430.55,4234
430.55,5058
430.55,52626
430.55,5466
430.5,5592
430.55,79954
430.5,58955
430.55,89636
430.5,7385
430.5,8206
430.5,8484
430.5,9023
430.5,9092
430.5,9579
430.5,9851
430.6,10944
430.6,11871
430.6,15274
430.6,18255
430.6,185164
430.6,19533
430.6,29101
430.6,30828
430.6,3337
430.6,44957
430.6,4963
430.6,4982
430.6,5095
430.65,12994
430.65,14013
430.65,15889
430.65,15953
430.65,17917
430.65,18462
430.65,26266
430.65,26326
430.65,4351
430.65,46352
430.65,75092
430.65,7700
430.65,8884
430.6,6433
430.6,69499
430.6,7526
430.6,7971
430.6,8515
430.6,87382
430.6,9227
430.6,9871
430.7,103580
430.7,12165
430.7,12692
430.7,13593
430.7,143599
430.7,19700
430.7,21925
430.7,25562
430.7,2915
430.7,47596
430.7,50378
430.75,10437
430.75,12070
430.75,14796
430.75,16045
430.75,1833
430.75,18479
430.75,3428
430.75,4135
430.7,5503
430.75,58621
430.75,7394
430.75,84915
430.7,59242
430.7,6450
430.7,79782
430.7,8737
430.8,119548
430.8,12022
430.8,135557
430.8,13891
430.8,17073
430.8,18752
430.8,18760
430.8,19498
430.8,20163
430.8,237822
430.8,40092
430.8,49078
430.85,10478
430.85,115822
430.85,16191
430.85,17314
430.85,49458
430.85,8046
430.8,59512
430.8,70478
430.8,96678
430.9,10199
430.9,127226
430.9,18449
430.9,19661
430.9,27311
430.9,28435
430.9,28821
430.9,3340
430.9,39612
430.9,4527
430.9,4534
430.9,4824
430.95,11732
430.95,12833
430.95,13409
430.95,14514
430.95,22172
430.95,3129
430.95,34851
430.95,3620
430.95,39419
430.95,44142
430.95,46841
430.95,5277
430.95,5518
430.95,59773
430.95,60138
430.95,6341
430.95,67320
430.95,7721
430.95,9711
430.9,59845
430.9,6329
430.9,7428
430.9,84722
430.9,8991
431.0,11398
431.0,12365
431.0,12401
431.0,14064
431.0,151114
431.0,15245
431.0,177052
431.0,17796
431.0,18877
431.0,19285
431.0,20061
431.0,21288
431.0,24179
431.0,37017
431.0,38367
431.0,39928
431.0,49469
431.05,106411
431.05,115510
431.05,15239
431.05,15349
431.05,15373
431.05,16103
431.05,17606
431.05,17832
431.0,5232
431.05,23322
431.05,2595
431.05,26644
431.05,26988
431.05,2769
431.05,30117
431.05,30496
431.05,31702
431.05,3653
431.05,38174
431.05,5124
431.05,63267
431.05,7383
431.0,62728
431.0,69717
431.0,80067
431.0,8223
431.0,8826
431.0,88684
431.1,11814
431.1,121547
431.1,129553
431.1,134841
431.1,16148
431.1,17403
431.1,17798
431.1,18221
431.1,2040
431.1,24493
431.1,26180
431.1,4892
431.15,12580
431.15,14387
431.15,16283
431.15,18269
431.15,24331
431.15,24928
431.15,31003
431.15,39329
431.15,47107
431.15,4896
431.15,51633
431.1,5585
431.1,69060
431.1,7931
431.1,8239
431.2,1072
431.2,11629
431.2,12036
431.2,12686
431.2,15658
431.2,18444
431.2,2616
431.2,28218
431.2,3064
431.2,31242
431.2,31831
431.2,32545
431.2,3988
431.2,4780
431.2,5093
431.25,105041
431.25,118755
431.25,13251
431.2,51327
431.25,17600
431.25,18273
431.25,18952
431.25,20897
431.2,52594
431.25,2852
431.25,33365
431.25,35351
431.25,37178
431.25,47100
431.25,4899
431.25,6060
431.2,7994
431.2,8276
431.2,88817
431.3,1168
431.3,13014
431.3,1472
431.3,199438
431.3,2388
431.3,2445
431.3,2480
431.3,24945
431.3,25346
431.3,2850
431.35,109559
431.3,5171
431.35,17212
431.35,18748
431.35,257160
431.35,26504
431.35,26971
431.35,2713
431.35,38906
431.35,4152
431.35,52207
431.35,54441
431.35,55693
431.35,58793
431.3,55927
431.35,8244
431.3,59332
431.3,70558
431.3,7457
431.3,98870
431.4,10681
431.4,112275
431.4,1379
431.4,16924
431.4,18012
431.4,18797
431.4,21723
431.4,23326
431.4,2670
431.4,28416
431.4,300593
431.4,41150
431.4,4920
431.4,50670
431.45,10524
431.45,1219
431.45,13832
431.45,14448
431.45,14641
431.45,18904
431.45,23975
431.45,3301
431.45,3553
431.45,4321
431.45,48452
431.45,75442
431.45,7728
431.45,9870
431.45,9990
431.4,63656
431.4,8796
431.4,9849
431.5,11135
431.5,11721
431.5,12468
431.5,14647
431.5,17535
431.5,27719
431.5,34932
431.5,39891
431.5,44035
431.5,4505
431.55,13950
431.55,17138
431.55,22300
431.55,24242
431.55,25332
431.55,29249
431.55,31850
431.55,44322
431.55,7110
431.5,58532
431.5,59232
431.55,9923
431.5,61126
431.5,68913
431.5,9018
431.6,107597
431.6,11419
431.6,17334
431.6,4554
431.6,5038
431.65,154634
431.65,17982
431.65,25879
431.65,2686
431.65,26860
431.65,3029
431.65,34016
431.65,35634
431.65,4793
431.65,53638
431.65,6819
431.65,82239
431.65,8231
431.6,58847
431.6,60667
431.6,8831
431.6,9619
431.7,10077
431.7,131547
431.7,17274
431.7,25216
431.7,31135
431.7,42030
431.7,47080
431.75,10541
431.75,14104
431.75,16028
431.75,1693
431.7,5203
431.75,28077
431.75,2918
431.75,3123
431.75,37656
431.75,40561
431.75,41409
431.75,48053
431.75,5059
431.75,5824
431.75,88912
431.75,9567
431.7,8479
431.7,95137
431.8,10221
431.8,11677
431.8,12102
431.8,12649
431.8,14880
431.8,15642
431.8,16904
431.8,21830
431.8,22513
431.8,3526
431.8,3553784
431.8,3771
431.8,39031
431.8,40295
431.8,46221
431.8,47440
431.85,10837
431.85,11906
431.8,51685
431.85,17153
431.85,17957
431.8,5181
431.85,2161
431.85,26953
431.85,27685
431.85,30104
431.85,33047
431.85,3936
431.85,50960
431.85,6097
431.85,6490
431.85,6657
431.85,68265
431.8,5784
431.85,9142
431.8,62336
431.8,6424
431.8,7513
431.8,7870
431.8,82838
431.8,94082
431.9,13197
431.9,14027
431.9,16318
431.9,1641
431.9,18542
431.9,2047
431.9,3255
431.9,37007
431.9,41195
431.9,4288
431.9,45296
431.95,11065
431.95,11370
431.95,11395
431.95,12250
431.95,12835
431.95,13626
431.95,15095
431.95,17960
431.95,18410
431.95,19368
431.95,19573
431.95,21388
431.95,23070
431.95,23444
431.95,25618
431.95,25652
431.95,49967
431.95,5234
431.95,5289
431.95,5362
431.95,5848
431.95,5955
431.95,6707
431.95,7173
431.95,7804
431.95,8112
431.95,81474
431.95,8640
431.9,6060
431.9,6239
431.9,6274
431.9,6785
431.9,6794
431.9,77972
431.9,9483
431.9,98687
432.0,10991
432.0,11070
432.0,11152
432.0,11556
432.0,12461
432.0,13844
432.0,14670
432.0,15560
432.0,16379
432.0,1811
432.0,19020
432.0,19284
432.0,21167
432.0,22154
432.0,28682
432.0,28747
432.0,29012
432.0,3447
432.0,35904
432.0,3748
432.0,40628
432.0,4345
432.0,4483
432.05,11103
432.05,14963
432.05,16858
432.0,5185
432.05,2191712
432.05,23397
432.05,24300
432.05,27175
432.05,27474
432.05,29411
432.0,5337
432.05,37572
432.05,4757
432.0,5529
432.0,55629
432.05,6474
432.05,7448
432.05,7722
432.05,8002
432.05,8090
432.05,8821
432.05,8879
432.05,9755
432.0,6038
432.0,62723
432.0,6437
432.0,6761
432.0,7540
432.0,7844
432.0,79181
432.0,8351
432.0,9098
432.0,9325
432.1,10960
432.1,113883
432.1,12049
432.1,12930
432.1,15392
432.1,15710
432.1,16432
432.1,20449
432.1,22867
432.1,24306
432.1,2629
432.1,3254
432.1,35847
432.1,36611
432.1,4667
432.1,48014
432.1,50229
432.15,11408
432.15,13519
432.15,16690
432.15,1758
432.15,19173
432.15,20444
432.15,21924
432.15,29869
432.15,35821
432.15,48051
432.15,5140
432.15,596459
432.15,6628
432.1,56931
432.15,88840
432.15,9554
432.15,9634
432.1,79186
432.1,9618
432.2,10414
432.2,14567
432.2,15974
432.2,16983
432.2,17134
432.2,23898
432.2,26169
432.2,33603
432.2,3452
432.2,41424
432.25,13428
432.25,14342
432.25,14391
432.25,15483
432.25,15828
432.25,17768
432.25,19748
432.25,23322
432.25,26036
432.25,40475
432.25,42476
432.25,4535
432.25,45446
432.25,49684
432.25,5166
432.25,6431
432.25,70558
432.25,73848
432.25,78107
432.25,79855
432.25,7999
432.25,8692
432.25,9220
432.25,94993
432.2,7138
432.2,85881
432.2,8918
432.2,8958
432.3,11113
432.3,17594
432.3,18515
432.3,21484
432.3,23597
432.3,26363
432.3,28058
432.3,36014
432.3,36580
432.3,37671
432.3,37694
432.3,39287
432.3,41844
432.3,45192
432.3,47646
432.35,10250
432.35,10369
432.35,12753
432.35,18773
432.35,23687
432.35,25312
432.3,52959
432.3,53473
432.35,36847
432.3,53915
432.35,4100
432.35,45868
432.35,4708
432.35,5117
432.35,5609
432.35,57340
432.35,7684
432.3,6514
432.3,8545
432.3,8717
432.3,9764
432.4,10251
432.4,10993
432.4,13048
432.4,16736
432.4,17909
432.4,22387
432.4,35661
432.4,36485
432.4,3797
432.4,40037
432.4,43017
432.4,47610
432.4,47988
432.45,10103
432.45,10549
432.45,107012
432.45,141196
432.45,22989
432.45,2787
432.45,33407
432.45,33814
432.45,340370
432.4,5350
432.45,35272
432.45,57177
432.45,61207
432.45,6262
432.45,72123
432.45,75353
432.45,79942
432.45,81215
432.4,6852
432.4,86404
432.5,12262
432.5,13565
432.5,135971
432.5,20933
432.5,21296
432.5,22194
432.5,232809
432.5,27071
432.5,34325
432.5,39525
432.55,10432
432.55,139029
432.55,13994
432.55,23619
432.55,23633
432.55,31786
432.55,36445
432.55,40549
432.55,458055
432.55,57641
432.55,67711
432.55,68523
432.55,86167
432.55,8731
432.5,6388
432.5,8493
432.5,85807
432.6,14394
432.6,15631
432.6,20442
432.6,2148
432.6,22598
432.6,25887
432.6,34271
432.6,40830
432.6,43914
432.6,49748
432.65,15515
432.65,165793
432.65,18573
432.65,24831
432.65,32761
432.65,32822
432.65,36081
432.65,4478
432.65,52134
432.65,5289431
432.65,62640
432.6,66355
432.6,84599
432.7,10159
432.7,106880
432.7,117498
432.7,12570
432.7,23830
432.7,37896
432.75,12289
432.75,18164
432.75,19358
432.75,19481
432.7,5235
432.75,27865
432.75,34755
432.75,35386
432.75,40174
432.75,58927
432.75,62057
432.75,65975
432.75,6749
432.75,68602
432.75,70080
432.75,7762
432.75,8814
432.75,91609
432.7,7364
432.7,80671
432.7,81363
432.7,9313
432.8,11628
432.8,1221038
432.8,12641
432.8,141798
432.8,142824
432.8,14972
432.8,15369
432.8,16397
432.8,16615
432.8,18654
432.8,27614
432.8,31987
432.8,32917
432.8,3944
432.8,41048
432.8,44098
432.8,4906
432.85,10349
432.85,105751
432.85,109446
432.85,14726
432.85,15047
432.85,22145
432.85,22840
432.85,25096
432.8,5264
432.8,52791
432.85,28706
432.85,3018
432.85,36178
432.85,36285
432.85,43737
432.85,5052
432.85,58390
432.8,5600
432.8,56189
432.85,62205
432.85,77350
432.85,8117
432.8,5830
432.8,59605
432.8,6052
432.8,7995
432.8,8688
432.9,15009
432.9,16746
432.9,1946
432.9,20032
432.9,28476
432.9,30705
432.9,40246
432.9,4368
432.9,44158
432.9,45468
432.9,4808
432.95,17349
432.95,18467
432.95,197572
432.95,19768
432.95,21788
432.95,28652
432.95,38201
432.95,41183
432.9,55341
432.95,60386
432.95,6408
432.95,65286
432.95,7087
432.95,7786
432.95,97034
432.9,7311
432.9,75899
432.9,79545
432.9,8177
432.9,9033
433.0,106611
433.0,113739
433.0,13189
433.0,13256
433.0,13797
433.0,142276
433.0,143255
433.0,15092
433.0,16077
433.0,22462
433.0,22593
433.0,23999
433.0,25830
433.0,2696
433.0,30274
433.0,30539
433.0,32657
433.0,333926
433.0,35751
433.0,38301
433.0,39208
433.0,42994
433.0,4407
433.0,50533
433.05,11848
433.05,12845
433.05,13982
433.05,14287
433.05,18658
433.05,19214
433.05,19574
433.05,20030
433.05,23099
433.05,25179
433.05,2535
433.05,26122
433.05,26180
433.05,26950
433.05,316244
433.05,33932
433.05,34986
433.0,53644
433.05,43297
433.05,67242
433.05,75017
433.05,7920
433.05,9041
433.0,60586
433.0,61474
433.0,63337
433.0,63771
433.0,64614
433.0,64771
433.0,67085
433.0,80485
433.0,93839
433.0,9752
433.1,101355
433.1,11285
433.1,14939
433.1,16797
433.1,19339
433.1,19602
433.1,215141
433.1,22214
433.1,23543
433.1,34106
433.1,4825
433.15,101330
433.15,1292
433.15,22267
433.15,34949
433.15,67437
433.1,8408
433.1,90617
433.1,93425
433.1,94552
433.2,13731
433.2,14891
433.2,25137
433.2,28803
433.2,48050
433.25,15373
433.25,1808521
433.25,25411
433.25,33466
433.25,34037
433.25,36056
433.25,36682
433.25,39781
433.25,43473
433.25,468545
433.25,49071
433.2,55168
433.25,6243
433.25,6680
433.25,78857
433.2,7384
433.2,81383
433.2,9149
433.3,12987
433.3,15292
433.3,16333
433.3,24734
433.3,256941
433.3,37198
433.3,43259
433.35,10448
433.35,114237
433.35,12700
433.35,135639
433.35,19428
433.35,20203
433.35,20707
433.35,27208
433.35,34346
433.35,53945
433.35,64966
433.35,68324
433.35,7238
433.3,7340
433.3,76495
433.3,8269
433.4,10265
433.4,13124
433.4,136431
433.4,143751
433.4,22863
433.4,29301
433.4,32005
433.4,32764
433.4,3728
433.4,4033
433.45,10203
433.45,179625
433.45,19225
433.45,20686
433.45,29075
433.45,33289
433.45,48926
433.45,5055
433.45,62137
433.45,91605
433.45,9331
433.4,8140
433.4,8317
433.4,9217
433.5,10237
433.5,10313
433.5,10780
433.5,12594
433.5,15209
433.5,15682
433.5,16476
433.5,17718
433.5,1825
433.5,210400
433.5,25700
433.5,29320
433.5,32778
433.5,37925
433.5,37935
433.5,4255
433.5,45545
433.5,4921
433.5,49454
433.5,49522
433.55,102335
433.55,10700
433.55,12717
433.55,14148
433.55,16160
433.55,16852
433.55,170158
433.55,18090
433.55,22444
433.55,23817
433.55,24940
433.55,39103
433.55,4018
433.55,4234
433.5,54899
433.55,5408
433.55,5617
433.55,64117
433.55,6599
433.55,68224
433.55,7794
433.55,8804
433.5,58916
433.55,9736
433.5,6133
433.5,68420
433.5,7202
433.5,8865
433.5,9702
433.6,12384
433.6,14269
433.6,15174
433.6,15986
433.6,24209
433.6,24569
433.6,29712
433.6,36791
433.6,38289
433.6,3851
433.6,39123
433.6,42064
433.6,42426
433.65,101781
433.65,122155
433.65,12441
433.65,13304
433.65,15861
433.65,17342
433.65,176946
433.65,185471
433.65,3810
433.65,4006
433.65,40556
433.65,4160
433.65,8206
433.65,9208
433.65,9371
433.65,95023
433.6,60706
433.6,6723
433.6,6916
433.6,9569
433.6,9656
433.7,105341
433.7,11091
433.7,11107
433.7,11542
433.7,11782
433.7,16338
433.7,19534
433.7,21235
433.7,21595
433.7,25040
433.7,32240
433.7,32471
433.7,35873
433.7,40026
433.7,43948
433.75,101104
433.75,10697
433.75,11693
433.75,12711
433.75,13383
433.75,13640
433.75,160678
433.75,16971
433.75,17006
433.75,17040
433.75,17512
433.75,19106
433.7,52166
433.75,32501
433.75,34660
433.75,53368
433.7,55458
433.75,58848
433.75,6680
433.75,76397
433.75,8776
433.7,7226
433.7,7299
433.7,7479
433.7,7676
433.8,11020
433.8,11344
433.8,11936
433.8,13306
433.8,14049
433.8,14383
433.8,14745
433.8,21095
433.8,23144
433.8,24501
433.8,2859
433.8,3387
433.8,37780
433.8,38913
433.8,40277
433.8,4856
433.85,10104
433.85,102688
433.85,11479
433.85,11506
433.85,116507
433.85,12605
433.85,12920
433.85,13462
433.85,14726
433.85,16344
433.85,1683617
433.85,17029
433.85,17310
433.85,22596
433.85,23180
433.85,23726
433.85,27312
433.85,32881
433.85,35349
433.85,4463
433.8,56096
433.85,6388
433.85,71622
433.85,7314
433.85,7759
433.85,7810
433.85,79323
433.85,8011
433.85,86036
433.85,8794
433.85,9233
433.85,9451
433.8,62034
433.8,7584
433.8,7756
433.8,80942
433.8,8453
433.8,8529
433.8,85299
433.8,8725
433.8,87363
433.8,8896
433.8,9015
433.8,9513
433.8,9526
433.8,9808
433.9,101169
433.9,10577
433.9,107431
433.9,10970
433.9,149407
433.9,15226
433.9,17040
433.9,18275
433.9,18536
433.9,22921
433.9,239770
433.9,26083
433.9,3481
433.9,35939
433.9,36297
433.9,40243
433.9,45286
433.95,101472
433.95,10321
433.95,10638
433.95,10957
433.95,11017
433.95,11885
433.95,13074
433.95,13117
433.95,13341
433.95,14601
433.95,15753
433.9,51610
433.95,17808
433.95,18422
433.95,22894
433.95,22912
433.95,23352
433.95,23845
433.95,24103
433.95,26480
433.9,5302
433.95,3932
433.95,39649
433.95,42751
433.95,46437
433.95,56433
433.95,62781
433.95,65127
433.95,66047
433.95,69919
433.95,7028
433.95,71875
433.95,7223
433.95,7668
433.95,8941
433.95,9367
433.95,95076
433.9,6952
433.9,69710
433.9,7282
433.9,7455
433.9,7597
433.9,7699
433.9,77195
433.9,7866
433.9,8026
433.9,8208
433.9,8290
433.9,84886
433.9,8542
433.9,8643
433.9,8928
433.9,9258
433.9,9657
434.0,10554
434.0,11429
434.0,13361
434.0,14765
434.0,15321
434.0,15600
434.0,15675
434.0,16465
434.0,18937
434.0,22892
434.0,23214
434.0,23298
434.0,23563
434.0,23798
434.0,25996
434.0,30290
434.0,30939
434.0,32908
434.0,33188
434.0,35539
434.0,42542
434.0,43092
434.0,4663
434.0,50935
434.05,10931
434.05,10997
434.05,11053
434.05,12113
434.05,13612
434.05,148585
434.05,19524
434.05,217234
434.05,28058
434.05,33104
434.05,41388
434.05,67446
434.05,7161
434.05,7222
434.05,8179
434.0,58921
434.0,60095
434.0,6220
434.0,6287
434.0,68929
434.0,6907
434.0,71220
434.0,76845
434.0,7783
434.0,7814
434.0,8340
434.0,85293
434.0,8729
434.0,92531
434.0,9693
434.0,9735
434.1,10618
434.1,11538
434.1,12082
434.1,13211
434.1,14949
434.1,17279
434.1,180326
434.1,18471
434.1,26020
434.1,295459
434.1,35453
434.1,37859
434.1,43130
434.15,10973
434.15,12232
434.15,16018
434.15,176473
434.15,20086
434.15,20514
434.15,24201
434.1,5333
434.15,37301
434.15,37714
434.15,66331
434.1,56795
434.15,7920
434.15,9069
434.1,5916
434.15,9204
434.15,9456
434.15,9652
434.1,6000
434.1,60519
434.1,66131
434.1,6937
434.1,7462
434.1,8139
434.1,8597
434.1,8725
434.1,9714
434.2,11698
434.2,12559
434.2,12748
434.2,14124
434.2,14134
434.2,14400
434.2,14640
434.2,15328
434.2,17639
434.2,183530
434.2,18424
434.2,18584
434.2,20929
434.2,21124
434.2,26385
434.2,35168
434.2,38469
434.2,39572
434.2,41029
434.2,43638
434.25,101774
434.25,10549
434.25,10589
434.25,10819
434.25,11749
434.25,11908
434.25,15338
434.25,16906
434.25,20627
434.25,21575
434.2,5276
434.25,28300
434.2,53144
434.25,34033
434.25,3905
434.2,54428
434.25,47534
434.2,5561
434.25,6450
434.25,6902
434.25,7454
434.25,8039
434.25,8123
434.25,8432
434.25,8632
434.25,8634
434.2,5876
434.25,8928
434.25,9014
434.2,59047
434.25,9617
434.25,9636
434.25,9898
434.2,64269
434.2,6610
434.2,6909
434.2,7324
434.2,7641
434.2,7792
434.2,7922
434.2,9198
434.3,10053
434.3,10126
434.3,10865
434.3,11083
434.3,11148
434.3,11465
434.3,13126
434.3,135519
434.3,13631
434.3,13732
434.3,13806
434.3,14896
434.3,15002
434.3,15418
434.3,19324
434.3,25002
434.35,10132
434.35,11695
434.35,11888
434.35,12118
434.35,12539
434.35,12933
434.35,13146
434.35,13453
434.35,13637
434.35,14078
434.35,15757
434.35,15938
434.35,16411
434.35,16414
434.35,16446
434.35,187126
434.35,18914
434.35,20846
434.35,22070
434.35,23888
434.3,5245
434.35,27416
434.35,28947
434.35,29078
434.35,30367
434.35,33777
434.35,34782
434.35,36723
434.35,37139
434.35,43597
434.35,49357
434.35,49505
434.35,49556
434.3,55281
434.35,60217
434.35,6070
434.35,6690
434.35,74186
434.35,8683
434.3,58798
434.3,5910
434.35,9672
434.3,62962
434.3,63113
434.3,66208
434.3,68291
434.3,6983
434.3,7101
434.3,7248
434.3,7385
434.3,7394
434.3,75944
434.3,8316
434.3,85603
434.3,8614
434.3,96414
434.4,10913
434.4,11402
434.4,12536
434.4,12961
434.4,17213
434.4,17477
434.4,2061868
434.4,21752
434.4,24706
434.4,30560
434.4,31802
434.4,356265
434.4,42542
434.4,43107
434.4,44104
434.4,44114
434.45,10944
434.45,12640
434.4,51472
434.45,16183
434.45,30129
434.45,3591
434.45,41955
434.4,54258
434.45,4979
434.4,55176
434.45,67043
434.45,6730
434.45,6760
434.45,7181
434.45,7327
434.45,81176
434.45,82513
434.45,8639
434.45,9329
434.4,6961
434.4,7479
434.4,7718
434.4,8715
434.4,9049
434.5,10329
434.5,10520
434.5,15400
434.5,18664
434.5,19679
434.5,20691
434.5,20766
434.5,23412
434.5,27400
434.5,29400
434.5,313687
434.5,32484
434.5,32925
434.5,36005
434.5,40911
434.5,46270
434.5,47804
434.55,11091
434.55,12763
434.55,12845
434.55,18813
434.55,24356
434.55,25317
434.55,25785
434.55,27208
434.55,287215
434.55,28851
434.55,30668
434.55,32344
434.55,33409
434.55,33815
434.55,34513
434.55,36358
434.55,38208
434.55,56492
434.55,5740
434.55,59845
434.55,6740
434.55,67592
434.55,73794
434.55,8023
434.55,8454
434.55,8756
434.5,6774
434.5,83396
434.5,89640
434.6,102117
434.6,118731
434.6,12778
434.6,15001
434.6,15188
434.6,17980
434.6,186352
434.6,24629
434.6,27241
434.6,28452
434.6,32786
434.6,33974
434.6,34062
434.6,39873
434.6,43227
434.65,10921
434.65,11377
434.65,117717
434.65,12284
434.65,12623
434.65,126651
434.65,12888
434.65,133836
434.65,13662
434.65,18849
434.65,19899
434.65,20332
434.65,24910
434.65,25678
434.65,34065
434.65,39349
434.65,42552
434.65,5461
434.65,5881
434.65,69858
434.65,71133
434.65,7288
434.65,8212
434.65,9067
434.6,6594
434.6,7131
434.6,7275
434.6,88304
434.6,9418
434.6,9656
434.7,101816
434.7,10256
434.7,10450
434.7,10621
434.7,10862
434.7,11057
434.7,11576
434.7,12764
434.7,13112
434.7,177169
434.7,18072
434.7,20743
434.7,22574
434.7,238539
434.7,26866
434.7,27203
434.7,27291
434.7,44359
434.75,11721
434.75,12047
434.75,13727
434.75,15064
434.75,16186
434.75,16312
434.75,20458
434.75,23185
434.75,27716
434.75,296194
434.75,33108
434.75,35404
434.75,94869
434.75,9532
434.7,8175
434.8,10075
434.8,10561
434.8,11211
434.8,11284
434.8,12140
434.8,123334
434.8,12475
434.8,12767
434.8,16034
434.8,24696
434.8,25923
434.8,30514
434.8,31743
434.8,33031
434.8,33830
434.8,37925
434.8,43854
434.85,12299
434.85,14435
434.85,162665
434.85,16902
434.85,17817
434.85,18308
434.85,19617
434.85,22372
434.85,23532
434.85,263951
434.85,26645
434.85,28152
434.85,28426
434.85,38618
434.85,39166
434.8,54903
434.85,49832
434.8,55491
434.85,55890
434.85,64883
434.85,64943
434.85,84614
434.85,9586
434.8,60407
434.8,7014
434.8,7029
434.8,70532
434.8,77684
434.9,14325
434.9,15362
434.9,16115
434.9,19283
434.9,20281
434.9,20418
434.9,22253
434.9,22904
434.9,23934
434.9,24064
434.9,24374
434.9,25199
434.9,26288
434.9,29080
434.9,31271
434.9,36991
434.9,40561
434.95,102343
434.95,10344
434.95,108834
434.95,11454
434.95,11846
434.95,19146
434.95,27026
434.95,34017
434.95,3661
434.95,40867
434.95,41894
434.95,50780
434.95,9348
434.9,79917
434.9,8003
434.9,88941
435.0,10467
435.0,105921
435.0,10681
435.0,11084
435.0,125236
435.0,12572
435.0,131111
435.0,14001
435.0,156305
435.0,16147
435.0,16390
435.0,16683
435.0,19120
435.0,23610
435.0,24151
435.0,26874
435.0,29112
435.0,30485
435.0,32409
435.0,33372
435.0,34754
435.0,37282
435.0,38960
435.0,39178
435.0,42915
435.0,4312
435.0,43652
435.0,44508
435.0,48584
435.0,48921
435.05,102297
435.05,11872
435.05,126975
435.05,15489
435.05,16603
435.05,1951
435.05,19931
435.05,23958
435.05,24456
435.0,52495
435.05,27711
435.05,27875
435.05,29138
435.05,31962
435.05,34161
435.05,404341
435.05,4579
435.05,5050
435.05,5349
435.0,55490
435.05,55923
435.05,6154
435.05,6174
435.05,79912
435.05,8562
435.05,9182
435.05,9909
435.0,60601
435.0,6628
435.0,67036
435.0,6786
435.0,7012
435.0,7188
435.0,74589
435.0,7617
435.0,8866
435.0,89244
435.0,9578
435.1,13453
435.1,14939
435.1,15881
435.1,175687
435.1,17732
435.1,17878
435.1,18277
435.1,19993
435.1,24095
435.1,24994
435.1,25259
435.1,26256
435.1,26373
435.1,28111
435.1,35386
435.1,4899
435.1,50402
435.15,10130
435.15,11378
435.15,11688
435.15,132574
435.15,13635
435.15,157349
435.15,17383
435.15,17926
435.15,184354
435.15,19133
435.15,19489
435.15,19889
435.15,20291
435.15,21908
435.15,24195
435.15,25278
435.15,2921
435.15,334704
435.15,35443
435.15,4204
435.15,42435
435.15,4568
435.15,494794
435.15,57495
435.15,6951
435.15,8046
435.15,8081
435.15,9319
435.15,9796
435.1,64791
435.1,6946
435.1,7536
435.1,9394
435.2,10107
435.2,10737
435.2,11701
435.2,12143
435.2,12277
435.2,14476
435.2,16916
435.2,23497
435.2,25449
435.2,26738
435.2,31377
435.2,32976
435.2,339968
435.2,41324
435.2,42063
435.2,4680
435.25,10208
435.25,114505
435.25,11857
435.25,12127
435.25,12333
435.25,140467
435.25,14876
435.25,15267
435.25,15662
435.25,17521
435.25,18558
435.25,24907
435.25,27617
435.2,53295
435.2,5357
435.25,36423
435.25,36571
435.25,37242
435.25,41310
435.25,4376
435.25,4646
435.2,54788
435.25,49049
435.25,4938
435.25,5307
435.25,5325
435.25,5410
435.25,61083
435.2,5651
435.25,6682
435.25,7754
435.2,5784
435.25,81353
435.25,8729
435.2,5948
435.2,6326
435.2,63606
435.2,65507
435.2,7730
435.2,8018
435.2,8137
435.2,8395
435.2,8664
435.2,9043
435.2,94033
435.2,9635
435.2,96801
435.3,11496
435.3,11606
435.3,11641
435.3,12326
435.3,12674
435.3,14658
435.3,16170
435.3,16473
435.3,19528
435.3,1971
435.3,21589
435.3,22674
435.3,23777
435.3,24298
435.3,2434
435.3,25204
435.3,28762
435.3,3032
435.3,3650
435.3,4747
435.35,100715
435.35,10182
435.35,10281
435.35,11430
435.35,11928
435.35,13183
435.35,14567
435.35,15989
435.35,16132
435.35,16518
435.35,18772
435.35,22300
435.35,22987
435.35,29128
435.35,30825
435.35,33076
435.3,53471
435.35,35627
435.35,37064
435.35,4091
435.35,48084
435.35,50460
435.35,50509
435.35,5539
435.35,6041
435.35,65686
435.3,5729
435.35,8063
435.35,89743
435.35,9466
435.35,9483
435.3,6018
435.3,63539
435.3,6506
435.3,6885
435.3,70581
435.3,7630
435.3,8645
435.3,9003
435.3,9362
435.3,9982
435.4,11864
435.4,120722
435.4,129349
435.4,13509
435.4,135718
435.4,14761
435.4,15309
435.4,16173
435.4,17316
435.4,18429
435.4,19548
435.4,22882
435.4,23572
435.4,24389
435.4,2564
435.4,26820
435.4,29093
435.4,30620
435.4,30652
435.4,34044
435.4,38187
435.4,40659
435.4,48556
435.45,113935
435.45,11593
435.45,12857
435.45,137278
435.45,13803
435.45,14779
435.45,15064
435.45,16049
435.45,16213
435.45,19325
435.45,21336
435.45,21867
435.45,23123
435.45,37725
435.45,4046
435.45,4257
435.45,4345
435.45,48388
435.45,51021
435.45,52450
435.45,5906
435.45,6023
435.45,6187
435.45,67480
435.45,7356
435.4,5759
435.45,7681
435.45,81223
435.45,83918
435.4,6002
435.4,65176
435.4,91300
435.4,9151
435.4,9593
435.5,10451
435.5,10543
435.5,10631
435.5,10701
435.5,11024
435.5,13046
435.5,13402
435.5,13833
435.5,14507
435.5,15024
435.5,15119
435.5,1708
435.5,18574
435.5,19329
435.5,20016
435.5,24143
435.5,28234
435.5,4928
435.5,5026
435.55,10176
435.55,10276
435.55,10539
435.55,12359
435.55,15913
435.55,15998
435.55,16368
435.5,5167
435.55,20022
435.55,25826
435.55,26533
435.55,2883194
435.55,30301
435.55,32781
435.55,32949
435.55,35483
435.55,35768
435.55,41382
435.55,42529
435.55,52375
435.55,54209
435.55,6241
435.55,65264
435.55,66766
435.55,70494
435.55,7106
435.55,8772
435.5,59545
435.55,9657
435.5,60989
435.5,61215
435.5,69342
435.5,7126
435.5,7295
435.5,7511
435.5,7786
435.5,7871
435.5,8755
435.5,9376
435.6,101458
435.6,12638
435.6,13213
435.6,13237
435.6,137725
435.6,14121
435.6,15551
435.6,16168
435.6,16571
435.6,18709
435.6,18936
435.6,20469
435.6,2062
435.6,21012
435.6,22744
435.6,2376
435.6,24430
435.6,25338
435.6,26614
435.6,26784
435.6,28014
435.6,29168
435.6,34763
435.6,35160
435.6,4225
435.6,42657
435.6,4967
435.65,11099
435.65,11243
435.65,11357
435.65,12878
435.65,13035
435.65,13323
435.65,13450
435.65,14456
435.65,151049
435.65,16339
435.65,17610
435.65,17791
435.65,21797
435.65,24177
435.65,26182
435.65,30485
435.65,34541
435.65,35708
435.65,37837
435.65,39956
435.65,4145
435.65,50303
435.65,50851
435.65,6227
435.6,56397
435.65,6878
435.65,7831
435.65,8570
435.65,8706
435.65,90611
435.65,9480
435.6,6820
435.6,7353
435.6,7984
435.6,8595
435.6,90562
435.6,90718
435.6,9561
435.7,11259
435.7,11775
435.7,13131
435.7,137929
435.7,13867
435.7,16990
435.7,18060
435.7,20108
435.7,243431
435.7,27793
435.7,29536
435.7,3790
435.7,40445
435.7,46051
435.75,10362
435.75,104183
435.75,10544
435.75,10915
435.75,11349
435.75,12226
435.75,13055
435.75,13376
435.75,15161
435.75,16131
435.75,18789
435.75,21229
435.75,22798
435.75,23414
435.75,24355
435.75,24476
435.75,24542
435.75,25326
435.75,25400
435.75,25559
435.75,28493
435.75,32688
435.75,34978
435.75,35783
435.75,36063
435.75,37901
435.75,43393
435.7,54504
435.75,53714
435.75,65530
435.75,6881
435.75,72028
435.75,7698
435.7,5823
435.75,8666
435.75,8903
435.75,9149
435.75,9553
435.75,9705
435.7,65161
435.7,7307
435.7,8694
435.7,8817
435.7,9080
435.7,9612
435.7,9647
435.7,9684
435.7,9856
435.8,10897
435.8,11992
435.8,12702
435.8,13918
435.8,14141
435.8,14392
435.8,14654
435.8,14770
435.8,15727
435.8,16615
435.8,16983
435.8,17646
435.8,18372
435.8,18851
435.8,20646
435.8,21309
435.8,22316
435.8,26687
435.8,26906
435.8,39689
435.8,42118
435.8,4590
435.8,47506
435.85,10509
435.85,10639
435.85,11239
435.85,14033
435.85,14153
435.85,14238
435.85,14690
435.85,15193
435.85,16203
435.85,16399
435.85,19010
435.85,21872
435.85,22828
435.85,23347
435.85,25158
435.85,25655
435.85,26530
435.85,28465
435.8,52981
435.85,30261
435.85,33815
435.85,37482
435.85,385739
435.85,43272
435.8,55295
435.85,5870
435.85,6386
435.85,6403
435.85,7863
435.85,7968
435.85,8061
435.85,8279
435.85,8362
435.85,8509
435.8,5931
435.85,9345
435.85,9865
435.85,9926
435.8,65114
435.8,6620
435.8,6622
435.8,6959
435.8,71277
435.8,72011
435.8,7432
435.8,7441
435.8,7613
435.8,86993
435.8,87134
435.9,10321
435.9,10538
435.9,10789
435.9,11317
435.9,11430
435.9,11649
435.9,11848
435.9,13200
435.9,13218
435.9,13428
435.9,16422
435.9,16865
435.9,168977
435.9,19766
435.9,215066
435.9,21517
435.9,23838
435.9,23916
435.9,25450
435.9,29189
435.9,46967
435.95,10231
435.95,10801
435.95,13203
435.95,13324
435.95,14347
435.9,51562
435.95,15860
435.95,17248
435.95,220923
435.95,23281
435.95,30289
435.95,41600
435.95,42449
435.95,42604
435.95,42867
435.95,43932
435.95,45272
435.9,55151
435.95,54129
435.95,56162
435.95,6195
435.95,6595
435.95,71293
435.95,7421
435.95,77696
435.95,85881
435.95,99687
435.9,7359
435.9,7374
435.9,91554
435.9,9199
435.9,9262
435.9,9760
436.0,105655
436.0,107370
436.0,11684
436.0,12419
436.0,12902
436.0,13412
436.0,13656
436.0,14239
436.0,14469
436.0,15409
436.0,19176
436.0,20227
436.0,20964
436.0,20972
436.0,21470
436.0,23796
436.0,27591
436.0,36038
436.0,38853
436.0,40156
436.0,4019
436.0,46453
436.05,10182
436.05,12926
436.05,12937
436.05,14762
436.05,20302
436.05,23831
436.05,28070
436.05,31161
436.05,31587
436.05,54298
436.05,54390
436.05,62708
436.05,68873
436.0,57686
436.05,7846
436.05,86392
436.05,9345
436.0,6376
436.0,64063
436.0,6674
436.0,7286
436.0,9490
436.1,100556
436.1,10382
436.1,11670
436.1,11973
436.1,12640
436.1,13489
436.1,135003
436.1,15015
436.1,15268
436.1,15450
436.1,16372
436.1,17309
436.1,18389
436.1,19569
436.1,22939
436.1,23546
436.1,24396
436.1,2646
436.1,30109
436.15,10692
436.15,11352
436.15,11414
436.15,12743
436.15,13283
436.15,18654
436.15,20057
436.15,26535
436.15,32076
436.15,3231
436.1,5355
436.15,5023
436.1,5525
436.15,61473
436.15,6252
436.15,6877
436.15,7502
436.15,7611
436.15,8755
436.15,9675
436.1,65668
436.1,7006
436.1,9058
436.1,91253
436.1,9576
436.2,10885
436.2,1479
436.2,16888
436.2,17077
436.2,17609
436.2,20568
436.2,22499
436.2,23237
436.2,34954
436.2,37278
436.2,3767
436.2,38876
436.2,42249
436.2,46094
436.25,10301
436.25,10452
436.25,10544
436.25,10894
436.25,15106
436.25,15706
436.2,518317
436.25,19797
436.2,52158
436.25,25456
436.25,27209
436.25,27710
436.25,28264
436.2,53035
436.25,33904
436.25,36075
436.25,387132
436.25,4638
436.2,54985
436.25,54769
436.25,55532
436.25,6097
436.25,6150
436.2,56519
436.25,7219
436.2,57802
436.25,806480
436.25,9334
436.2,84406
436.2,88007
436.2,88746
436.2,9966
436.3,10086
436.3,10567
436.3,11113
436.3,11541
436.3,12072
436.3,12107
436.3,12922
436.3,17263
436.3,17796
436.3,17974
436.3,19368
436.3,19922
436.3,23128
436.3,24097
436.3,25693
436.3,30975
436.3,35188
436.3,36161
436.3,36355
436.3,36396
436.3,37537
436.3,40248
436.3,43809
436.3,47695
436.35,11136
436.35,11763
436.35,17740
436.35,22277
436.35,22391
436.35,22475
436.35,23909
436.35,26819
436.35,33192
436.35,33911
436.35,35820
436.35,36341
436.3,55101
436.35,56241
436.35,57158
436.35,81990
436.35,8706
436.3,59004
436.3,69917
436.3,7367
436.3,8256
436.3,8332
436.3,9705
436.4,11235
436.4,17024
436.4,20536
436.4,21852
436.4,25631
436.4,29063
436.4,29621
436.4,39936
436.4,42681
436.4,46786
436.45,106886
436.45,11323
436.45,143613
436.45,14426
436.45,15971
436.45,19213
436.45,21354
436.45,239446
436.45,24443
436.4,5302
436.45,33205
436.45,342392
436.45,40714
436.45,47594
436.45,5553
436.45,61257
436.45,79461
436.4,5807
436.45,8210
436.45,82996
436.45,9306
436.4,73150
436.4,748650
436.4,7784
436.4,8052
436.4,8383
436.4,94732
436.5,10950
436.5,11967
436.5,12989
436.5,13101
436.5,13335
436.5,14529
436.5,147412
436.5,15201
436.5,211519
436.5,218589
436.5,22651
436.5,23537
436.5,25825
436.5,27182
436.5,27456
436.5,30485
436.5,34162
436.5,34724
436.5,42016
436.5,42149
436.5,42919
436.5,44194
436.5,4528
436.5,46742
436.55,12897
436.55,15696
436.55,17850
436.5,51792
436.55,20597
436.55,35701
436.55,36495
436.55,39985
436.55,43805
436.55,68454
436.55,8045
436.55,8669
436.55,9622
436.5,611608
436.5,6126
436.5,6190
436.5,63446
436.5,66948
436.5,6774
436.5,68064
436.5,79690
436.5,8811
436.5,9132
436.5,9752
436.6,10112
436.6,10948
436.6,11384
436.6,11761
436.6,16020
436.6,18736
436.6,20042
436.6,20510
436.6,28259
436.6,31140
436.6,41059
436.6,47050
436.65,10032
436.65,10131
436.65,109463
436.65,11061
436.65,169241
436.65,20750
436.65,29114
436.65,30126
436.65,34121
436.65,38327
436.65,48628
436.65,6508
436.65,7363
436.65,7724
436.65,79466
436.65,8202
436.65,8270
436.65,9023
436.65,9492
436.6,6026
436.6,7179
436.6,8113
436.7,10645
436.7,10800
436.7,11369
436.7,115061
436.7,12118
436.7,14604
436.7,18329
436.7,19651
436.7,19957
436.7,30056
436.7,30254
436.75,10735
436.75,14242
436.75,15061
436.75,15288
436.75,16609
436.75,17418
436.75,236346
436.75,26046
436.75,30475
436.75,31615
436.75,35899
436.75,43483
436.75,43746
436.75,4481
436.75,48629
436.75,4982
436.75,53570
436.75,54040
436.7,5553
436.75,7456
436.75,79738
436.75,8731
436.75,8934
436.75,9002
436.7,5955
436.7,64594
436.7,78301
436.7,8869
436.7,9129
436.7,9910
436.8,103014
436.8,10806
436.8,11899
436.8,13572
436.8,14245
436.8,14328
436.8,17777
436.8,17828
436.8,18802
436.8,20065
436.8,21467
436.8,24416
436.8,25170
436.8,26345
436.8,2792
436.8,33261
436.8,34336
436.8,38274
436.8,40536
436.8,4644
436.8,46874
436.85,10967
436.85,11198
436.85,11500
436.85,11712
436.85,119713
436.85,13328
436.85,14181
436.85,14417
436.85,14603
436.85,16698
436.85,18132
436.85,18256
436.85,18321
436.85,21585
436.85,34985
436.85,4304
436.85,52573
436.85,53247
436.85,64745
436.85,7757
436.85,9466
436.85,9569
436.8,6562
436.8,69853
436.8,80860
436.8,8295
436.8,8756
436.8,9243
436.8,9454
436.9,11030
436.9,111351
436.9,11137
436.9,14654
436.9,18374
436.9,3134
436.9,34268
436.9,35763
436.9,38405
436.9,40764
436.9,41809
436.9,4281
436.9,49267
436.9,5052
436.95,110703
436.95,11142
436.95,13755
436.9,51449
436.95,15016
436.95,15718
436.95,16863
436.95,17929
436.95,20515
436.95,22840
436.95,27819
436.95,46100
436.95,48618
436.95,52190
436.95,54433
436.95,70316
436.95,7317
436.95,78415
436.95,8798
436.95,8846
436.9,6079
436.9,64120
436.9,65515
436.9,7382
436.9,7681
436.9,8258
437.0,10076
437.0,106595
437.0,11737
437.0,12079
437.0,13314
437.0,16728
437.0,18722
437.0,18880
437.0,19899
437.0,209641
437.0,21046
437.0,25071
437.0,262291
437.0,29237
437.0,29511
437.0,35823
437.0,40778
437.05,100615
437.05,10374
437.05,10698
437.05,12703
437.05,13263
437.05,13710
437.05,20863
437.05,25133
437.05,27859
437.0,53140
437.05,40907
437.05,4129
437.05,53379
437.05,6158
437.05,62623
437.05,69040
437.05,7570
437.05,7811
437.05,8157
437.0,5876
437.05,9797
437.0,6224
437.0,6551
437.0,6993
437.0,7254
437.0,72598
437.0,7420
437.0,76256
437.0,8777
437.0,95982
437.1,10509
437.1,10811
437.1,12440
437.1,15181
437.1,15715
437.1,15733
437.1,16527
437.1,17166
437.1,18548
437.1,19424
437.1,23274
437.1,23440
437.1,2424
437.1,29900
437.1,30597
437.1,3276
437.1,3742
437.1,40480
437.1,44067
437.1,4613
437.15,10745
437.15,12925
437.15,13076
437.15,13138
437.15,133993
437.15,17403
437.15,18506
437.15,19758
437.15,19841
437.1,52369
437.15,31732
437.15,34408
437.15,35912
437.15,6491
437.15,7142
437.15,7863
437.15,8597
437.15,8728
437.15,91272
437.15,9150
437.15,9259
437.1,7462
437.1,85582
437.2,12610
437.2,13152
437.2,13876
437.2,14574
437.2,15281
437.2,18291
437.2,201041
437.2,21325
437.2,21990
437.2,22388
437.2,25950
437.2,3467
437.2,39147
437.2,44952
437.2,5058
437.25,10443
437.25,10472
437.25,11479
437.25,12404
437.25,12701
437.25,13531
437.25,1469
437.25,17001
437.25,171335
437.25,181440
437.25,241540
437.25,24763
437.25,25960
437.25,28431
437.25,32432
437.25,39653
437.25,4455
437.25,48461
437.2,5489
437.25,5159
437.25,5310
437.25,64730
437.25,6692
437.25,9542
437.2,6089
437.2,6428
437.2,6846
437.2,76420
437.2,7936
437.2,89918
437.2,9375
437.2,9512
437.3,100705
437.3,10801
437.3,12058
437.3,12223
437.3,13330
437.3,14558
437.3,14748
437.3,17256
437.3,18166
437.3,18561
437.3,21922
437.3,2270
437.3,23041
437.3,23715
437.3,25194
437.3,25227
437.3,29638
437.3,31576
437.3,4640
437.35,10621
437.35,151712
437.35,15459
437.35,15513
437.35,18661
437.35,20995
437.35,27366
437.35,33174
437.35,42382
437.35,4948
437.35,67614
437.35,7448
437.35,9615
437.35,99038
437.3,7196
437.3,7257
437.3,73946
437.3,77159
437.3,95369
437.3,9738
437.4,10114
437.4,14508
437.4,14825
437.4,17013
437.4,17658
437.4,18456
437.4,18771
437.4,21492
437.4,21857
437.4,26256
437.4,27983
437.4,28822
437.4,38267
437.4,44519
437.4,4745
437.45,11433
437.45,15604
437.4,51813
437.45,19981
437.45,22487
437.45,24169
437.45,30535
437.45,30595
437.45,36551
437.45,38209
437.45,50869
437.45,58812
437.45,68406
437.45,8101
437.45,8385
437.45,89943
437.45,96153
437.45,97030
437.4,6371
437.4,6430
437.4,8877
437.5,10399
437.5,11290
437.5,12621
437.5,12726
437.5,13727
437.5,13764
437.5,138681
437.5,142097
437.5,14740
437.5,164272
437.5,27470
437.5,34052
437.5,41741
437.5,45641
437.55,11362
437.5,5114
437.55,11873
437.55,13912
437.55,14082
437.55,16532
437.55,18375
437.55,21362
437.55,25052
437.5,53508
437.5,54170
437.5,5445
437.55,45153
437.5,5479
437.5,5486
437.55,5282
437.55,5973
437.55,6512
437.5,56735
437.55,69379
437.55,72569
437.55,7326
437.55,74034
437.55,8505
437.55,85426
437.55,8923
437.5,6915
437.5,73140
437.5,82508
437.6,102531
437.6,10266
437.6,10347
437.6,11390
437.6,12351
437.6,13323
437.6,147118
437.6,17632
437.6,18181
437.6,18374
437.6,18550
437.6,19418
437.6,21247
437.6,22214
437.6,23243
437.6,26077
437.6,26885
437.6,27429
437.6,28166
437.6,32610
437.6,33970
437.6,41461
437.6,4616
437.6,47366
437.65,10543
437.65,12260
437.65,143817
437.65,16209
437.65,16613
437.65,170915
437.65,196516
437.65,20034
437.65,20113
437.65,22465
437.65,25671
437.65,27066
437.65,28450
437.65,29179
437.65,3664
437.65,36796
437.65,4042
437.65,46934
437.65,6895
437.65,7401
437.65,7925
437.65,8741
437.6,5890
437.65,91950
437.65,94816
437.6,59541
437.6,6395
437.6,6409
437.6,6478
437.6,70150
437.6,7771
437.6,77993
437.6,9914
437.7,11547
437.7,116411
437.7,122545
437.7,13909
437.7,14089
437.7,16563
437.7,16579
437.7,26650
437.7,2982
437.7,34072
437.7,3762
437.7,43142
437.75,104082
437.75,11025
437.75,114652
437.75,120703
437.75,12099
437.75,15091
437.75,16523
437.75,25111
437.75,26419
437.75,30239
437.75,31893
437.7,54081
437.75,43825
437.75,5270
437.75,5914
437.75,60359
437.75,6830
437.75,68586
437.75,73248
437.75,7717
437.75,8352
437.7,6273
437.7,6406
437.7,64181
437.7,6674
437.7,70682
437.7,7577
437.7,9669
437.8,10227
437.8,10231
437.8,10823
437.8,12468
437.8,13636
437.8,15000
437.8,15607
437.8,17839
437.8,20383
437.8,28314
437.8,3726
437.8,3947
437.8,50918
437.85,10735
437.85,11165
437.85,14147
437.85,14653
437.85,15164
437.85,17611
437.85,34480
437.85,36228
437.85,3878
437.85,4303
437.8,5539
437.85,6863
437.85,7032
437.85,7255
437.85,7640
437.85,9681
437.8,6406
437.8,64504
437.8,7532
437.8,7820
437.8,9114
437.9,10581
437.9,119329
437.9,14377
437.9,14924
437.9,15354
437.9,23304
437.9,27687
437.9,4236
437.9,44368
437.9,4884
437.95,10468
437.95,12299
437.95,13355
437.95,17869
437.95,21417
437.95,23301
437.95,24918
437.95,252685
437.95,26657
437.95,28959
437.95,29528
437.95,30724
437.95,32381
437.95,33577
437.95,38582
437.95,39212
437.95,4421
437.95,45637
437.95,56875
437.95,69319
437.95,7149
437.9,57254
437.95,7280
437.95,7935
437.95,8327
437.95,9253
437.95,93299
437.9,6127
437.9,6562
437.9,67828
437.9,7247
437.9,7269
437.9,88262
437.9,9376
437.9,9643
438.0,10870
438.0,11061
438.0,11373
438.0,12409
438.0,13341
438.0,13910
438.0,14229
438.0,15408
438.0,16606
438.0,19295
438.0,20535
438.0,21538
438.0,22916
438.0,23259
438.0,23326
438.0,27398
438.0,36200
438.0,37021
438.0,41509
438.0,4497
438.0,48950
438.05,10341
438.05,11029
438.05,117716
438.05,13331
438.05,13503
438.05,15542
438.05,16182
438.05,161897
438.05,189669
438.05,19601
438.05,21938
438.05,22913
438.05,24342
438.05,24472
438.05,25031
438.05,26609
438.0,5278
438.05,34886
438.05,35263
438.05,38826
438.05,43873
438.05,45891
438.0,5566
438.05,6604
438.05,70306
438.05,7229
438.05,72839
438.0,5756
438.05,8269
438.05,8474
438.05,88234
438.05,9616
438.0,59867
438.0,6692
438.0,7076
438.0,71441
438.0,7606
438.0,8286
438.0,8318
438.0,8410
438.0,8731
438.0,92160
438.0,9831
438.0,9861
438.1,10297
438.1,10592
438.1,10881
438.1,12400
438.1,12753
438.1,12783
438.1,13399
438.1,13785
438.1,17156
438.1,18606
438.1,22355
438.1,25191
438.1,27081
438.1,27658
438.1,31816
438.1,37031
438.1,39793
438.15,104939
438.15,12853
438.15,14320
438.15,145896
438.15,14925
438.15,17052
438.15,18831
438.15,206670
438.15,23365
438.15,23865
438.15,27444
438.15,33918
438.15,68650
438.1,5865
438.1,6406
438.1,64554
438.1,6574
438.1,7458
438.1,7730
438.1,8774
438.2,10648
438.2,110158
438.2,12550
438.2,14896
438.2,18661
438.2,20777
438.2,21023
438.2,21218
438.2,28249
438.2,32958
438.2,33080
438.2,33943
438.2,38188
438.2,406054
438.2,42686
438.2,42874
438.2,49073
438.25,11840
438.25,14514
438.25,15328
438.25,18202
438.25,18398
438.25,19069
438.25,21664
438.25,24539
438.25,24848
438.25,24957
438.25,27376
438.25,27569
438.25,34824
438.25,36334
438.25,44292
438.25,45547
438.25,49253
438.2,54997
438.25,5295
438.25,57511
438.25,58215
438.25,6854
438.25,70969
438.25,9367
438.25,9393
438.2,6850
438.2,7524
438.2,8547
438.2,9324
438.3,11728
438.3,13328
438.3,14263
438.3,16546
438.3,22673
438.3,27353
438.3,29962
438.3,33473
438.3,3600
438.3,5119
438.35,12648
438.35,135703
438.35,14602
438.35,14685
438.35,14771
438.35,15708
438.35,15861
438.35,15881
438.35,17538
438.35,21141
438.35,21236
438.35,23959
438.35,24488
438.35,27280
438.35,3206
438.35,3828
438.35,50529
438.35,5719
438.35,5843
438.35,63346
438.35,7218
438.35,75739
438.35,77507
438.35,80440
438.35,9880
438.35,9941
438.3,7568
438.3,9208
438.4,14259
438.4,14549
438.4,20499
438.4,20658
438.4,22884
438.4,25614
438.4,27416
438.4,31797
438.4,33124
438.4,4028
438.4,42990
438.4,485204
438.4,50551
438.45,10640
438.45,10800
438.45,12464
438.45,12625
438.45,13413
438.4,51416
438.45,15860
438.45,15887
438.45,16134
438.45,16353
438.45,16382
438.45,21560
438.45,23296
438.45,23350
438.45,32035
438.45,35225
438.45,37648
438.45,38715
438.45,40701
438.45,4742
438.45,5307
438.45,53731
438.45,81285
438.45,82224
438.45,8320
438.45,9651
438.4,71631
438.4,79973
438.5,10618
438.5,14893
438.5,186601
438.5,191091
438.5,36321
438.5,38549
438.55,15936
438.55,17656
438.55,21520
438.55,22363
438.55,27039
438.55,37938
438.5,5397
438.5,5430
438.55,51235
438.55,51417
438.55,5269
438.55,5749
438.55,6032
438.55,6428
438.55,7980
438.55,8684
438.5,6449
438.5,7841
438.5,8005
438.5,9467
438.6,10088
438.6,10239
438.6,10270
438.6,11927
438.6,12179
438.6,13250
438.6,14000
438.6,142918
438.6,16762
438.6,17136
438.6,19717
438.6,21856
438.6,28429
438.6,30823
438.6,32092
438.6,32311
438.6,47833
438.6,5001
438.65,121656
438.65,19416
438.65,20713
438.65,25414
438.65,30463
438.65,31844
438.65,49650
438.65,6021
438.65,7242
438.65,76456
438.65,8059
438.6,63938
438.6,64301
438.6,7121
438.6,8820
438.6,94034
438.7,10144
438.7,10505
438.7,11838
438.7,15293
438.7,17827
438.7,18156
438.7,18340
438.7,19357
438.7,19594
438.7,19895
438.7,21340
438.7,24409
438.7,24944
438.7,25251
438.7,37952
438.7,4869
438.75,11526
438.75,11610
438.75,12571
438.75,13239
438.75,16628
438.75,20196
438.75,21627
438.75,22345
438.75,25529
438.75,30057
438.75,30948
438.75,31111
438.75,3282
438.75,35788
438.75,46969
438.75,6811
438.75,7008
438.75,8369
438.75,83807
438.75,8400
438.75,9065
438.7,9063
438.7,9221
438.7,9487
438.8,10447
438.8,13618
438.8,18007
438.8,180155
438.8,22086
438.8,23439
438.8,23801
438.8,27265
438.8,27520
438.8,39284
438.85,12137
438.85,130617
438.85,16286
438.85,17770
438.85,186909
438.85,20826
438.85,31677
438.85,31865
438.85,39244
438.8,54694
438.85,5139
438.85,6209
438.85,64086
438.85,67449
438.8,57975
438.85,8437
438.85,8959
438.85,9049
438.85,9276
438.85,9453
438.8,61597
438.8,6722
438.8,70684
438.8,7336
438.8,8262
438.8,8538
438.8,8824
438.8,88923
438.8,9467
438.9,165573
438.9,17779
438.9,19887
438.9,29102
438.9,37611
438.9,38057
438.9,3846
438.9,38949
438.9,40466
438.9,47916
438.95,10538
438.95,113696
438.95,11817
438.95,20449
438.95,20860
438.95,24977
438.95,28524
438.9,53167
438.95,3514
438.95,358471
438.95,47485
438.95,8020
438.95,8492
438.95,9573
438.9,67913
438.9,78437
438.9,9551
438.9,9618
439.0,10405
439.0,10688
439.0,10899
439.0,111891
439.0,117107
439.0,11973
439.0,12610
439.0,132269
439.0,15519
439.0,15880
439.0,15985
439.0,16387
439.0,18171
439.0,18264
439.0,18907
439.0,19857
439.0,22605
439.0,23080
439.0,24452
439.0,281070
439.0,31074
439.0,311517
439.0,31199
439.0,3139
439.0,32353
439.0,38421
439.0,48553
439.05,10572
439.0,5126
439.05,15018
439.05,15670
439.05,17577
439.05,19099
439.05,21705
439.05,22618
439.05,24804
439.05,28794
439.05,32596
439.05,47528
439.05,5492
439.05,5496
439.0,5559
439.05,5856
439.05,6154
439.05,63371
439.05,6476
439.05,6480
439.05,6927
439.0,58318
439.05,8942
439.0,59662
439.0,6071
439.0,63345
439.0,6437
439.0,6454
439.0,6660
439.0,6703
439.0,6943
439.0,7064
439.0,71896
439.0,7291
439.0,7504
439.0,757749
439.0,7647
439.0,7732
439.0,80409
439.0,8064
439.0,80980
439.0,8107
439.0,8634
439.0,8643
439.0,9266
439.0,9278
439.0,9423
439.0,9760
439.1,10464
439.1,10646
439.1,106894
439.1,11522
439.1,14947
439.1,18181
439.1,22890
439.1,30046
439.1,41252
439.1,4321
439.15,10659
439.15,11444
439.15,11524
439.15,11948
439.15,179212
439.15,19890
439.15,41794
439.15,6363
439.15,6994
439.15,7775
439.15,8143
439.15,8459
439.1,6286
439.1,68622
439.1,7351
439.1,7629
439.1,7684
439.1,8581
439.1,8677
439.2,10046
439.2,13080
439.2,16004
439.2,16037
439.2,17215
439.2,17630
439.2,18632
439.2,187484
439.2,18860
439.2,19363
439.2,21088
439.2,247760
439.2,25791
439.2,33119
439.2,36327
439.25,10393
439.25,11095
439.25,11133
439.25,13440
439.25,19086
439.25,20008
439.25,20112
439.25,20638
439.25,35934
439.25,51536
439.2,56018
439.25,64898
439.25,6857
439.2,57241
439.25,7533
439.25,8658
439.25,9409
439.2,60659
439.2,65665
439.2,6872
439.2,8419
439.3,20173
439.3,20466
439.3,20576
439.3,21097
439.3,22182
439.3,34014
439.3,40195
439.3,47983
439.3,48115
439.35,10464
439.35,14808
439.35,15871
439.35,16963
439.35,20131
439.35,25326
439.35,30999
439.35,31704
439.35,3410
439.3,54841
439.35,6223
439.35,8032
439.3,83715
439.3,85048
439.3,85902
439.3,9054
439.4,19617
439.4,29036
439.4,39440
439.4,40092
439.4,40454
439.4,46390
439.4,48027
439.45,11201
439.45,12337
439.45,12642
439.45,17927
439.45,19090
439.45,221130
439.45,27249
439.45,2968
439.45,35569
439.45,44509
439.45,47990
439.45,7932
439.45,9032
439.4,8664
439.4,8808
439.5,10651
439.5,116922
439.5,14195
439.5,15789
439.5,15954
439.5,16193
439.5,17681
439.5,18540
439.5,185952
439.5,20479
439.5,21026
439.5,22131
439.5,28055
439.5,28277
439.5,33133
439.5,33249
439.5,34396
439.5,40529
439.5,40943
439.5,4108
439.5,4584
439.55,12547
439.55,14035
439.55,150962
439.55,17031
439.55,17467
439.55,20289
439.55,21978
439.55,23061
439.55,25616
439.55,32797
439.55,36455
439.55,3908
439.55,41234
439.5,55757
439.55,65440
439.55,70299
439.55,8563
439.5,61590
439.5,66713
439.5,76630
439.5,7804
439.6,102323
439.6,11422
439.6,14412
439.6,15763
439.6,16147
439.6,164111
439.6,16492
439.6,17649
439.6,22266
439.6,22450
439.6,24014
439.6,25267
439.6,41205
439.6,43768
439.65,102536
439.65,10935
439.65,11915
439.65,12789
439.65,13382
439.65,19104
439.65,22157
439.65,25654
439.65,25725
439.65,35204
439.65,44584
439.6,55125
439.65,61650
439.65,6198
439.65,66793
439.6,5674
439.65,8234
439.6,59711
439.65,9784
439.6,9429
439.7,11764
439.7,118156
439.7,13799
439.7,14717
439.7,17253
439.7,20634
439.7,24566
439.7,26378
439.7,27742
439.7,27969
439.7,3377
439.7,3604
439.7,393717
439.75,10658
439.75,11412
439.75,12146
439.75,13989
439.75,14101
439.75,15595
439.75,17349
439.75,177742
439.75,18630
439.75,19148
439.75,20402
439.75,24189
439.75,3420
439.75,3618
439.75,4862
439.7,5529
439.7,55591
439.75,7098
439.75,74795
439.75,8892
439.7,63999
439.7,8985
439.8,10978
439.8,117086
439.8,12227
439.8,12754
439.8,12957
439.8,13962
439.8,15195
439.8,15753
439.8,16118
439.8,23489
439.8,31704
439.8,3851
439.8,4555
439.85,10279
439.85,17560
439.85,208290
439.85,25048
439.85,40059
439.85,4169
439.85,44246
439.85,6279
439.85,69241
439.85,8493
439.85,86961
439.85,90207
439.8,7245
439.8,7520
439.8,7986
439.9,13681
439.9,13953
439.9,14511
439.9,14856
439.9,15440
439.9,162219
439.9,194787
439.9,20028
439.9,20154
439.9,23415
439.9,29938
439.9,3408
439.9,41103
439.9,47439
439.95,11354
439.95,11478
439.95,117186
439.95,14633
439.95,14711
439.9,5156
439.95,16214
439.95,16570
439.95,16833
439.95,21275
439.95,26521
439.95,35487
439.9,55436
439.95,6426
439.95,6686
439.95,79088
439.95,7951
439.95,8870
439.95,90256
439.95,9379
439.95,95705
439.9,65657
439.9,7663
439.9,78762
440.0,10108
440.0,10161
440.0,103712
440.0,10784
440.0,112842
440.0,11386
440.0,11948
440.0,120371
440.0,12390
440.0,12606
440.0,12928
440.0,12960
440.0,13897
440.0,15283
440.0,15436
440.0,15610
440.0,15636
440.0,15816
440.0,15980
440.0,16097
440.0,16178
440.0,16263
440.0,16353
440.0,167569
440.0,174895
440.0,17735
440.0,18407
440.0,18867
440.0,19065
440.0,21010
440.0,21665
440.0,22122
440.0,25996
440.0,261156
440.0,26848
440.0,26878
440.0,27412
440.0,27688
440.0,28196
440.0,28966
440.0,30960
440.0,31246
440.0,34657
440.0,36593
440.0,43695
440.0,4372
440.0,4411
440.0,4493
440.0,45604
440.0,49117
440.0,49480
440.0,50618
440.0,51119
440.05,13365
440.05,13927
440.05,15890
440.05,16446
440.05,17613
440.05,20179
440.05,20946
440.05,21349
440.05,24058
440.05,30688
440.05,31231
440.05,46862
440.05,49519
440.05,57411
440.05,61509
440.05,85954
440.05,9616
440.0,6098
440.0,60985
440.0,7568
440.0,76180
440.0,7930
440.0,9509
440.1,10318
440.1,10347
440.1,10499
440.1,10563
440.1,11367
440.1,13325
440.1,13977
440.1,14161
440.1,14667
440.1,14812
440.1,15516
440.1,16205
440.1,22457
440.1,22669
440.1,23863
440.1,243560
440.1,285830
440.1,30230
440.1,34344
440.1,35443
440.1,48505
440.15,13000
440.15,13018
440.15,14294
440.15,14513
440.15,14913
440.15,17132
440.15,18414
440.15,18690
440.15,198908
440.15,22429
440.15,22622
440.15,23319
440.15,30039
440.15,329230
440.15,3968
440.15,8561
440.15,8736
440.1,62492
440.1,8050
440.1,9797
440.2,10201
440.2,113495
440.2,12170
440.2,12483
440.2,13099
440.2,16046
440.2,16985
440.2,18124
440.2,20574
440.2,3094
440.2,30995
440.2,31161
440.2,39768
440.2,4103
440.2,5017
440.2,50787
440.25,11264
440.25,17164
440.25,20686
440.25,22500
440.25,25035
440.25,26415
440.25,28259
440.25,28449
440.25,28516
440.25,31119
440.25,31817
440.2,5600
440.25,6054
440.25,6697
440.25,7656
440.25,82091
440.25,8758
440.25,87986
440.25,8997
440.25,9820
440.2,65552
440.2,6956
440.2,8504
440.2,95255
440.2,9988
440.3,11920
440.3,12344
440.3,12753
440.3,12837
440.3,131107
440.3,13784
440.3,14885
440.3,150646
440.3,15524
440.3,15945
440.3,18078
440.3,18138
440.3,19760
440.3,20526
440.3,20706
440.3,20936
440.3,24715
440.3,26502
440.3,27962
440.3,303289
440.3,3732
440.3,45698
440.35,10322
440.35,119351
440.35,15775
440.35,18780
440.35,21427
440.35,21585
440.35,21669
440.35,22444
440.35,22860
440.35,25467
440.35,25632
440.35,34863
440.35,39955
440.35,4940
440.35,52697
440.35,57446
440.35,63091
440.35,7257
440.35,7919
440.35,85356
440.35,9138
440.35,98310
440.3,62961
440.3,67552
440.3,9140
440.4,12670
440.4,13574
440.4,13772
440.4,13833
440.4,14374
440.4,17555
440.4,17905
440.4,19369
440.4,19800
440.4,19863
440.4,22443
440.4,23037
440.4,23241
440.4,23351
440.4,25308
440.4,26578
440.4,3205
440.4,35512
440.4,44272
440.4,45962
440.45,10783
440.45,12787
440.45,12932
440.45,12997
440.45,14489
440.45,14816
440.45,15231
440.45,20795
440.45,26996
440.45,32154
440.45,35312
440.45,7972
440.45,8364
440.4,7085
440.4,7100
440.4,9537
440.4,98153
440.5,10157
440.5,11559
440.5,12688
440.5,12829
440.5,12837
440.5,13875
440.5,177455
440.5,18180
440.5,18530
440.5,23740
440.5,26205
440.5,28237
440.5,30909
440.5,31464
440.5,315707
440.5,4197
440.5,42797
440.5,4637
440.55,11654
440.55,11944
440.55,12919
440.55,14637
440.55,153374
440.55,18353
440.55,19979
440.55,21899
440.55,2435
440.55,27399
440.55,30972
440.55,31482
440.55,37148
440.55,37240
440.55,37740
440.55,4030
440.55,47161
440.55,473568
440.55,7787
440.55,95281
440.5,6092
440.5,61472
440.5,65792
440.5,7237
440.5,76285
440.5,77165
440.5,9210
440.5,9280
440.5,9772
440.6,10756
440.6,10774
440.6,11227
440.6,12024
440.6,13243
440.6,13795
440.6,14172
440.6,14618
440.6,15014
440.6,15025
440.6,18749
440.6,20360
440.6,21163
440.6,22019
440.6,23012
440.6,24546
440.6,35407
440.6,36059
440.6,4339
440.65,10001
440.65,10950
440.65,11532
440.65,11715
440.65,16999
440.65,20065
440.65,20838
440.65,252201
440.65,28211
440.65,29467
440.6,53794
440.65,39043
440.65,3960
440.65,41110
440.65,45572
440.65,47480
440.65,52531
440.65,70684
440.65,7987
440.6,60570
440.7,10035
440.7,11903
440.7,135031
440.7,14183
440.7,14859
440.7,17282
440.7,2147
440.7,22141
440.7,23785
440.7,25372
440.7,25600
440.7,25804
440.7,26934
440.7,28015
440.7,28108
440.7,49404
440.75,10061
440.75,13838
440.75,14198
440.75,14943
440.75,16811
440.75,17614
440.75,19215
440.75,34786
440.75,40194
440.75,41618
440.75,44785
440.75,4635
440.75,54753
440.75,6496
440.75,85456
440.75,8720
440.75,91415
440.75,9229
440.7,6374
440.7,6476
440.7,8158
440.7,94567
440.8,10925
440.8,11598
440.8,12248
440.8,13425
440.8,13987
440.8,14116
440.8,14212
440.8,16066
440.8,18289
440.8,18945
440.8,19277
440.8,34417
440.8,38840
440.8,39527
440.8,43434
440.8,48988
440.85,103364
440.85,10953
440.85,11646
440.85,11808
440.85,13181
440.85,13810
440.85,15669
440.85,163696
440.85,171465
440.85,24580
440.85,25035
440.85,27369
440.85,28232
440.85,30278
440.85,4069
440.85,46697
440.85,488619
440.85,5389
440.85,6956
440.85,71870
440.85,73662
440.85,7598
440.85,8141
440.8,64273
440.8,6544
440.8,8167
440.9,12469
440.9,16938
440.9,18456
440.9,211656
440.9,22922
440.9,22953
440.9,28392
440.9,34576
440.9,37169
440.9,47181
440.95,10197
440.95,11483
440.95,11798
440.95,11809
440.95,12710
440.95,166598
440.95,25997
440.95,32850
440.95,33438
440.9,5524
440.95,5793
440.95,61814
440.95,7045
440.95,7107
440.9,6155
440.9,7691
440.9,79531
440.9,8132
440.9,8506
440.9,9475
441.0,100873
441.0,108771
441.0,10949
441.0,11791
441.0,131034
441.0,160571
441.0,19691
441.0,20987
441.0,21116
441.0,23035
441.0,23159
441.0,26545
441.0,28068
441.0,35335
441.0,38487
441.0,38923
441.0,39505
441.0,4013
441.0,41781
441.0,44812
441.0,50866
441.05,10051
441.05,13879
441.05,16794
441.05,2169
441.05,22522
441.05,26849
441.05,2895
441.05,34779
441.0,53957
441.05,41527
441.05,42090
441.05,46038
441.05,4858
441.05,4887
441.05,488815
441.05,6338
441.05,69872
441.05,73104
441.0,5853
441.05,85757
441.05,8879
441.0,60415
441.0,6405
441.0,6796
441.0,69253
441.0,7352
441.0,74914
441.0,7721
441.0,9462
441.0,95254
441.0,9667
441.0,9890
441.1,10491
441.1,10887
441.1,12554
441.1,12836
441.1,13816
441.1,18374
441.1,2451
441.1,26177
441.1,29684
441.1,3046
441.1,36325
441.1,4928
441.1,49731
441.15,12398
441.15,125046
441.15,12579
441.15,13126
441.15,13648
441.15,20536
441.15,228889
441.15,25546
441.15,36863
441.15,39822
441.15,45673
441.1,55085
441.15,5705
441.1,57703
441.15,7845
441.15,7963
441.15,8500
441.15,8622
441.1,7452
441.1,8488
441.1,9782
441.2,10408
441.2,106901
441.2,13489
441.2,13594
441.2,14246
441.2,17719
441.2,17939
441.2,20361
441.2,25186
441.2,31552
441.2,38561
441.2,40739
441.25,12869
441.25,13190
441.25,14565
441.25,19006
441.25,21034
441.25,22050
441.25,25802
441.25,2813
441.25,3122
441.25,3255
441.25,36523
441.25,4841
441.25,48867
441.25,6731
441.25,67678
441.25,70270
441.2,57098
441.25,9456
441.2,6306
441.2,7760
441.2,80899
441.2,83865
441.2,8515
441.2,8987
441.2,9380
441.3,11078
441.3,11933
441.3,12570
441.3,138619
441.3,14142
441.3,17284
441.3,18079
441.3,19452
441.3,22482
441.3,25189
441.3,26340
441.3,28307
441.35,10625
441.35,12652
441.35,130329
441.35,13940
441.35,16744
441.35,18297
441.35,19573
441.35,21282
441.35,23034
441.35,24206
441.35,27544
441.35,28224
441.35,28308
441.35,54060
441.35,5797
441.35,7952
441.35,9129
441.3,6909
441.3,6945
441.3,8605
441.3,9065
441.3,9673
441.4,11178
441.4,13650
441.4,13696
441.4,15283
441.4,15954
441.4,16364
441.4,18108
441.4,18755
441.4,18971
441.4,22309
441.4,24275
441.4,43247
441.4,4586
441.4,48169
441.4,49536
441.45,11486
441.45,11707
441.45,12347
441.45,13549
441.45,14557
441.45,15929
441.45,16777
441.45,17284
441.45,19702
441.45,19776
441.45,22312
441.45,33394
441.45,35607
441.45,44778
441.45,59204
441.45,61646
441.45,64748
441.45,73825
441.45,75346
441.45,8920
441.45,9361
441.4,62388
441.4,8148
441.4,82463
441.4,9405
441.4,9624
441.5,10795
441.5,10873
441.5,11118
441.5,12776
441.5,12839
441.5,13504
441.5,136457
441.5,14282
441.5,14919
441.5,15206
441.5,18376
441.5,19102
441.5,19455
441.5,20471
441.5,20831
441.5,21055
441.5,21945
441.5,22574
441.5,23359
441.5,234965
441.5,23626
441.5,25942
441.5,27171
441.5,30694
441.5,33398
441.5,34232
441.5,36060
441.5,38278
441.5,4118
441.55,10680
441.55,11760
441.55,11782
441.55,13456
441.55,13735
441.55,15189
441.55,16117
441.55,17818
441.55,19265
441.55,22155
441.55,24271
441.55,28444
441.55,31775
441.55,37007
441.55,45342
441.55,50884
441.55,51858
441.55,52822
441.55,5974
441.55,6763
441.55,69884
441.5,5726
441.5,57425
441.55,8096
441.55,8872
441.55,95640
441.5,6322
441.5,68612
441.5,71310
441.5,7460
441.5,8474
441.5,8583
441.5,8608
441.5,8705
441.5,87936
441.5,9335
441.6,10148
441.6,11302
441.6,11507
441.6,12005
441.6,12070
441.6,12916
441.6,131590
441.6,13164
441.6,13478
441.6,13533
441.6,15660
441.6,17258
441.6,18177
441.6,23038
441.6,23784
441.6,37404
441.6,39256
441.6,4161
441.6,45104
441.6,4752
441.65,100868
441.65,10682
441.65,10874
441.65,119386
441.65,12251
441.65,13725
441.65,14896
441.65,15166
441.65,15946
441.65,16314
441.65,16792
441.65,17631
441.65,20606
441.65,33019
441.65,34502
441.65,37973
441.65,3841
441.65,39068
441.65,5503
441.65,7262
441.65,7642
441.6,59418
441.65,9632
441.6,9127
441.6,9759
441.7,101454
441.7,11042
441.7,1107434
441.7,12359
441.7,12746
441.7,13882
441.7,15900
441.7,16590
441.7,17352
441.7,17550
441.7,18065
441.7,19662
441.7,23800
441.7,27108
441.7,31173
441.7,36163
441.7,3620
441.7,43845
441.75,10077
441.75,10597
441.75,12593
441.75,13303
441.75,14260
441.75,14567
441.75,14928
441.75,15342
441.75,15835
441.75,18050
441.75,19195
441.75,21422
441.75,27590
441.75,29911
441.75,42173
441.75,45552
441.75,46748
441.7,54860
441.75,57398
441.75,8818
441.75,9088
441.75,9851
441.7,6051
441.7,6531
441.7,6568
441.7,65765
441.7,7931
441.7,7991
441.7,85784
441.7,8921
441.8,10286
441.8,121347
441.8,123872
441.8,12957
441.8,14761
441.8,14794
441.8,16122
441.8,16676
441.8,17273
441.8,18560
441.8,18702
441.8,21226
441.8,22983
441.8,24356
441.8,24416
441.8,25214
441.8,2781
441.8,27909
441.8,2918
441.8,34567
441.8,35782
441.8,42574
441.8,50156
441.85,10090
441.85,12040
441.85,12606
441.85,16061
441.85,16462
441.85,218298
441.85,23836
441.85,42388
441.85,48138
441.85,73327
441.85,8172
441.8,7333
441.8,7400
441.9,10091
441.9,11825
441.9,13730
441.9,157125
441.9,18408
441.9,19318
441.9,23410
441.9,27165
441.9,30935
441.9,31050
441.9,33502
441.9,33629
441.9,37031
441.9,49055
441.9,49490
441.95,10410
441.95,11837
441.95,12073
441.95,12349
441.95,126145
441.95,12754
441.95,14758
441.95,18640
441.9,51868
441.95,19370
441.95,22258
441.95,33916
441.95,36125
441.95,3758
441.95,38132
441.95,40065
441.95,40367
441.95,40618
441.95,56903
441.95,9217
441.9,59257
441.9,7368
442.0,11060
442.0,13986
442.0,16402
442.0,16414
442.0,21269
442.0,25103
442.0,27896
442.0,33511
442.0,39817
442.0,41810
442.0,45626
442.0,48042
442.05,100601
442.05,119386
442.0,51298
442.05,139626
442.05,14287
442.05,14298
442.05,14679
442.05,17071
442.05,17269
442.05,22802
442.0,55722
442.05,6318
442.0,5640
442.05,76720
442.05,8274
442.0,6429
442.0,82685
442.0,8366
442.0,84459
442.0,8684
442.0,9149
442.1,14873
442.1,17036
442.1,17045
442.1,18020
442.1,21231
442.1,34816
442.1,36885
442.1,39557
442.15,10126
442.15,103907
442.15,10491
442.15,12032
442.15,18312
442.15,21136
442.15,2547
442.15,30493
442.15,47078
442.15,53064
442.1,57637
442.15,97513
442.1,79595
442.1,8297
442.1,99997
442.2,10042
442.2,16064
442.2,16472
442.2,17759
442.2,18225
442.2,18578
442.2,19068
442.2,19338
442.2,27777
442.2,36885
442.2,46126
442.25,14153
442.25,16965
442.25,23052
442.25,26329
442.25,28208
442.25,31107
442.25,41140
442.25,42899
442.25,45188
442.25,48814
442.25,60151
442.25,6129
442.25,62880
442.25,8348
442.25,8456
442.2,59982
442.2,7210
442.2,84063
442.2,9333
442.2,9605
442.3,10067
442.3,10792
442.3,11001
442.3,110651
442.3,11240
442.3,12331
442.3,14077
442.3,17333
442.3,23215
442.3,30821
442.3,30904
442.3,33508
442.35,11076
442.35,17019
442.35,18780
442.35,19032
442.35,19330
442.35,20389
442.35,31849
442.35,33170
442.35,34810
442.35,36551
442.35,37883
442.35,45573
442.35,46495
442.35,48146
442.35,52352
442.35,5676
442.3,5610
442.35,80285
442.35,81384
442.35,81902
442.3,6753
442.3,8361
442.4,12369
442.4,13312
442.4,14158
442.4,15853
442.4,22812
442.4,23282
442.4,39669
442.4,41906
442.45,10447
442.45,12337
442.45,12740
442.45,14061
442.45,15421
442.45,19817
442.45,22408
442.45,25025
442.45,37687
442.45,6421
442.45,8478
442.45,9244
442.4,8060
442.4,88392
442.4,99191
442.5,11016
442.5,13050
442.5,21145
442.5,23779
442.5,24605
442.5,25260
442.5,26030
442.5,29814
442.5,30883
442.5,31959
442.5,36513
442.5,36723
442.5,36964
442.5,39957
442.5,39962
442.5,40563
442.5,4456
442.55,10762
442.55,11751
442.55,12175
442.55,14645
442.55,18178
442.55,22337
442.55,24160
442.55,28798
442.55,33520
442.55,42288
442.55,43234
442.55,436581
442.5,54578
442.55,46077
442.55,55980
442.55,6084
442.55,65815
442.5,56689
442.55,6844
442.55,8009
442.5,60188
442.5,6695
442.5,7127
442.5,7130
442.5,7578
442.5,86130
442.5,8863
442.5,9076
442.6,10710
442.6,11655
442.6,13304
442.6,14005
442.6,15531
442.6,19668
442.6,20248
442.6,23282
442.6,24524
442.6,24748
442.6,26232
442.6,26894
442.6,27972
442.6,29952
442.6,30201
442.6,31678
442.6,36891
442.6,38286
442.6,4754
442.65,10063
442.65,11097
442.65,11253
442.65,11258
442.65,11437
442.65,12376
442.65,12523
442.65,14622
442.65,14751
442.65,20652
442.65,22643
442.65,3749
442.65,41456
442.65,43663
442.65,5694
442.6,5719
442.6,5825
442.65,8809
442.65,9466
442.6,6674
442.6,7314
442.6,8156
442.6,85691
442.6,9927
442.7,11125
442.7,12624
442.7,14727
442.7,19069
442.7,2428
442.7,25130
442.7,43338
442.7,44394
442.7,46118
442.75,11245
442.75,11410
442.75,12514
442.75,125855
442.75,12652
442.75,14186
442.75,18003
442.75,21418
442.75,26536
442.75,28689
442.75,29441
442.75,29484
442.75,32912
442.75,34674
442.75,36185
442.75,36232
442.75,39407
442.75,51892
442.75,58212
442.75,6254
442.75,6821
442.75,8008
442.75,8978
442.7,6260
442.7,6949
442.7,69842
442.7,8287
442.7,8825
442.8,117885
442.8,11795
442.8,12870
442.8,12994
442.8,20188
442.8,20219
442.8,24876
442.8,25314
442.8,28299
442.8,29637
442.8,30491
442.8,32678
442.8,42104
442.8,42257
442.8,4590
442.85,11582
442.85,12722
442.85,14896
442.85,16361
442.85,16606
442.85,17704
442.85,19200
442.85,20108
442.85,21816
442.85,24433
442.85,29444
442.85,38010
442.85,4676
442.85,48446
442.85,51345
442.85,5941
442.85,71697
442.85,71778
442.85,81372
442.85,9486
442.85,9489
442.8,64573
442.8,65437
442.9,10164
442.9,10587
442.9,12410
442.9,13906
442.9,14076
442.9,14455
442.9,14547
442.9,15057
442.9,15326
442.9,16051
442.9,1731
442.9,18185
442.9,18669
442.9,19668
442.9,21994
442.9,23228
442.9,31409
442.9,35609
442.95,18573
442.95,27771
442.95,33861
442.95,45323
442.95,45858
442.95,47879
442.95,49529
442.95,51941
442.95,56585
442.95,62412
442.9,5661
442.95,7073
442.95,8173
442.95,9195
442.9,59318
442.95,9423
442.95,9662
442.9,6398
442.9,7083
442.9,75973
442.9,8898
443.0,10395
443.0,10730
443.0,10877
443.0,134341
443.0,13895
443.0,15745
443.0,17103
443.0,20569
443.0,22352
443.0,2487
443.0,4036
443.0,4180
443.0,51062
443.05,12096
443.05,12858
443.05,14888
443.05,15570
443.05,16480
443.05,17111
443.05,18594
443.05,22355
443.0,5352
443.05,39073
443.05,46880
443.05,47347
443.05,6511
443.05,71246
443.05,7856
443.0,64938
443.0,7109
443.0,8398
443.0,84813
443.0,92287
443.0,9474
443.0,98660
443.1,12256
443.1,14543
443.1,16300
443.1,18673
443.1,22850
443.1,26551
443.1,30450
443.1,4266
443.1,43169
443.1,48185
443.15,15826
443.15,22212
443.15,22428
443.15,23048
443.15,26292
443.15,27136
443.15,28651
443.15,3046
443.15,30582
443.15,32642
443.15,35252
443.15,38105
443.15,5151
443.1,5524
443.15,53743
443.15,6338
443.15,8404
443.1,58416
443.15,8685
443.1,70538
443.1,9326
443.1,9837
443.2,10738
443.2,11170
443.2,120567
443.2,129463
443.2,12952
443.2,13932
443.2,16957
443.2,17533
443.2,18670
443.2,19038
443.2,19798
443.2,2338
443.2,25608
443.2,31871
443.2,37101
443.2,45043
443.25,10991
443.25,11615
443.25,12103
443.2,5154
443.25,18149
443.25,19075
443.25,203261
443.25,20328
443.25,23818
443.25,25336
443.25,26579
443.25,289160
443.25,33153
443.25,34485
443.25,4149
443.25,6633
443.25,84519
443.2,6004
443.2,81416
443.2,82295
443.2,8650
443.2,92662
443.2,9386
443.2,95613
443.3,11561
443.3,14016
443.3,15719
443.3,18290
443.3,27250
443.3,3003
443.3,3114
443.3,35661
443.3,3779
443.3,3942
443.3,40908
443.3,4498
443.3,4551
443.3,4596
443.35,118620
443.35,12558
443.35,16953
443.35,17886
443.35,19774
443.35,26442
443.3,5286
443.35,3003287
443.35,37885
443.35,58315
443.35,6715
443.3,56980
443.35,9849
443.3,72788
443.3,8043
443.3,84502
443.4,105813
443.4,11439
443.4,11771
443.4,119222
443.4,22628
443.4,38895
443.4,4678
443.45,1373
443.45,16444
443.45,17436
443.45,19011
443.45,21546
443.45,3553
443.45,35883
443.45,4977
443.45,5035
443.45,52793
443.45,6221
443.45,6661
443.45,7492
443.45,8579
443.4,6027
443.4,6206
443.4,6398
443.4,6801
443.4,86920
443.4,97654
443.5,10446
443.5,107935
443.5,115643
443.5,122393
443.5,12739
443.5,128079
443.5,12872
443.5,14088
443.5,16283
443.5,17844
443.5,18143
443.5,19478
443.5,34319
443.5,3568
443.5,37221
443.5,39227
443.5,44036
443.5,45304
443.5,49360
443.55,10722
443.55,12742
443.55,17249
443.55,17564
443.55,1955
443.55,20921
443.5,52766
443.55,29219
443.55,32510
443.55,32603
443.55,33469
443.55,38211
443.55,40673
443.55,4734
443.55,49262
443.55,5960
443.55,6219
443.55,6456
443.55,7091
443.55,7466
443.55,7588
443.55,7734
443.5,5786
443.55,8608
443.5,68295
443.5,74137
443.5,8134
443.5,84641
443.6,10886
443.6,110668
443.6,112740
443.6,12793
443.6,14581
443.6,14760
443.6,16916
443.6,19267
443.6,20054
443.6,20600
443.6,2445
443.6,26273
443.6,26346
443.6,41379
443.6,44751
443.6,46259
443.65,11101
443.65,15083
443.65,16315
443.65,17905
443.65,19278
443.65,23275
443.65,26451
443.6,5389
443.65,4027
443.65,53645
443.6,5693
443.6,5741
443.6,5828
443.65,8351
443.6,5915
443.6,6328
443.6,6546
443.6,75963
443.6,92180
443.6,99509
443.7,10931
443.7,11325
443.7,12799
443.7,12953
443.7,14076
443.7,16856
443.7,18041
443.7,19422
443.7,20762
443.7,23303
443.7,2602
443.7,39961
443.75,12719
443.75,13962
443.75,142338
443.75,20709
443.75,21265
443.75,23037
443.75,3392
443.75,4035
443.7,5431
443.75,5443
443.75,57228
443.75,65106
443.75,6959
443.75,8445
443.7,66952
443.7,70038
443.7,73498
443.7,8700
443.8,10267
443.8,10492
443.8,107611
443.8,11235
443.8,12293
443.8,12491
443.8,12621
443.8,12729
443.8,13010
443.8,14057
443.8,14092
443.8,17563
443.8,19090
443.8,19296
443.8,19308
443.8,23183
443.8,38155
443.8,4651
443.8,5039
443.8,5063
443.85,11915
443.85,12480
443.85,13670
443.85,14208
443.85,16031
443.85,26761
443.85,3015
443.85,33385
443.85,39848
443.85,41126
443.85,5079
443.8,55181
443.85,5352
443.85,6190
443.8,5665
443.85,7016
443.85,7258
443.85,7332
443.85,74179
443.85,7442
443.85,8566
443.85,8677
443.85,8697
443.85,9362
443.85,9531
443.85,9990
443.8,6390
443.8,71404
443.8,72988
443.8,7936
443.8,7987
443.8,8624
443.8,9685
443.8,9811
443.9,102196
443.9,10231
443.9,11159
443.9,12484
443.9,133467
443.9,13828
443.9,15636
443.9,18192
443.9,19186
443.9,23465
443.9,30388
443.9,36988
443.9,3838
443.9,44814
443.9,48770
443.9,4926
443.95,10460
443.95,12792
443.95,14128
443.95,14614
443.95,14699
443.95,18671
443.95,20050
443.95,20076
443.95,22197
443.95,23217
443.95,23963
443.95,26267
443.95,28143
443.95,2869
443.95,31969
443.9,53234
443.95,35634
443.95,36678
443.95,3668
443.9,5389
443.95,53906
443.9,5658
443.95,80369
443.95,8750
443.95,8886
443.9,5973
443.9,62833
443.9,64861
443.9,6838
443.9,84295
443.9,8819
443.9,9042
443.9,9379
443.9,9626
443.9,9928
444.0,10109
444.0,10372
444.0,10374
444.0,111663
444.0,119614
444.0,13213
444.0,14763
444.0,15339
444.0,16965
444.0,20212
444.0,25773
444.0,26169
444.0,33471
444.0,46782
444.0,47927
444.05,112239
444.05,11848
444.05,120136
444.05,16571
444.05,17110
444.05,22064
444.05,28287
444.05,33249
444.0,53550
444.0,5434
444.05,49558
444.05,50901
444.0,5615
444.05,85426
444.0,60881
444.0,6656
444.0,6851
444.0,7919
444.0,8160
444.0,8459
444.0,8824
444.0,8840
444.0,90422
444.1,10697
444.1,14806
444.1,154828
444.1,15791
444.1,16581
444.1,18676
444.1,19243
444.1,22440
444.1,35308
444.1,37879
444.1,45215
444.1,46010
444.15,13604
444.15,17241
444.15,24166
444.15,29770
444.15,36418
444.15,62463
444.15,6899
444.15,83761
444.15,8764
444.1,63104
444.1,7250
444.1,84290
444.1,9617
444.2,11080
444.2,17380
444.2,22005
444.2,25459
444.2,28044
444.2,32595
444.2,48871
444.25,11045
444.25,14585
444.25,38036
444.2,5405
444.25,47306
444.2,55947
444.2,9343
444.3,12132
444.3,12674
444.3,13245
444.3,13838
444.3,15423
444.3,17377
444.3,20839
444.3,22972
444.3,37217
444.3,39058
444.35,17125
444.3,51780
444.35,26450
444.35,26830
444.3,5272
444.35,28499
444.35,34390
444.35,36630
444.3,5442
444.35,56448
444.35,5989
444.35,61047
444.35,8703
444.35,9194
444.3,7826
444.4,10463
444.4,15224
444.4,19606
444.4,26599
444.4,36299
444.4,44412
444.45,120559
444.45,13110
444.45,13713
444.45,15238
444.45,19790
444.45,21651
444.45,22167
444.45,257080
444.45,39139
444.45,45636
444.45,52012
444.45,54392
444.45,57632
444.45,60346
444.45,76091
444.45,85163
444.45,8662
444.4,5923
444.45,9328
444.45,95968
444.4,6206
444.4,6695
444.4,69051
444.4,81133
444.5,11703
444.5,11965
444.5,15055
444.5,19762
444.5,20969
444.5,21495
444.5,24829
444.55,155003
444.55,22221
444.55,23500
444.55,28365
444.55,28978
444.55,44043
444.55,5204
444.55,57349
444.55,62470
444.55,6503
444.55,69972
444.55,7355
444.5,5803
444.55,8668
444.55,9850
444.5,6891
444.5,7712
444.5,8458
444.5,9721
444.6,118879
444.6,124598
444.6,12824
444.6,13467
444.6,24990
444.6,31295
444.6,33112
444.6,33400
444.6,374152
444.6,43310
444.6,4928
444.6,5012
444.65,10823
444.65,12841
444.65,13024
444.65,135527
444.65,13973
444.65,15522
444.65,17000
444.65,18684
444.65,20181
444.65,26096
444.65,31014
444.65,33171
444.65,4241
444.65,47201
444.65,4949
444.65,5908
444.6,5611
444.65,6634
444.65,6743
444.65,70442
444.65,8027
444.65,8079
444.65,8288
444.65,8380
444.65,87721
444.6,6484
444.6,6620
444.6,7142
444.6,7528
444.6,75940
444.6,9621
444.7,11798
444.7,13041
444.7,17859
444.7,18110
444.7,19397
444.7,46026
444.7,46127
444.75,10636
444.75,12460
444.75,132316
444.75,13834
444.75,19374
444.75,36963
444.7,53714
444.75,40597
444.75,42222
444.75,48290
444.75,57459
444.75,7027
444.75,77255
444.7,6383
444.7,7193
444.7,8884
444.8,13135
444.8,13802
444.8,13953
444.8,15107
444.8,16384
444.8,21138
444.8,37579
444.8,43917
444.85,10046
444.85,10826
444.85,13666
444.8,51980
444.85,23069
444.85,25922
444.85,26211
444.85,39726
444.85,5534
444.85,61851
444.85,7508
444.85,8992
444.85,9370
444.85,97604
444.8,64619
444.8,6561
444.8,6742
444.8,76843
444.8,7710
444.8,80859
444.8,9577
444.9,10503
444.9,17627
444.9,17773
444.9,17849
444.9,24677
444.9,24780
444.9,25894
444.9,287635
444.9,30142
444.9,37029
444.9,43001
444.95,10242
444.95,11147
444.95,11352
444.95,12498
444.95,16496
444.95,16557
444.95,18919
444.95,21308
444.95,225376
444.95,24991
444.95,25175
444.95,39351
444.95,5199
444.95,659277
444.95,70351
444.95,7232
444.95,7335
444.95,7524
444.95,8346
444.95,9115
444.9,5939
444.95,9473
444.9,67465
444.9,77180
444.9,918899
445.0,104147
445.0,112000
445.0,118782
445.0,12878
445.0,129879
445.0,13380
445.0,13544
445.0,13568
445.0,13674
445.0,13774
445.0,151013
445.0,161608
445.0,185240
445.0,21183
445.0,22447
445.0,24781
445.0,283068
445.0,33014
445.0,3805
445.0,38430
445.0,39757
445.0,42099
445.0,471721
445.0,47865
445.05,10055
445.05,17420
445.05,19317
445.05,19989
445.05,20395
445.05,25532
445.05,26880
445.05,30063
445.0,53177
445.0,53650
445.05,37319
445.0,5374
445.0,5441
445.0,5474
445.05,6175
445.05,7835
445.05,8194
445.0,58679
445.05,8751
445.05,93344
445.0,59916
445.0,61150
445.0,61380
445.0,6877
445.0,70081
445.0,7039
445.0,70951
445.0,72951
445.0,80165
445.0,8720
445.0,9036
445.0,90786
445.1,10252
445.1,107442
445.1,17016
445.1,17601
445.1,20207
445.1,25229
445.1,28462
445.1,30525
445.1,34223
445.1,44345
445.15,10646
445.15,109151
445.15,12203
445.15,19200
445.15,19213
445.15,28595
445.15,29992
445.15,52013
445.15,5633
445.15,71194
445.15,72205
445.1,74716
445.1,7859
445.2,10263
445.2,14924
445.2,17365
445.2,22906
445.2,28449
445.2,29270
445.2,40179
445.25,11590
445.25,11731
445.25,12545
445.2,5154
445.25,15516
445.25,16849
445.25,17868
445.25,20533
445.25,26416
445.25,30139
445.25,30605
445.2,53772
445.25,3786
445.25,42311
445.25,44312
445.25,44710
445.25,65621
445.25,66443
445.25,86021
445.2,6123
445.2,71058
445.2,8071
445.2,84470
445.3,15999
445.3,18771
445.3,19808
445.3,20910
445.3,24469
445.3,24558
445.3,26607
445.3,37203
445.35,132255
445.35,19106
445.3,51979
445.35,2313
445.35,31046
445.35,3146
445.35,48309
445.35,6424
445.35,64330
445.35,71395
445.35,81481
445.3,8117
445.3,81477
445.3,8574
445.4,13026
445.4,16712
445.4,17039
445.4,41663
445.4,42479
445.4,5043
445.45,19350
445.4,51953
445.45,21645
445.45,44943
445.45,4523
445.45,5348
445.45,53575
445.45,5495
445.45,76365
445.45,88310
445.45,8865
445.45,90707
445.4,632698
445.4,87816
445.5,11647
445.5,21975
445.5,2206
445.5,2231
445.5,23047
445.5,26394
445.5,30381
445.5,36857
445.5,3851
445.5,4098
445.5,4622
445.5,46772
445.55,11070
445.55,11077
445.55,11326
445.55,13848
445.55,14017
445.55,14854
445.55,181967
445.55,19881
445.55,19973
445.55,20464
445.55,23819
445.55,39742
445.55,46172
445.55,62818
445.55,70197
445.55,7073
445.55,80318
445.5,59142
445.5,7287
445.5,76842
445.5,7698
445.5,87836
445.5,9086
445.5,91280
445.6,10189
445.6,10218
445.6,11130
445.6,12225
445.6,16150
445.6,18579
445.6,21716
445.6,24299
445.6,24523
445.6,26293
445.65,13413
445.65,15144
445.65,15750
445.65,15925
445.65,17795
445.65,17906
445.65,1893
445.65,19893
445.65,20739
445.65,23661
445.65,239565
445.65,23981
445.65,2517
445.65,29293
445.65,45835
445.65,46191
445.6,55494
445.65,55173
445.7,103602
445.7,11967
445.7,12336
445.7,127246
445.7,14283
445.7,15846
445.7,1595
445.7,16418
445.7,16544
445.7,17239
445.7,17553
445.7,19975
445.7,27817
445.7,36818
445.7,37707
445.7,39002
445.75,103133
445.75,11794
445.75,15503
445.75,17014
445.75,217338
445.75,48804
445.75,61986
445.75,8466
445.75,88299
445.7,71633
445.7,8416
445.7,96430
445.8,10779
445.8,11362
445.8,31700
445.8,38436
445.85,18600
445.85,25923
445.85,3678
445.85,3857
445.85,48185
445.85,75186
445.8,60576
445.8,6080
445.8,63579
445.8,68363
445.8,96347
445.9,10402
445.9,11564
445.9,1339
445.9,13892
445.9,14232
445.9,23351
445.9,25594
445.9,34058
445.9,3860
445.9,4398
445.9,5094
445.95,15074
445.95,25064
445.95,25415
445.9,5272
445.95,3692
445.95,3863
445.95,42581
445.95,42634
445.95,45739
445.95,60041
445.95,6253
445.95,63926
445.95,9027
445.9,7645
445.9,8928
445.9,9421
445.9,9712
445.9,9962
446.0,15015
446.0,17678
446.0,19532
446.0,2283
446.0,4214
446.0,43562
446.05,11339
446.05,11396
446.05,27792
446.05,31517
446.05,35012
446.05,51108
446.05,6909
446.05,86489
446.0,59115
446.0,59381
446.05,9870
446.0,6306
446.0,65926
446.0,6854
446.0,7200
446.0,7794
446.0,7949
446.0,9828
446.1,10134
446.1,19201
446.1,19620
446.1,20521
446.1,23469
446.1,4101
446.1,5103
446.15,11064
446.15,12978
446.15,15751
446.15,18761
446.15,19080
446.15,21991
446.15,231092
446.15,24153
446.15,26731
446.15,28362
446.15,33965
446.15,35739
446.1,63175
446.1,70881
446.1,8320
446.1,8416
446.1,9577
446.2,15054
446.2,16357
446.2,17476
446.2,18938
446.2,1900
446.2,2845
446.2,29292
446.2,29615
446.2,33946
446.2,39429
446.2,40995
446.2,5093
446.25,10146
446.25,14330
446.25,14775
446.25,15925
446.25,19859
446.25,213634
446.25,21640
446.25,22636
446.25,23464
446.25,2444
446.25,2653
446.25,4226
446.25,9994
446.2,9364
446.3,10060
446.3,10592
446.3,13402
446.3,16101
446.3,24922
446.35,11066
446.35,13597
446.35,14702
446.35,15186
446.35,16650
446.35,1700
446.35,17814
446.35,19526
446.35,22489
446.35,23410
446.35,27794
446.35,39318
446.3,5446
446.35,4946
446.35,6030
446.35,6494
446.35,6548
446.35,76059
446.35,7883
446.35,7952
446.35,8892
446.35,9006
446.35,9009
446.35,97943
446.35,9883
446.3,6206
446.3,6503
446.4,10522
446.4,11655
446.4,130996
446.4,14055
446.4,154210
446.4,18120
446.4,23743
446.4,29116
446.4,3017
446.4,3054
446.4,34989
446.4,42116
446.45,10320
446.45,10419
446.45,10572
446.45,10634
446.45,11094
446.45,12407
446.45,14008
446.45,14082
446.45,15511
446.45,19035
446.45,29533
446.45,29981
446.45,32325
446.45,35809
446.45,37935
446.4,53967
446.45,4242
446.45,46144
446.45,50242
446.45,7341
446.45,8158
446.45,87030
446.45,89863
446.45,9254
446.45,9763
446.4,6480
446.4,7398
446.5,10044
446.5,106836
446.5,11825
446.5,12882
446.5,15072
446.5,16361
446.5,16636
446.5,17705
446.5,29916
446.5,33117
446.5,4805
446.55,12794
446.55,15716
446.55,160218
446.55,21615
446.55,25509
446.55,25564
446.55,28048
446.5,5438
446.55,4518
446.55,53522
446.55,5918
446.55,6621
446.55,8962
446.5,6259
446.5,7645
446.5,8135
446.5,8381
446.6,118699
446.6,12138
446.6,13785
446.6,13905
446.6,14036
446.6,15393
446.6,18706
446.6,19286
446.6,20888
446.6,22491
446.6,23981
446.6,3799
446.6,41631
446.65,11430
446.65,1534
446.65,17668
446.65,22201
446.6,5310
446.6,53848
446.65,5128
446.65,51745
446.65,6766
446.65,6925
446.65,8137
446.6,60906
446.6,79324
446.6,8223
446.6,8257
446.6,9822
446.7,10444
446.7,12033
446.7,14928
446.7,15673
446.7,19024
446.7,20381
446.7,22308
446.7,2379
446.7,27437
446.7,37570
446.7,4102
446.7,44048
446.7,4783
446.75,12158
446.75,20038
446.75,20308
446.75,26548
446.75,28615
446.75,3682
446.75,4194
446.75,5901
446.75,6190
446.75,7233
446.75,8459
446.75,9163
446.75,9584
446.7,62678
446.7,6406
446.7,7340
446.7,78602
446.7,8775
446.8,11735
446.8,15144
446.8,16118
446.8,21449
446.8,23637
446.8,28077
446.8,30929
446.8,34230
446.8,36150
446.8,37337
446.8,5112
446.85,12985
446.85,18459
446.85,20832
446.85,3276
446.85,5408
446.85,61319
446.85,73465
446.85,7604
446.8,61021
446.8,7369
446.8,8104
446.8,8404
446.8,91580
446.9,12229
446.9,13097
446.9,13251
446.9,2120
446.9,288957
446.9,29428
446.9,32037
446.9,47801
446.9,4802
446.95,10564
446.95,161262
446.95,25479
446.95,29731
446.95,31385
446.95,31639
446.95,38733
446.95,41015
446.95,5992
446.95,9426
446.95,9509
446.9,59593
446.9,6235
446.9,6331
446.9,9411
446.9,99140
447.0,10827
447.0,13133
447.0,139164
447.0,19803
447.0,21161
447.0,22028
447.0,2734
447.0,30780
447.0,3416
447.0,3675
447.0,3740
447.0,4196
447.0,4682
447.0,4868
447.05,117932
447.05,13338
447.05,14052
447.05,2401
447.05,26839
447.05,28580
447.05,36158
447.05,3964
447.05,4182
447.05,4696
447.0,55366
447.05,5433
447.05,5477
447.05,55538
447.05,65938
447.05,7389
447.05,7755
447.0,58205
447.05,8796
447.0,59227
447.0,6667
447.0,67000
447.0,8021
447.0,9495
447.1,194737
447.1,23144
447.1,2392
447.1,25796
447.1,2860
447.1,3367
447.1,4436
447.1,45205
447.1,4947
447.15,122486
447.15,14596
447.15,22987
447.15,24092
447.15,35251
447.15,3980
447.15,41423
447.15,4272
447.15,5556
447.1,6923
447.1,69753
447.1,7078
447.1,7972
447.1,9327
447.1,9457
447.2,10734
447.2,12003
447.2,12587
447.2,17958
447.2,24745
447.2,3213
447.2,32764
447.2,3547
447.25,11615
447.25,12088
447.25,14621
447.25,32786
447.25,34254
447.25,39166
447.25,4166
447.25,5779
447.25,6784
447.2,57557
447.2,7260
447.3,10225
447.3,12774
447.3,13799
447.3,153189
447.3,16641
447.3,17407
447.3,244429
447.3,35938
447.35,12485
447.35,15118
447.35,1888
447.35,23356
447.35,2469
447.35,3961
447.35,40872
447.35,4201
447.35,48080
447.35,5143
447.35,52019
447.3,5607
447.3,5950
447.3,6744
447.3,7360
447.3,7912
447.3,86815
447.4,1148
447.4,17878
447.4,1999
447.4,2153
447.4,2660
447.4,31317
447.4,31497
447.4,3449
447.4,3848
447.45,10630
447.45,14943
447.45,2430
447.45,26364
447.45,5010
447.45,51784
447.45,62338
447.45,8807
447.4,79852
447.5,11482
447.5,13096
447.5,1430
447.5,15727
447.5,16418
447.5,32383
447.5,37744
447.55,11853
447.55,12267
447.55,15087
447.5,5175
447.55,17571
447.5,5431
447.55,52392
447.55,53157
447.55,8303
447.5,59669
447.5,61931
447.5,75643
447.5,9321
447.6,104809
447.6,11199
447.6,12073
447.6,13462
447.6,13891
447.6,20164
447.6,2817
447.6,29376
447.6,32335
447.6,34208
447.6,34338
447.6,37108
447.6,38132
447.65,10708
447.65,12376
447.6,5131
447.65,14394
447.65,14455
447.65,17797
447.6,51989
447.65,2368
447.65,26416
447.65,45116
447.65,4911
447.65,6420
447.65,6838
447.6,59590
447.7,11017
447.7,12005
447.7,12335
447.7,13440
447.7,13454
447.7,19743
447.7,2456
447.7,3094
447.7,4356
447.7,46079
447.75,11605
447.75,117954
447.75,11842
447.75,11876
447.75,15102
447.75,17404
447.75,174256
447.75,20198
447.75,26573
447.75,282941
447.75,3038
447.75,37332
447.75,55425
447.75,6016
447.75,7595
447.75,7680
447.7,5933
447.75,9557
447.7,73653
447.7,7375
447.7,74741
447.7,9157
447.7,9734
447.7,9959
447.8,16299
447.8,16625
447.8,1931
447.8,25495
447.8,32309
447.8,3700
447.85,10780
447.85,11015
447.85,11432
447.85,11654
447.85,12078
447.85,12188
447.85,12529
447.85,12736
447.85,14872
447.85,1657
447.85,17369
447.85,18599
447.85,25654
447.85,62737
447.85,70465
447.8,57115
447.85,81063
447.85,8740
447.8,64063
447.8,7892
447.8,9735
447.9,10991
447.9,14094
447.9,172787
447.9,18150
447.9,18396
447.9,21127
447.9,27110
447.9,29881
447.9,34457
447.9,38886
447.95,10768
447.95,13236
447.95,18735
447.95,19958
447.95,20160
447.95,24341
447.95,25139
447.95,2543
447.95,26481
447.95,28786
447.95,38612
447.95,38642
447.95,45300
447.95,47628
447.95,5192
447.95,7391
447.9,6305
447.9,6475
448.0,10294
448.0,12028
448.0,12364
448.0,13107
448.0,13597
448.0,13782
448.0,13968
448.0,14004
448.0,14231
448.0,14325
448.0,14640
448.0,17007
448.0,17020
448.0,17606
448.0,18283
448.0,18797
448.0,19507
448.0,20114
448.0,23329
448.0,24053
448.0,25298
448.0,25560
448.0,26453
448.0,3125
448.0,3139
448.0,32997
448.0,34490
448.0,35005
448.0,3917
448.0,4183
448.05,11867
448.05,11896
448.05,13124
448.05,13307
448.05,16078
448.05,18777
448.05,26163
448.05,33482
448.05,3362
448.05,42420
448.0,64134
448.0,72744
448.0,8080
448.0,8256
448.0,8627
448.0,9212
448.0,9312
448.1,12214
448.1,12772
448.1,12891
448.1,13222
448.1,154426
448.1,20894
448.1,21380
448.1,22311
448.1,24022
448.1,27806
448.1,30039
448.1,4313
448.1,4923
448.1,4990
448.15,14648
448.15,20719
448.15,2589
448.15,29263
448.15,36692
448.15,5043
448.1,5613
448.15,8016
448.15,9936
448.1,7172
448.1,7980
448.1,8598
448.1,9181
448.1,9578
448.2,15031
448.2,20893
448.2,24196
448.2,27185
448.2,29643
448.2,33454
448.2,3454
448.2,47281
448.2,4765
448.25,11768
448.25,19891
448.2,5200
448.25,21254
448.25,2332
448.25,26793
448.25,34394
448.25,45849
448.25,4835
448.25,6427
448.25,7331
448.25,7469
448.25,7489
448.25,8998
448.25,9443
448.2,8240
448.2,9751
448.3,12328
448.3,13385
448.3,1350
448.3,14036
448.3,21529
448.3,23038
448.3,26768
448.3,44897
448.35,10333
448.35,10384
448.35,11054
448.35,13962
448.35,15896
448.35,22050
448.35,22259
448.35,2599
448.3,5358
448.35,5756
448.35,78186
448.35,9000
448.3,64947
448.3,9321
448.3,9396
448.4,15381
448.4,315397
448.45,13907
448.45,14338
448.45,21282
448.45,22425
448.45,27265
448.45,31300
448.45,3291
448.45,3981
448.45,6062
448.45,7591
448.45,7797
448.4,6388
448.4,7640
448.5,12568
448.5,12576
448.5,13237
448.5,15328
448.5,28346
448.5,42868
448.5,4966
448.55,12295
448.55,14280
448.55,16522
448.5,5178
448.55,19320
448.55,19720
448.55,209665
448.55,28806
448.55,30759
448.55,36498
448.55,41188
448.55,4701
448.55,4868
448.55,7904
448.55,8597
448.5,5874
448.55,95827
448.55,9787
448.5,5984
448.5,6609
448.5,7722
448.6,11053
448.6,15584
448.6,19657
448.6,22905
448.6,30037
448.65,11640
448.65,1169
448.65,13121
448.65,20546
448.65,29339
448.65,306686
448.65,31681
448.65,37331
448.65,52561
448.65,5403
448.65,6201
448.65,6643
448.65,7146
448.6,8308
448.6,90077
448.7,10920
448.7,11603
448.7,14629
448.7,29956
448.7,3537
448.7,3766
448.7,4286
448.75,14417
448.75,14650
448.75,16208
448.75,17151
448.75,18876
448.75,22118
448.75,5498
448.75,6578
448.75,7355
448.75,9469
448.7,6384
448.7,6403
448.7,7736
448.7,8204
448.8,10141
448.8,11495
448.8,14337
448.8,157069
448.8,2221
448.8,23608
448.8,2501
448.8,25387
448.8,25460
448.8,26217
448.8,26964
448.8,28838
448.8,34040
448.8,3761
448.8,3916
448.8,42533
448.8,4731
448.85,1900
448.85,2386
448.85,3470
448.85,5960
448.8,5745
448.85,8677
448.8,5889
448.85,9149
448.8,6096
448.8,6452
448.8,6885
448.8,7200
448.8,72468
448.8,97903
448.8,9843
448.9,10266
448.9,11045
448.9,11825
448.9,15241
448.9,234650
448.9,25042
448.95,16019
448.95,16143
448.95,17572
448.95,17624
448.95,26286
448.95,27979
448.95,28660
448.95,28756
448.95,3128
448.95,3897
448.95,4373
448.95,47067
448.95,5803
448.95,97881
448.95,9921
448.9,8892
448.9,9216
449.0,11932
449.0,19204
449.0,19323
449.0,19690
449.0,20560
449.0,2300
449.0,23037
449.0,2525
449.0,3014
449.0,3397
449.0,36027
449.0,4107
449.0,43064
449.0,48784
449.05,110195
449.0,51707
449.05,18212
449.05,21095
449.05,2388
449.05,24165
449.05,30028
449.05,36542
449.05,54063
449.05,8242
449.05,90336
449.0,6345
449.0,6997
449.0,9245
449.1,12189
449.1,20457
449.1,25551
449.1,26146
449.1,4107
449.15,148951
449.15,20396
449.15,22886
449.15,23462
449.15,24332
449.15,31674
449.15,4292
449.15,4642
449.15,48238
449.15,9214
449.15,9925
449.1,7207
449.1,95232
449.1,99278
449.2,10381
449.2,10592
449.2,10825
449.2,1272
449.2,16812
449.2,1962
449.2,1969
449.2,20301
449.2,22549
449.2,2593
449.2,2847
449.2,30614
449.2,30748
449.2,4628
449.25,112035
449.25,14320
449.25,15600
449.25,22549
449.25,22606
449.25,28605
449.25,3087
449.25,32256
449.25,3619
449.25,37073
449.25,4828
449.25,48803
449.25,5315
449.25,5652
449.25,6435
449.2,6434
449.2,9034
449.2,9585
449.3,10984
449.3,21553
449.3,22218
449.3,23748
449.3,29893
449.3,36266
449.3,38839
449.3,4274
449.3,5103
449.35,10430
449.35,11252
449.35,1163
449.35,15197
449.35,1732
449.35,2328
449.35,26725
449.35,2987
449.35,33728
449.35,4180
449.35,47388
449.3,55239
449.35,5321
449.35,5452
449.3,57812
449.35,8382
449.3,6190
449.3,7007
449.3,7423
449.3,80914
449.4,103138
449.4,10680
449.4,11625
449.4,13302
449.4,13711
449.4,15878
449.4,168589
449.4,17419
449.4,19997
449.4,20121
449.4,25215
449.4,2523
449.4,25395
449.4,27320
449.4,40750
449.45,13233
449.45,147217
449.45,15017
449.45,19591
449.45,20422
449.45,22124
449.45,23155
449.45,246925
449.45,25801
449.45,39980
449.45,43217
449.45,45111
449.45,5178
449.45,58069
449.45,7955
449.4,6848
449.4,7029
449.4,9358
449.4,9930
449.5,10813
449.5,11124
449.5,113084
449.5,118112
449.5,13456
449.5,14541
449.5,15169
449.5,18612
449.5,20725
449.5,2201
449.5,22136
449.5,22396
449.5,2325
449.5,2884
449.5,31667
449.5,34321
449.5,3442
449.5,3853
449.5,47741
449.5,5101
449.55,11643
449.55,16689
449.55,16958
449.55,1969
449.55,1988
449.55,22286
449.55,2392
449.55,24592
449.55,29808
449.55,6707
449.55,72542
449.55,7348
449.55,9892
449.5,6213
449.5,8966
449.5,9841
449.5,9873
449.6,11515
449.6,11805
449.6,13560
449.6,1396
449.6,15383
449.6,164979
449.6,1692
449.6,19508
449.6,26027
449.6,2955
449.6,3479
449.65,10625
449.65,13646
449.6,5188
449.65,2206
449.65,24811
449.65,27543
449.65,28368
449.65,3334
449.65,3402
449.65,4132
449.65,4493
449.65,45325
449.65,5053
449.65,6603
449.65,9081
449.65,9205
449.6,6477
449.6,7408
449.6,8209
449.6,9702
449.7,11341
449.7,18319
449.7,18555
449.7,19158
449.7,19462
449.7,20402
449.7,24110
449.7,29899
449.7,38793
449.7,4812
449.7,4966
449.7,5015
449.75,11305
449.75,115505
449.75,14709
449.75,1770
449.75,1852
449.75,1889
449.75,20660
449.75,23099
449.75,24446
449.75,25292
449.75,28774
449.7,53547
449.75,4116
449.75,4316
449.75,4702
449.75,4872
449.75,5907
449.75,7065
449.75,8182
449.75,8567
449.75,93022
449.7,6023
449.7,6495
449.7,7499
449.7,8198
449.7,9179
449.8,10181
449.8,116061
449.8,11863
449.8,12877
449.8,13565
449.8,17629
449.8,18756
449.8,20115
449.8,2810
449.8,30206
449.8,34126
449.8,3844
449.8,42079
449.85,10233
449.85,11563
449.85,12049
449.85,15649
449.85,1651
449.85,2810
449.85,2979
449.85,3066
449.85,3540
449.85,3809
449.85,45922
449.85,5399
449.85,5668
449.85,67519
449.85,6920
449.8,5809
449.85,81552
449.85,8349
449.85,9816
449.8,6832
449.8,82733
449.8,8428
449.8,8813
449.8,8888
449.9,11567
449.9,14855
449.9,16487
449.9,16695
449.9,17621
449.9,17955
449.9,18869
449.9,24090
449.9,2567
449.9,2927
449.9,33581
449.9,3605
449.9,4216
449.9,46681
449.9,4981
449.95,103684
449.95,10983
449.95,11607
449.95,12033
449.95,120690
449.95,1405
449.95,14990
449.95,175203
449.95,1847
449.95,1900
449.95,2181
449.95,2386
449.95,2614
449.95,2904
449.95,30633
449.95,3107
449.95,38465
449.95,4093
449.9,5445
449.95,48309
449.95,507525
449.95,5608
449.95,6393
449.95,6579
449.95,6984
449.95,7126
449.95,7597
449.9,59010
449.9,6223
449.9,6745
449.9,8558
449.9,8710
449.9,9592
450.0,100071
450.0,100309
450.0,10081
450.0,101066
450.0,114072
450.0,114413
450.0,1223
450.0,12677
450.0,12928
450.0,14106
450.0,14298
450.0,14310
450.0,1637
450.0,1654
450.0,17226
450.0,1840
450.0,2102
450.0,2135
450.0,23185
450.0,235856
450.0,23726
450.0,2522
450.0,26828
450.0,273979
450.0,2797
450.0,31672
450.0,3184
450.0,33009
450.0,3435
450.0,34605
450.0,3549
450.0,36007
450.0,36348
450.0,36838
450.0,3764
450.0,3939
450.0,40491
450.0,4143
450.0,4166
450.0,4539
450.0,45503
450.0,45536
450.0,4648
450.0,4996
450.05,16862
450.05,3063
450.05,4835
450.0,5529
450.05,5600
450.0,5673
450.05,7030
450.0,5706
450.05,7081
450.0,5748
450.05,7876
450.0,5822
450.0,6141
450.0,6408
450.0,6489
450.0,6592
450.0,7041
450.0,7121
450.0,7290
450.0,7868
450.0,8164
450.0,8253
450.0,8332
450.0,8582
450.0,8675
450.0,8835
450.0,89541
450.0,9154
450.0,9253
450.0,9661
450.1,11276
450.1,11338
450.1,13051
450.1,18867
450.1,2705
450.1,331467
450.1,37588
450.1,3837
450.1,41639
450.15,10906
450.15,20188
450.15,24958
450.15,2847
450.15,4006
450.15,5573
450.15,6005
450.15,6092
450.15,6530
450.15,7961
450.15,8686
450.15,9143
450.15,9534
450.15,9661
450.1,7948
450.1,8425
450.1,90818
450.2,11621
450.2,13802
450.2,14145
450.2,14885
450.2,14928
450.2,16672
450.2,20417
450.2,2260
450.25,10131
450.25,109619
450.25,127512
450.25,14101
450.25,6063
450.25,9481
450.2,6046
450.2,8831
450.3,112778
450.3,14033
450.3,19081
450.3,20319
450.3,23055
450.3,33865
450.3,3898
450.35,181202
450.35,3987
450.35,4593
450.35,66480
450.35,7952
450.3,6170
450.3,6985
450.4,14031
450.4,14992
450.4,24117
450.4,253963
450.4,28427
450.4,289742
450.45,10093
450.45,20287
450.45,21527
450.45,21886
450.45,26847
450.45,27137
450.45,3802
450.45,53514
450.45,5521
450.45,61671
450.45,6359
450.45,6397
450.45,8849
450.4,60092
450.4,6103
450.4,6436
450.4,8216
450.5,10654
450.5,110129
450.5,11983
450.5,12329
450.5,13670
450.5,14661
450.5,15540
450.5,19479
450.5,19660
450.5,2274
450.55,10078
450.55,2492
450.5,5909
450.5,6082
450.6,10292
450.6,21979
450.6,289925
450.6,3170
450.65,13081
450.65,19984
450.65,23465
450.65,5937
450.65,6215
450.65,6589
450.65,6752
450.6,7874
450.7,11983
450.7,19513
450.7,20789
450.7,21684
450.75,17258
450.75,17617
450.75,36405
450.75,4245
450.75,5546
450.75,5929
450.75,6591
450.75,9807
450.7,8682
450.7,8730
450.7,9871
450.8,11691
450.8,11741
450.8,31142
450.8,3864
450.8,4446
450.8,4779
450.8,49475
450.85,12104
450.85,16438
450.85,28397
450.85,4319
450.85,5153
450.85,7191
450.85,76724
450.85,7811
450.8,6041
450.9,14854
450.9,15412
450.9,17425
450.9,201024
450.9,31393
450.95,134733
450.95,19386
450.95,230625
450.9,5387
450.95,39133
450.95,4145
450.95,62236
450.95,66387
450.95,7817
450.95,8118
450.95,9326
450.9,6178
451.0,10646
451.0,11885
451.0,13381
451.0,14853
451.0,15082
451.0,16611
451.0,176881
451.0,18050
451.0,18185
451.0,22209
451.0,30584
451.0,3642
451.0,3691
451.0,37434
451.0,41431
451.0,49287
451.05,14186
451.05,15388
451.05,20849
451.0,5288
451.05,2885
451.05,33722
451.05,36623
451.05,5319
451.05,8036
451.0,584986
451.0,6619
451.0,69910
451.1,15971
451.1,17365
451.1,24653
451.1,24877
451.1,26052
451.1,2842
451.1,30125
451.1,44813
451.15,10101
451.15,15144
451.15,4278
451.15,5721
451.15,58823
451.1,5729
451.15,7841
451.15,8643
451.1,6702
451.1,7070
451.1,7266
451.1,7453
451.1,9520
451.2,12817
451.2,13477
451.2,13629
451.2,21473
451.2,28850
451.2,29188
451.2,3347
451.2,4707
451.2,4774
451.25,10062
451.25,12165
451.25,16224
451.25,16639
451.25,18271
451.25,37731
451.2,5580
451.25,6878
451.25,7745
451.25,7776
451.25,8204
451.25,84574
451.25,8587
451.2,6029
451.2,6690
451.2,70750
451.2,7883
451.2,8165
451.2,86129
451.3,136988
451.3,3393
451.3,3891
451.3,48026
451.35,10677
451.35,13346
451.35,15742
451.35,17509
451.3,52292
451.3,5297
451.35,3061
451.35,34139
451.3,5541
451.35,8183
451.35,8928
451.3,63720
451.3,6662
451.3,7612
451.3,9898
451.4,12479
451.4,14999
451.4,17175
451.4,18699
451.4,243029
451.4,27360
451.4,31440
451.4,4502
451.4,4671
451.45,10289
451.45,10661
451.45,139791
451.45,15955
451.45,16378
451.4,51834
451.45,20277
451.45,4164
451.45,47641
451.45,7701
451.45,7729
451.45,8712
451.45,9177
451.4,7319
451.4,7768
451.4,78708
451.4,8230
451.4,9618
451.5,17921
451.5,19757
451.5,20903
451.5,2373
451.5,4120
451.5,4825
451.55,11129
451.55,14322
451.55,16484
451.55,18316
451.55,21020
451.55,25845
451.55,30483
451.55,3406
451.5,5511
451.55,5800
451.55,8386
451.5,5877
451.55,9157
451.5,76180
451.5,7662
451.5,9106
451.6,10058
451.6,10447
451.6,15173
451.6,17986
451.6,22404
451.6,2901
451.6,2956
451.6,3046
451.6,328109
451.6,4049
451.6,41248
451.65,143242
451.65,18271
451.6,5233
451.6,5365
451.65,4174
451.65,5486
451.65,5906
451.65,6746
451.65,6920
451.6,5731
451.65,9362
451.6,6293
451.6,7298
451.6,7917
451.6,8003
451.6,98452
451.7,16078
451.7,1738
451.7,19463
451.7,26405
451.75,10261
451.75,10981
451.75,11441
451.75,12444
451.75,13324
451.75,15369
451.75,19456
451.75,2213
451.75,27405
451.75,29754
451.75,3701
451.7,54947
451.75,8229
451.75,9472
451.7,65536
451.7,7853
451.7,7857
451.7,9068
451.8,10509
451.8,13782
451.8,16702
451.8,17851
451.8,22118
451.8,2345
451.8,33923
451.8,4880
451.85,109529
451.85,18398
451.85,23555
451.85,5115
451.85,605949
451.85,6306
451.85,87236
451.85,9867
451.8,6258
451.8,7632
451.8,8167
451.8,8620
451.9,10771
451.9,11181
451.9,16911
451.9,27043
451.95,10542
451.95,133112
451.95,19935
451.9,5717
451.95,8427
451.95,8553
452.0,12720
452.0,14301
452.0,15004
452.0,15511
452.0,20246
452.0,20415
452.0,21186
452.0,21662
452.0,28287
452.0,5082
452.05,10154
452.05,4113
452.05,6265
452.05,9756
452.0,65367
452.1,11138
452.1,30199
452.1,5111
452.15,13394
452.15,21611
452.1,6165
452.1,8705
452.2,10349
452.2,12206
452.2,13899
452.2,23152
452.2,29980
452.25,10297
452.25,17898
452.25,3569
452.25,4754
452.25,5083
452.25,6567
452.25,71874
452.3,21352
452.3,582610
452.4,100076
452.4,18676
452.4,20497
452.4,35200
452.45,14273
452.45,19416
452.4,55376
452.45,6703
452.4,8381
452.4,90137
452.5,16459
452.5,16536
452.5,17078
452.5,23641
452.5,31989
452.55,141217
452.55,23245
452.55,30972
452.55,45651
452.55,63475
452.6,168192
452.6,21210
452.65,18699
452.65,8718
452.6,95410
452.7,18006
452.7,26141
452.75,11815
452.75,5673
452.7,95173
452.8,16406
452.8,17532
452.85,13814
452.85,17864
452.85,31499
452.85,52960
452.85,67870
452.85,6824
452.8,5702
452.9,10993
452.9,16234
452.9,2690
452.9,5122
452.95,32529
452.95,37566
453.0,13838
453.0,15120
453.0,19635
453.0,24904
453.0,32046
453.0,36740
453.0,37551
453.0,51123
453.05,14593
453.05,21632
453.05,39232
453.05,3982
453.05,4114
453.0,5453
453.05,5622
453.0,69647
453.1,13693
453.1,24348
453.15,21939
453.15,25298
453.15,25492
453.15,29305
453.15,4137
453.15,4781
453.15,7229
453.2,105493
453.2,11016
453.2,13398
453.2,42253
453.25,10215
453.25,22815
453.25,36263
453.2,5862
453.25,8783
453.2,8545
453.2,91728
453.3,12378
453.3,16107
453.3,17007
453.3,18749
453.3,19969
453.3,3193
453.3,39660
453.3,39688
453.3,4091
453.35,11130
453.35,11850
453.35,11883
453.35,19897
453.3,5220
453.3,52686
453.35,47618
453.3,63232
453.3,65429
453.3,8049
453.4,10215
453.4,13657
453.4,28343
453.45,11432
453.45,13283
453.45,24587
453.45,3161
453.45,32457
453.4,7305
453.4,95817
453.5,13113
453.5,23930
453.5,29367
453.5,3645
453.5,40266
453.55,10334
453.55,16333
453.55,1884
453.55,2628
453.55,29859
453.55,91917
453.5,63190
453.6,14106
453.6,15035
453.6,1613
453.6,27676
453.6,281520
453.65,1016
453.65,11187
453.65,28321
453.65,31498
453.65,54854
453.65,72857
453.6,6666
453.7,1798
453.7,21757
453.7,2837
453.75,16917
453.75,39488
453.75,5127
453.75,7662
453.7,80683
453.8,21434
453.8,30622
453.8,4821
453.85,10778
453.85,19905
453.85,30843
453.85,53972
453.85,77828
453.8,58609
453.8,6830
453.9,11672
453.9,14488
453.9,18277
453.95,15541
453.95,2959
453.95,31634
453.95,33329
453.95,35494
453.95,52603
453.9,77202
454.0,10019
454.0,10137
454.0,10621
454.0,11368
454.0,14384
454.0,27863
454.0,32276
454.05,11972
454.05,13310
454.0,522010
454.05,22388
454.0,530612
454.05,41904
454.05,54389
454.1,120566
454.1,13306
454.1,18470
454.1,27922
454.1,43683
454.15,15987
454.15,16487
454.15,35167
454.15,3562
454.15,9975
454.1,6589
454.2,11764
454.2,13046
454.2,19532
454.2,46864
454.2,49726
454.25,10403
454.2,53903
454.25,7223
454.2,58826
454.2,77152
454.2,9215
454.3,12696
454.3,14727
454.3,21913
454.3,23612
454.3,24469
454.3,37636
454.3,43947
454.35,10487
454.35,11956
454.35,15310
454.35,32660
454.35,3988
454.35,42091
454.35,46773
454.35,4721
454.3,8889
454.4,13384
454.4,16945
454.4,21856
454.4,22281
454.4,26240
454.45,13094
454.45,13265
454.45,15597
454.45,15683
454.45,158830
454.45,29537
454.45,40547
454.45,86142
454.4,99864
454.5,15302
454.5,23519
454.5,23661
454.5,33372
454.5,36805
454.5,4075
454.5,4686
454.55,22524
454.55,27079
454.55,41507
454.55,5156
454.55,55384
454.55,72259
454.5,9068
454.6,11038
454.6,12646
454.6,15885
454.6,24388
454.6,4037
454.6,41130
454.6,46317
454.65,19578
454.65,41802
454.65,8826
454.7,11658
454.7,13893
454.7,24024
454.7,29877
454.7,32874
454.75,13217
454.75,13881
454.75,19731
454.75,21844
454.75,2335
454.75,23572
454.75,32052
454.75,38565
454.75,4552
454.75,5745
454.75,6969
454.75,7933
454.8,11903
454.8,13068
454.8,16734
454.8,33440
454.85,13215
454.85,18389
454.85,31271
454.85,5193
454.8,5738
454.85,8902
454.85,9168
454.9,11120
454.9,12912
454.9,15158
454.95,10213
454.95,15135
454.95,16742
454.95,42012
454.95,9694
454.95,9701
454.9,7530
454.9,8223
455.0,110572
455.0,12136
455.0,145249
455.0,15103
455.0,22079
455.0,26442
455.0,29409
455.0,31932
455.0,36739
455.0,39969
455.0,4039
455.05,11351
455.05,16105
455.05,22526
455.05,22961
455.05,23055
455.05,2343
455.05,2634
455.05,33250
455.05,35764
455.05,4699
455.05,6595
455.05,9422
455.0,88639
455.1,14336
455.1,23710
455.1,24867
455.1,2724
455.1,3894
455.1,4847
455.15,11093
455.15,12620
455.15,13173
455.15,18264
455.15,2525
455.1,52749
455.15,32279
455.15,3388
455.15,3399
455.15,44293
455.15,4652
455.15,52008
455.1,5589
455.15,62907
455.15,6624
455.15,6779
455.1,57299
455.1,603
455.1,6121
455.1,7459
455.1,8214
455.1,8311
455.1,8638
455.1,93545
455.1,9693
455.2,10645
455.2,11103
455.2,125430
455.2,13288
455.2,13355
455.2,14854
455.2,17726
455.2,197295
455.2,21263
455.2,3094
455.2,34606
455.2,3738
455.2,3969
455.2,4385
455.25,12753
455.25,14621
455.2,51775
455.25,1896
455.25,20998
455.25,2269
455.25,30001
455.25,32458
455.25,5840
455.2,5588
455.25,6770
455.25,7261
455.25,7753
455.25,8202
455.25,8357
455.25,9384
455.2,64006
455.2,64128
455.2,78652
455.2,9432
455.2,98186
455.3,17582
455.3,2215
455.3,28409
455.3,37395
455.3,4548
455.35,11429
455.35,13117
455.35,13270
455.35,13850
455.35,15223
455.35,36268
455.35,3998
455.35,52584
455.35,5286
455.35,58924
455.35,61706
455.35,7683
455.3,6699
455.3,75308
455.3,7572
455.3,7913
455.4,11448
455.4,14582
455.4,16881
455.4,18300
455.4,33204
455.4,41813
455.45,11962
455.45,12167
455.45,12319
455.45,1769
455.45,18849
455.4,54007
455.45,40138
455.45,4706
455.45,6276
455.45,6400
455.4,6304
455.4,6692
455.4,6762
455.4,8217
455.4,842
455.4,9555
455.5,1050
455.5,10946
455.5,13237
455.5,14462
455.5,17814
455.5,2314
455.5,24261
455.5,27184
455.5,3972
455.5,4500
455.55,11891
455.55,13310
455.55,1517
455.55,15963
455.55,174386
455.55,2146
455.55,21490
455.55,23683
455.55,2538
455.55,3743
455.55,38524
455.55,43380
455.55,5066
455.55,5527
455.55,59537
455.55,60644
455.55,67368
455.55,7685
455.55,8590
455.5,59216
455.5,6963
455.5,72366
455.5,84510
455.5,9676
455.6,12166
455.6,1905
455.6,26481
455.6,27100
455.6,2754
455.6,28621
455.6,2996
455.6,3083
455.6,3357
455.6,4984
455.65,1008
455.65,11422
455.65,11786
455.65,12186
455.65,12951
455.65,13635
455.65,20089
455.65,2258
455.65,2376
455.65,23911
455.65,2465
455.65,331102
455.65,33545
455.65,3436
455.65,3662
455.65,3894
455.65,43056
455.65,4468
455.65,5016
455.65,50638
455.65,5486
455.65,56350
455.65,6599
455.65,67459
455.65,68656
455.65,71081
455.65,7218
455.65,7653
455.6,5792
455.6,5894
455.65,9240
455.6,8184
455.6,8300
455.6,8743
455.7,11217
455.7,1426
455.7,1731
455.7,23498
455.7,27561
455.7,28664
455.7,3628
455.75,10397
455.75,1045
455.75,1634
455.75,17312
455.75,1817
455.75,1830
455.75,2047
455.75,24452
455.75,24658
455.75,30671
455.75,35138
455.75,36221
455.75,43387
455.7,5467
455.75,55262
455.75,6929
455.75,7097
455.75,7179
455.75,7492
455.75,8091
455.75,8276
455.75,92055
455.7,6438
455.7,68066
455.7,6940
455.8,10565
455.8,11250
455.8,11557
455.8,11964
455.8,12121
455.8,12419
455.8,1264
455.8,15300
455.8,16279
455.8,16518
455.8,19452
455.8,20061
455.8,2065
455.8,2411
455.8,2735
455.8,28373
455.8,32662
455.8,32908
455.8,36323
455.8,3835
455.8,4564
455.8,48616
455.85,10147
455.85,1083
455.85,10924
455.85,1139
455.85,18147
455.85,19414
455.85,2705
455.85,32713
455.85,4173
455.85,4464
455.8,55462
455.85,62316
455.85,6892
455.85,7377
455.85,8376
455.85,9135
455.85,9639
455.8,7184
455.8,7284
455.8,77976
455.8,7849
455.8,9285
455.9,11501
455.9,12865
455.9,1321
455.9,1349
455.9,14032
455.9,18665
455.9,1902
455.9,19619
455.9,2132
455.9,2147
455.9,2254
455.9,2358
455.9,24175
455.9,25405
455.9,2729
455.9,3086
455.9,31874
455.9,3229
455.9,3401
455.9,3538
455.9,35762
455.9,41527
455.9,417749
455.9,4352
455.9,4697
455.95,101016
455.95,1036
455.95,1336
455.95,13736
455.95,13989
455.95,1540
455.95,1600
455.95,16511
455.95,16982
455.95,1768
455.95,18671
455.9,52024
455.95,21014
455.95,2185
455.95,2210
455.95,2286
455.95,2467
455.95,24945
455.95,2551
455.95,29267
455.95,29605
455.95,31166
455.95,37283
455.95,3859
455.95,40659
455.95,4151
455.95,42440
455.95,44635
455.95,4642
455.95,4814
455.95,544
455.95,5650
455.95,613
455.95,64308
455.95,6611
455.95,6612
455.95,66147
455.95,66675
455.95,8196
455.95,8707
455.9,6030
455.9,6033
455.9,61538
455.9,6230
455.9,635
455.9,6743
455.9,70078
455.9,8240
455.9,8424
455.9,8455
455.9,8545
455.9,882
455.9,883
456.0,10488
456.0,11039
456.0,11173
456.0,11319
456.0,11825
456.0,1191
456.0,12613
456.0,1265
456.0,13005
456.0,1363
456.0,14354
456.0,14826
456.0,15401
456.0,15616
456.0,15991
456.0,16434
456.0,16681
456.0,17324
456.0,17627
456.0,18486
456.0,2112
456.0,2130
456.0,21427
456.0,2293
456.0,2350
456.0,2525
456.0,2561
456.0,26319
456.0,26352
456.0,27877
456.0,2795
456.0,29254
456.0,29465
456.0,3028
456.0,3119
456.0,3214
456.0,32206
456.0,3296
456.0,3302
456.0,36097
456.0,36483
456.0,37231
456.0,38136
456.0,45083
456.0,48075
456.0,49440
456.0,4961
456.05,11230
456.05,11568
456.05,12332
456.05,15679
456.05,20851
456.05,22983
456.05,25081
456.05,25342
456.05,34793
456.05,3687
456.05,3821
456.05,41541
456.05,51757
456.05,58265
456.0,5700
456.05,7909
456.0,5897
456.0,5969
456.05,9896
456.0,6008
456.0,6945
456.0,70965
456.0,7260
456.0,8139
456.0,8975
456.1,10076
456.1,10987
456.1,12992
456.1,13064
456.1,13791
456.1,14105
456.1,14138
456.1,1527
456.1,30390
456.1,4615
456.15,11316
456.15,17242
456.15,20061
456.15,21079
456.15,40751
456.15,5380
456.15,6323
456.1,9862
456.2,11060
456.2,22069
456.2,22293
456.2,4705
456.25,10069
456.25,10632
456.25,11694
456.25,19488
456.25,20593
456.25,34039
456.25,4375
456.25,58522
456.25,81767
456.25,8214
456.25,9430
456.2,6789
456.2,9202
456.2,9449
456.3,10646
456.3,14201
456.3,14671
456.3,19855
456.3,21054
456.3,23199
456.35,12250
456.35,13885
456.35,26898
456.35,6041
456.35,6158
456.35,8118
456.35,9059
456.35,9666
456.3,7066
456.3,8028
456.3,8425
456.3,9229
456.3,9699
456.4,11512
456.4,15183
456.4,15482
456.4,22193
456.4,23644
456.4,25857
456.45,11201
456.45,20847
456.45,2317
456.45,24205
456.45,6197
456.45,64539
456.45,6598
456.45,8350
456.45,9154
456.4,72375
456.4,73276
456.5,10572
456.5,15734
456.5,17549
456.5,20909
456.5,28152
456.5,29916
456.5,31596
456.5,32681
456.5,36115
456.5,36260
456.5,4143
456.5,4328
456.55,12821
456.55,12978
456.55,13043
456.55,16315
456.55,17433
456.55,19584
456.55,4876
456.55,5707
456.55,5865
456.5,6606
456.5,7314
456.5,7697
456.5,8389
456.6,10853
456.6,11038
456.6,14900
456.6,1829
456.6,22575
456.6,23423
456.6,3024
456.6,37369
456.65,13221
456.65,15385
456.65,24755
456.65,26478
456.65,27429
456.65,49293
456.65,5519
456.65,60678
456.65,6920
456.6,7457
456.6,7593
456.6,9220
456.7,11844
456.7,12163
456.7,13318
456.7,142820
456.7,15032
456.7,15206
456.7,16231
456.7,20773
456.7,21562
456.7,3658
456.75,13379
456.75,15067
456.75,16648
456.75,18492
456.75,19055
456.75,21112
456.75,22335
456.75,25481
456.75,2749
456.75,30562
456.75,38837
456.7,5438
456.7,6402
456.7,8041
456.7,8519
456.8,10073
456.8,18158
456.8,18307
456.8,19919
456.8,22444
456.8,3115
456.8,3739
456.8,3778
456.8,50421
456.85,11412
456.85,14485
456.85,16226
456.85,20117
456.85,20611
456.85,31058
456.85,6960
456.85,8024
456.8,6279
456.8,9719
456.9,107237
456.9,11293
456.9,11649
456.9,11935
456.9,12680
456.9,13672
456.9,13829
456.9,14902
456.9,5079
456.95,11661
456.95,13296
456.95,13583
456.95,13608
456.95,19159
456.95,24192
456.95,24374
456.95,24692
456.95,44926
456.9,5562
456.95,6621
456.95,8100
456.9,62972
456.9,64782
456.9,6980
456.9,7709
456.9,7868
456.9,8222
456.9,83725
457.0,10959
457.0,11666
457.0,11962
457.0,12541
457.0,13289
457.0,13645
457.0,14803
457.0,17580
457.0,18076
457.0,18722
457.0,19588
457.0,197140
457.0,21356
457.0,23137
457.0,29641
457.0,32429
457.0,32509
457.0,3794
457.0,38179
457.0,38603
457.0,49733
457.05,10535
457.05,10672
457.05,114281
457.05,11570
457.05,12811
457.05,12882
457.05,22576
457.05,23009
457.05,26947
457.05,3493
457.05,36052
457.05,37026
457.05,43157
457.05,44319
457.0,5773
457.05,8520
457.0,7483
457.0,77804
457.0,8034
457.0,9401
457.0,9731
457.1,11624
457.1,12039
457.1,12465
457.1,14460
457.1,14724
457.1,17716
457.1,21753
457.15,10595
457.15,11434
457.15,16770
457.15,17070
457.15,19581
457.15,1984
457.15,26085
457.15,33612
457.15,33893
457.15,36537
457.15,43164
457.15,4401
457.15,47726
457.15,7938
457.15,8251
457.15,83419
457.1,67263
457.1,7906
457.1,8343
457.1,87038
457.2,14630
457.2,15644
457.2,18605
457.2,22413
457.2,2418
457.2,27856
457.25,12515
457.25,138279
457.25,17445
457.25,33050
457.25,37132
457.25,47766
457.25,4815
457.25,5740
457.25,6924
457.25,75697
457.2,7643
457.3,11015
457.3,13503
457.3,14648
457.3,148470
457.3,18439
457.3,21822
457.3,32544
457.3,3599
457.3,39348
457.3,4557
457.3,49620
457.35,143225
457.35,15438
457.35,188669
457.35,27005
457.35,4460
457.35,4651
457.35,5488
457.35,82716
457.3,5869
457.3,7963
457.4,10057
457.4,10425
457.4,12687
457.4,14228
457.4,16081
457.4,17684
457.4,19272
457.4,28388
457.4,41111
457.45,13574
457.45,23777
457.45,5087
457.4,57522
457.4,62221
457.4,6448
457.4,7700
457.4,92955
457.5,14208
457.5,15459
457.5,15899
457.5,16489
457.5,18157
457.5,25051
457.5,30485
457.5,3983
457.5,4013
457.55,150695
457.55,15940
457.55,17784
457.55,19012
457.55,2142
457.55,22639
457.55,22761
457.55,37062
457.55,39789
457.55,5278
457.55,7089
457.55,9252
457.5,7203
457.5,74391
457.5,9044
457.6,12285
457.6,16434
457.6,19231
457.6,24439
457.6,2488
457.6,26098
457.6,39702
457.6,40728
457.6,44930
457.65,11242
457.65,153410
457.65,25646
457.65,26107
457.65,51545
457.65,7167
457.6,57428
457.65,7463
457.6,72710
457.7,12033
457.7,14702
457.7,19987
457.7,21603
457.7,21695
457.7,25043
457.7,44587
457.75,106452
457.75,134000
457.75,16668
457.75,18322
457.75,245094
457.75,4270
457.75,8225
457.75,87447
457.7,5894
457.7,7837
457.7,9026
457.7,9920
457.8,11085
457.8,19712
457.8,25706
457.8,26877
457.8,28559
457.8,31907
457.8,3869
457.85,11262
457.85,12524
457.85,20111
457.85,20337
457.85,2264
457.85,27057
457.85,27919
457.85,34823
457.85,36231
457.85,5073
457.85,54739
457.85,60214
457.85,6613
457.85,80345
457.85,9890
457.8,69329
457.8,7193
457.8,7714
457.8,78894
457.8,8224
457.8,8512
457.9,10452
457.9,14601
457.9,15008
457.9,15591
457.9,19546
457.9,22034
457.9,25428
457.9,3737
457.9,40096
457.9,41139
457.9,42254
457.9,42621
457.9,47905
457.95,11985
457.95,12100
457.95,14542
457.95,19337
457.95,20780
457.95,2483
457.95,3494
457.9,5404
457.95,44597
457.95,45770
457.9,54808
457.95,49324
457.95,6023
457.95,65267
457.95,69738
457.95,82523
457.95,83417
457.95,9020
457.9,62448
457.9,6641
457.9,74497
457.9,78233
457.9,8595
457.9,9921
458.0,10775
458.0,111079
458.0,13171
458.0,13583
458.0,13725
458.0,15813
458.0,16881
458.0,17177
458.0,18142
458.0,1921
458.0,21115
458.0,21595
458.0,26186
458.0,27946
458.0,28243
458.0,3158
458.0,344599
458.0,35009
458.0,36490
458.0,3724
458.0,38894
458.0,39631
458.0,43755
458.0,44691
458.0,45758
458.0,47132
458.0,49700
458.05,11228
458.05,11822
458.05,158363
458.05,16574
458.0,51677
458.05,18744
458.05,19519
458.05,22321
458.05,4557
458.05,4755
458.0,54801
458.05,51329
458.05,51775
458.05,53984
458.05,5882
458.05,5913
458.0,55927
458.05,6138
458.05,6393
458.05,6416
458.05,6705
458.05,7767
458.0,58664
458.0,6102
458.0,6303
458.0,67158
458.0,68841
458.0,7079
458.0,74145
458.0,76764
458.0,94616
458.1,13913
458.1,14840
458.1,1526
458.1,20630
458.1,2477
458.1,25564
458.1,27788
458.1,30258
458.1,4240
458.1,44080
458.15,12914
458.15,18208
458.15,20771
458.15,24884
458.15,28101
458.15,3166
458.15,3171
458.1,55139
458.15,54244
458.1,5569
458.15,7018
458.15,7633
458.15,81299
458.15,8208
458.15,85505
458.1,7701
458.1,8053
458.1,8994
458.2,12476
458.2,17252
458.2,20311
458.2,21096
458.2,2349
458.2,2686
458.2,2757
458.2,28819
458.2,30001
458.2,3060
458.2,31930
458.2,4681
458.25,10728
458.25,12627
458.25,13604
458.25,140738
458.25,14298
458.25,15680
458.25,17680
458.25,2167
458.25,22839
458.25,2323
458.25,23368
458.25,32191
458.25,48999
458.25,51822
458.25,5486
458.25,5948
458.25,6323
458.25,6339
458.25,6622
458.25,67220
458.25,9790
458.2,6919
458.2,8093
458.2,8331
458.3,17074
458.3,3062
458.3,3208
458.3,40893
458.3,42811
458.3,4714
458.35,11424
458.35,12531
458.35,13828
458.35,13984
458.35,18820
458.35,19837
458.35,20138
458.35,2335
458.35,27551
458.35,3078
458.35,3251
458.35,3456
458.35,41108
458.35,4586
458.35,7047
458.35,8154
458.35,8948
458.3,6069
458.3,6485
458.3,6839
458.3,7620
458.3,7766
458.3,8113
458.3,8300
458.3,96454
458.4,13165
458.4,14582
458.4,14670
458.4,16298
458.4,18209
458.4,22505
458.4,24182
458.4,25015
458.4,40396
458.4,4571
458.45,10391
458.4,5142
458.45,15055
458.45,17377
458.45,2036
458.45,2065
458.45,24433
458.45,31509
458.45,34756
458.45,42391
458.45,43739
458.45,49515
458.45,52973
458.4,5556
458.45,6628
458.45,6846
458.45,6942
458.45,6945
458.4,57461
458.45,8043
458.4,6712
458.4,7640
458.4,89134
458.5,11704
458.5,122004
458.5,13195
458.5,13350
458.5,13710
458.5,1438
458.5,15049
458.5,15419
458.5,22211
458.5,23086
458.5,24073
458.5,24730
458.5,26040
458.5,29323
458.5,3183
458.5,32986
458.5,3337
458.5,4528
458.5,45579
458.5,4677
458.5,4850
458.5,48502
458.55,13422
458.55,14144
458.55,15723
458.55,16489
458.55,24892
458.55,26435
458.55,27146
458.55,28343
458.5,5416
458.55,46761
458.55,4908
458.55,5622
458.55,7377
458.5,6213
458.5,6418
458.5,6914
458.5,8574
458.6,12053
458.6,13243
458.6,15159
458.6,21544
458.6,21977
458.6,232737
458.6,25436
458.6,25892
458.6,33630
458.6,36143
458.6,4871
458.65,101285
458.65,14872
458.65,21089
458.65,5800
458.65,6082
458.65,7349
458.65,8001
458.65,8167
458.6,6194
458.6,7275
458.6,7357
458.6,7531
458.6,8152
458.7,10387
458.7,10431
458.7,11408
458.7,11701
458.7,15270
458.7,17369
458.7,18098
458.7,18546
458.7,21561
458.7,25747
458.7,27105
458.7,5038
458.75,106142
458.75,13383
458.75,26653
458.75,29276
458.75,30617
458.75,3601
458.75,42484
458.7,5441
458.75,58340
458.75,6611
458.75,7677
458.75,78567
458.75,8398
458.75,9160
458.75,9604
458.7,62267
458.7,69557
458.7,7869
458.7,9101
458.8,100230
458.8,13311
458.8,150628
458.8,15974
458.8,162758
458.8,17509
458.8,225752
458.8,26431
458.8,38697
458.8,39898
458.8,4450
458.8,4517
458.85,13114
458.85,14241
458.85,25145
458.85,25898
458.85,28270
458.8,5334
458.8,5415
458.85,6138
458.85,6228
458.85,7239
458.85,7358
458.85,9055
458.85,9636
458.8,6203
458.8,6305
458.8,6688
458.8,7001
458.8,7205
458.8,7425
458.8,9029
458.9,11188
458.9,11606
458.9,165241
458.9,209961
458.9,21640
458.9,41834
458.9,42795
458.9,4300
458.9,4521
458.95,10078
458.95,128841
458.95,135986
458.95,13856
458.95,14074
458.95,15883
458.95,16516
458.95,181657
458.95,19131
458.95,23482
458.95,27711
458.95,28492
458.95,32543
458.95,4256
458.9,55096
458.95,6239
458.95,6389
458.95,6457
458.9,56631
458.95,6685
458.9,5695
458.95,7807
458.95,7866
458.95,8426
458.95,9540
458.9,8186
458.9,9277
458.9,9361
458.9,9693
459.0,101418
459.0,10453
459.0,10516
459.0,110019
459.0,13462
459.0,137918
459.0,152572
459.0,157935
459.0,16976
459.0,17993
459.0,23414
459.0,24784
459.0,25042
459.0,255033
459.0,26527
459.0,28589
459.0,2953
459.0,29715
459.0,35413
459.0,36833
459.0,3821
459.0,4070
459.0,4138
459.0,42491
459.0,45907
459.0,4603
459.05,10003
459.05,18446
459.05,25029
459.05,30073
459.05,3199
459.05,3826
459.0,5396
459.05,39666
459.05,47448
459.05,4833
459.05,49580
459.05,51493
459.05,5958
459.05,6370
459.0,5827
459.05,8455
459.0,6048
459.0,6094
459.0,6142
459.0,8357
459.0,8516
459.0,9828
459.1,10335
459.1,11684
459.1,18763
459.1,30319
459.1,37425
459.1,4399
459.1,49509
459.15,11265
459.15,11801
459.15,121985
459.1,5122
459.15,130485
459.15,17725
459.15,20360
459.15,21138
459.15,2320
459.15,27658
459.1,53701
459.15,4179
459.1,5506
459.15,5099
459.15,5723
459.1,5610
459.15,6167
459.15,61816
459.15,8049
459.15,86305
459.15,9304
459.1,9065
459.1,9744
459.1,9747
459.2,11095
459.2,113291
459.2,11889
459.2,142021
459.2,17580
459.2,20676
459.2,20884
459.2,30930
459.2,31028
459.2,37495
459.25,13590
459.25,16396
459.25,29340
459.25,30743
459.25,5143
459.25,57998
459.25,6375
459.25,6386
459.25,8049
459.25,8425
459.2,5985
459.2,7722
459.2,8900
459.3,11539
459.3,11686
459.3,13565
459.3,18860
459.3,19343
459.3,26948
459.3,40845
459.3,43537
459.3,5103
459.35,12140
459.35,12333
459.35,14534
459.35,15509
459.35,15756
459.35,15757
459.35,19910
459.35,45313
459.3,55460
459.35,6044
459.35,6120
459.35,9178
459.3,6832
459.3,6880
459.3,7451
459.3,7886
459.3,87161
459.3,9836
459.4,13726
459.4,14522
459.4,16530
459.4,22674
459.4,27716
459.4,28805
459.4,3133
459.4,3677
459.4,4414
459.45,10915
459.45,12145
459.45,1467
459.45,19252
459.45,38413
459.45,4349
459.45,5739
459.4,5649
459.45,7217
459.45,7755
459.45,85684
459.45,9377
459.45,9501
459.4,6352
459.4,6441
459.4,6898
459.4,73310
459.4,7394
459.4,8748
459.5,15740
459.5,16799
459.5,17234
459.5,17644
459.5,18852
459.5,26719
459.5,29742
459.5,427164
459.5,4366
459.55,12305
459.55,12998
459.55,132144
459.55,14552
459.55,15998
459.55,1943
459.55,22443
459.55,2892
459.55,33882
459.55,5108
459.55,5292
459.55,53218
459.55,5374
459.55,5954
459.55,6253
459.55,76183
459.55,9052
459.55,9861
459.5,64286
459.5,6547
459.5,6583
459.5,6607
459.5,7001
459.5,7055
459.5,79018
459.5,9943
459.6,10318
459.6,11259
459.6,13294
459.6,14635
459.6,148711
459.6,21611
459.6,22479
459.6,24182
459.6,25287
459.6,4725
459.65,10471
459.65,10802
459.65,117638
459.65,14272
459.65,16000
459.65,18279
459.6,51976
459.65,20277
459.65,23535
459.65,25713
459.65,34902
459.65,37026
459.65,4032
459.65,4188
459.65,51028
459.65,6390
459.65,6397
459.65,6629
459.65,72090
459.65,7227
459.6,6060
459.6,6885
459.6,8018
459.6,89926
459.7,11767
459.7,12497
459.7,13209
459.7,13529
459.7,17664
459.7,18658
459.7,3681
459.75,10922
459.75,11532
459.75,13538
459.75,18503
459.75,23842
459.75,3516
459.75,4008
459.75,4454
459.75,4519
459.75,48340
459.7,5490
459.75,5168
459.75,6062
459.75,6283
459.75,8434
459.75,9384
459.75,9901
459.75,9926
459.7,9502
459.8,100031
459.8,111705
459.8,129564
459.8,13812
459.8,15998
459.8,21202
459.8,34523
459.8,41689
459.8,4815
459.85,10351
459.85,12361
459.85,18258
459.85,18581
459.85,198091
459.85,211066
459.85,21856
459.85,22876
459.85,25606
459.85,2742
459.8,553647
459.85,5564
459.85,600373
459.85,6229
459.85,63597
459.85,6462
459.85,6649
459.85,6745
459.85,8378
459.85,9998
459.8,70514
459.8,7503
459.8,7651
459.9,10470
459.9,14021
459.9,17785
459.9,25214
459.9,27884
459.9,29236
459.9,31113
459.9,48201
459.9,4903
459.95,10889
459.95,11037
459.95,11462
459.95,15387
459.95,158804
459.95,18994
459.9,52402
459.95,24151
459.95,27974
459.95,30633
459.95,37569
459.95,41751
459.95,48731
459.95,4924
459.95,5779
459.95,6274
459.95,6368
459.9,57052
459.95,7575
459.95,9793
459.95,9897
459.9,6009
459.9,6223
459.9,6619
459.9,7957
459.9,7986
460.0,11229
460.0,11580
460.0,11875
460.0,12226
460.0,12428
460.0,127764
460.0,13460
460.0,151190
460.0,15894
460.0,16946
460.0,177208
460.0,17843
460.0,17943
460.0,18608
460.0,1896
460.0,19412
460.0,19730
460.0,19880
460.0,20867
460.0,20886
460.0,21121
460.0,21183
460.0,23584
460.0,25018
460.0,25336
460.0,27466
460.0,29466
460.0,3334
460.0,3395
460.0,34022
460.0,35974
460.0,36254
460.0,37422
460.0,38010
460.0,39579
460.0,401602
460.05,100335
460.05,11016
460.05,12027
460.05,13566
460.05,204563
460.05,2050
460.05,22272
460.05,23318
460.0,5281
460.05,33997
460.05,3766
460.05,37801
460.0,54748
460.05,9198
460.05,9243
460.05,9249
460.0,6413
460.0,6713
460.0,69476
460.0,7032
460.0,70734
460.0,73520
460.0,8384
460.1,13085
460.1,13472
460.1,16965
460.1,19321
460.1,21337
460.1,2214
460.1,29721
460.1,3416
460.1,3451
460.1,3468
460.1,34980
460.1,4345
460.1,4422
460.15,1532
460.15,17608
460.15,18670
460.15,27724
460.15,29760
460.15,4074
460.15,4105
460.15,4188
460.15,4811
460.15,5337
460.15,5413
460.15,5752
460.15,5842
460.15,8070
460.1,5925
460.15,9530
460.1,61900
460.1,6955
460.1,8448
460.2,10256
460.2,10616
460.2,107135
460.2,15631
460.2,22978
460.2,41478
460.2,4728
460.25,10954
460.25,11044
460.25,12557
460.25,15291
460.25,15607
460.25,20205
460.25,20591
460.25,2551
460.25,27298
460.2,54260
460.25,46490
460.25,8444
460.2,7518
460.2,7819
460.2,8267
460.2,9272
460.3,10530
460.3,12128
460.3,14948
460.3,18126
460.3,22528
460.3,26346
460.3,3367
460.3,4041
460.3,4235
460.3,49298
460.35,10906
460.35,128340
460.35,17116
460.35,1719
460.35,1862
460.35,18656
460.35,3327
460.35,34633
460.35,40055
460.35,4154
460.35,4617
460.35,57723
460.35,6254
460.35,6595
460.35,72810
460.35,8042
460.35,8746
460.35,9369
460.3,6203
460.3,6930
460.3,9747
460.4,100492
460.4,13723
460.4,15147
460.4,16354
460.4,30599
460.4,3738
460.4,374156
460.4,3757
460.45,1029
460.45,1069
460.45,10966
460.45,12976
460.45,14050
460.45,16972
460.45,1759
460.45,263145
460.45,2944
460.45,3000
460.4,5311
460.45,3745
460.45,4664
460.45,5192
460.45,72532
460.45,7675
460.45,8186
460.4,5881
460.45,9161
460.4,6328
460.4,66249
460.4,9092
460.5,12151
460.5,14264
460.5,17106
460.5,21889
460.5,26686
460.5,3069
460.5,3589
460.5,5019
460.55,10085
460.55,11286
460.55,13371
460.55,1509
460.55,1609
460.55,24368
460.55,2610
460.55,5779
460.55,6524
460.55,7105
460.5,6441
460.5,7513
460.5,8051
460.5,8268
460.5,8612
460.5,93024
460.6,10848
460.6,20717
460.6,25709
460.6,27188
460.6,35171
460.6,35283
460.6,49472
460.65,12585
460.65,19648
460.65,2307
460.65,30135
460.65,36975
460.65,3900
460.65,5556
460.65,60210
460.65,6327
460.65,7863
460.65,7951
460.6,58088
460.65,8787
460.65,8881
460.65,9055
460.65,9299
460.6,6008
460.6,6767
460.6,8247
460.6,8320
460.6,8729
460.7,1285
460.7,16848
460.7,17211
460.7,23264
460.7,2709
460.7,3076
460.7,40559
460.7,4537
460.7,4697
460.7,50618
460.75,11347
460.7,5149
460.7,5203
460.75,28421
460.75,30133
460.75,4270
460.75,4291
460.75,4792
460.75,4805
460.75,5404
460.7,5557
460.75,5657
460.75,5675
460.75,81427
460.7,8546
460.7,9143
460.8,11772
460.8,12297
460.8,12557
460.8,12938
460.8,13715
460.8,17183
460.8,20845
460.8,22481
460.8,24972
460.8,31519
460.8,31852
460.8,3186
460.8,3428
460.8,3473
460.8,48967
460.8,5001
460.85,10597
460.85,11268
460.8,5136
460.85,20150
460.85,3983
460.85,6215
460.85,66757
460.85,7280
460.85,7453
460.85,7466
460.8,7785
460.8,7910
460.8,8873
460.8,9186
460.8,9228
460.9,11925
460.9,14945
460.9,18114
460.9,2595
460.9,2660
460.9,28863
460.9,3434
460.9,4191
460.95,10888
460.95,1191
460.95,13358
460.95,16869
460.95,18799
460.95,22191
460.95,25200
460.95,3116
460.95,4680
460.95,51840
460.95,5382
460.95,6042
460.95,8131
460.95,8339
460.9,5865
460.9,6040
460.9,7916
461.0,10863
461.0,11533
461.0,12082
461.0,12101
461.0,12991
461.0,13054
461.0,1762
461.0,20272
461.0,21498
461.0,2546
461.0,3606
461.0,3751
461.0,47274
461.0,5042
461.05,21124
461.05,2203
461.05,24119
461.05,3153
461.05,37155
461.05,49317
461.05,6262
461.0,573897
461.05,8420
461.0,6091
461.0,7204
461.0,7468
461.0,7900
461.0,8122
461.0,8175
461.0,8704
461.0,8913
461.0,9567
461.1,10011
461.1,10200
461.1,10241
461.1,10753
461.1,14205
461.1,21318
461.1,2939
461.1,4369
461.15,10981
461.15,17017
461.15,27230
461.15,3538
461.1,54259
461.15,8622
461.15,8721
461.1,9168
461.1,9915
461.2,10435
461.2,14084
461.2,16541
461.2,17313
461.2,25127
461.2,2748
461.2,33125
461.2,5151
461.25,16122
461.25,17835
461.25,4153
461.25,6986
461.25,8809
461.2,7766
461.2,7990
461.2,8600
461.2,86621
461.2,8959
461.3,10216
461.3,11082
461.3,15020
461.3,17104
461.3,18862
461.3,19840
461.3,24279
461.3,3472
461.3,34975
461.3,46100
461.35,12807
461.35,13941
461.35,18309
461.35,2684
461.35,2855
461.35,2964
461.35,3229
461.35,33315
461.35,4463
461.35,4851
461.35,5730
461.35,6265
461.35,7746
461.35,8205
461.35,8791
461.3,7066
461.3,93041
461.3,9839
461.4,125040
461.4,179767
461.4,19352
461.4,20411
461.4,4033
461.45,11838
461.45,200970
461.45,2266
461.45,31692
461.45,4086
461.4,5428
461.45,45739
461.45,7521
461.45,9866
461.5,10724
461.5,258977
461.5,3752
461.5,4700
461.55,22514
461.55,28360
461.55,2884
461.55,6944
461.55,7265
461.55,7496
461.5,5806
461.5,8074
461.5,8112
461.5,88654
461.6,15285
461.6,22345
461.6,34490
461.6,4681
461.65,13312
461.65,13768
461.65,23906
461.65,2654
461.65,3085
461.65,46132
461.65,6255
461.65,67790
461.65,79536
461.6,6047
461.6,7349
461.6,7822
461.7,25959
461.7,282196
461.7,33089
461.7,3448
461.7,40665
461.75,15754
461.75,17083
461.75,19887
461.75,22104
461.75,2267
461.75,2671
461.75,29106
461.75,39437
461.75,44555
461.7,5499
461.75,5994
461.75,8790
461.7,6014
461.7,6925
461.7,84104
461.7,84477
461.7,8884
461.8,125900
461.8,15197
461.8,15983
461.8,21742
461.8,2399
461.8,27294
461.8,29320
461.85,14222
461.85,15405
461.85,17208
461.85,25368
461.85,31737
461.85,38296
461.85,5217
461.85,5609
461.85,74619
461.8,6371
461.8,68370
461.8,9551
461.9,13628
461.9,14643
461.9,1998
461.9,20100
461.9,24695
461.9,32451
461.9,4889
461.95,11145
461.95,12090
461.9,5381
461.95,61452
461.95,77135
461.95,9648
461.9,6276
462.0,10637
462.0,12329
462.0,16354
462.0,18902
462.0,20661
462.0,23649
462.0,27190
462.0,30213
462.0,31028
462.0,4936
462.0,49896
462.0,50243
462.05,26901
462.05,38713
462.0,53975
462.05,4203
462.05,46024
462.0,5463
462.0,5492
462.05,6150
462.0,59171
462.0,86433
462.0,8711
462.0,8777
462.0,90600
462.1,11120
462.1,1197
462.1,13689
462.1,178191
462.1,41952
462.1,42675
462.1,4289
462.1,44238
462.1,50139
462.15,10176
462.15,137494
462.15,14579
462.15,18601
462.15,18925
462.15,21275
462.1,5225
462.15,37790
462.15,4468
462.15,61985
462.15,6845
462.15,8296
462.1,6350
462.1,7831
462.1,8177
462.2,12871
462.2,19309
462.2,26893
462.2,319220
462.25,10247
462.25,15590
462.25,16174
462.25,18019
462.25,21323
462.25,22177
462.25,25652
462.25,25752
462.25,27347
462.25,32326
462.25,49326
462.25,60199
462.25,7253
462.2,58465
462.25,9249
462.25,9862
462.2,6391
462.2,6423
462.2,7536
462.2,7939
462.2,9725
462.3,101634
462.3,14658
462.3,14966
462.3,15188
462.3,22089
462.3,3400
462.3,3554
462.3,40983
462.35,110733
462.35,121422
462.35,18499
462.35,20068
462.35,35692
462.35,40388
462.35,45064
462.35,4536
462.35,49892
462.35,53447
462.35,61645
462.35,63851
462.35,78679
462.3,5855
462.3,7643
462.3,8791
462.3,9321
462.4,14880
462.4,15183
462.4,19421
462.4,20755
462.4,2637
462.4,33935
462.4,3538
462.4,3726
462.4,38138
462.4,4408
462.45,10891
462.45,2364
462.45,2408
462.45,30461
462.45,37912
462.45,4517
462.45,4760
462.45,6289
462.45,6405
462.45,6612
462.45,7428
462.4,7969
462.4,8839
462.4,99650
462.5,11061
462.5,11696
462.5,11808
462.5,12138
462.5,12825
462.5,14044
462.5,18858
462.5,21998
462.5,24038
462.5,33696
462.5,3675
462.5,46668
462.5,5094
462.55,13470
462.5,51391
462.55,15206
462.55,15379
462.55,16055
462.55,2787
462.55,31491
462.55,5604
462.55,6658
462.55,6792
462.5,5951
462.55,9805
462.5,63205
462.5,6475
462.5,97762
462.6,11179
462.6,19743
462.6,19948
462.6,4046
462.6,5246
462.65,31564
462.65,3320
462.65,35792
462.65,5495
462.65,64109
462.6,57066
462.65,8163
462.6,5871
462.6,6623
462.6,8249
462.6,8586
462.6,8990
462.7,11068
462.7,11207
462.7,12958
462.7,151702
462.7,22212
462.7,35541
462.7,4428
462.7,4813
462.75,12356
462.75,16177
462.75,21248
462.75,24196
462.75,29067
462.7,5414
462.75,57771
462.75,60491
462.75,9836
462.7,6013
462.7,7419
462.7,7467
462.7,9464
462.7,9670
462.8,10534
462.8,114407
462.8,17228
462.8,17710
462.8,20241
462.8,2954
462.8,30281
462.8,38890
462.8,4281
462.8,4345
462.85,10923
462.85,22494
462.85,26019
462.85,3964
462.85,4104
462.85,4938
462.85,67122
462.85,7644
462.8,62705
462.8,7445
462.9,11105
462.9,12691
462.9,16486
462.9,3341
462.95,10788
462.95,3507
462.95,35851
462.95,3969
462.95,5080
462.9,59673
462.9,60771
462.9,6991
463.0,136904
463.0,17785
463.0,24320
463.0,25717
463.0,29218
463.0,31496
463.0,3449
463.0,36952
463.0,45973
463.05,23439
463.05,23457
463.05,2845
463.05,29742
463.05,3871
463.0,5445
463.05,6883
463.05,9114
463.0,6704
463.0,6901
463.0,9685
463.1,11350
463.1,15877
463.1,21757
463.1,24064
463.1,24231
463.1,25760
463.1,46609
463.15,10483
463.15,14330
463.15,35014
463.15,8517
463.1,6291
463.1,63498
463.1,7357
463.1,7421
463.1,7677
463.1,8978
463.2,11269
463.2,14696
463.2,182679
463.2,2338
463.2,3418
463.2,36619
463.2,40825
463.25,104119
463.25,10787
463.25,14536
463.25,15661
463.25,17634
463.25,26862
463.25,44756
463.25,4572
463.25,50250
463.25,7318
463.2,6076
463.2,9223
463.2,9872
463.3,12378
463.3,16021
463.3,19126
463.3,33554
463.3,3830
463.35,14620
463.35,2408
463.35,25877
463.35,51201
463.3,5778
463.3,80934
463.4,30703
463.4,4218
463.45,15488
463.45,18066
463.45,3634
463.45,43122
463.45,58610
463.45,69617
463.4,6172
463.4,79841
463.5,12988
463.5,18540
463.5,19032
463.5,20219
463.5,232586
463.5,26621
463.5,26635
463.55,10086
463.55,101783
463.5,51083
463.55,13303
463.55,21392
463.55,24222
463.5,5600
463.55,6787
463.5,75859
463.5,8928
463.6,185405
463.6,20406
463.6,23106
463.6,2835
463.6,41649
463.65,10260
463.65,42726
463.6,5942
463.6,60532
463.6,7100
463.6,8268
463.7,17672
463.7,20011
463.7,24981
463.7,3559
463.75,120214
463.75,16864
463.75,53970
463.8,110087
463.8,11046
463.8,12193
463.8,23091
463.8,26518
463.8,5091
463.85,12962
463.85,15340
463.85,16182
463.85,22988
463.85,2473
463.85,29157
463.85,36828
463.8,55823
463.85,59998
463.85,66458
463.85,8100
463.8,8603
463.9,112666
463.9,12098
463.9,12354
463.9,12370
463.9,12410
463.9,12561
463.9,19273
463.9,49136
463.95,10711
463.95,11318
463.95,12363
463.95,23596
463.95,23647
463.95,32629
463.95,86305
463.9,9079
464.0,11995
464.0,124389
464.0,15378
464.0,16156
464.0,18269
464.0,18532
464.0,26769
464.0,27193
464.0,28039
464.0,30722
464.0,49521
464.05,10114
464.05,11251
464.05,12508
464.05,12716
464.05,12869
464.05,12975
464.05,14675
464.05,16003
464.05,18622
464.05,52481
464.0,6465
464.0,83579
464.1,14258
464.1,31202
464.1,3603
464.15,15533
464.15,28821
464.15,3545
464.1,68972
464.2,10119
464.2,10445
464.2,23986
464.2,3649
464.2,44183
464.25,111432
464.25,131832
464.25,17039
464.25,20870
464.25,24034
464.2,52847
464.25,4612
464.25,5836
464.25,758
464.25,83562
464.2,87546
464.3,13530
464.3,16659
464.35,1360
464.35,14015
464.35,51933
464.35,6103
464.3,56955
464.35,73739
464.3,688049
464.4,2605
464.4,2863
464.4,39405
464.4,4208
464.4,42998
464.45,11801
464.45,12533
464.45,2728
464.45,29121
464.45,5455
464.45,59676
464.5,11588
464.5,127894
464.5,14025
464.5,16726
464.5,21913
464.5,32468
464.5,4071
464.5,4558
464.55,10468
464.55,18274
464.55,22374
464.55,25477
464.55,35190
464.5,6972
464.6,16426
464.6,17683
464.6,21273
464.6,21501
464.6,2560
464.65,14302
464.65,18422
464.65,20643
464.65,27590
464.65,35569
464.65,38722
464.65,51435
464.65,8001
464.6,7247
464.6,79063
464.7,10313
464.7,13060
464.7,38076
464.75,10304
464.75,17492
464.75,27433
464.75,31164
464.75,31267
464.75,50972
464.75,5225
464.75,60324
464.75,80074
464.7,5883
464.75,8950
464.7,7920
464.7,92450
464.8,14015
464.8,37720
464.85,12387
464.85,53598
464.85,6216
464.8,57687
464.8,58638
464.85,91284
464.9,11052
464.9,13887
464.9,14371
464.9,15661
464.9,15889
464.9,171018
464.9,19312
464.9,41244
464.95,10071
464.95,13203
464.95,13293
464.95,43481
464.9,7229
464.9,85155
465.0,106944
465.0,11453
465.0,16008
465.0,17778
465.0,17906
465.0,18174
465.0,42528
465.0,46995
465.05,12865
465.05,25067
465.05,7898
465.0,6986
465.0,82524
465.0,884610
465.1,109484
465.15,30208
465.1,56745
465.15,70866
465.1,8574
465.2,15127
465.2,51653
465.25,17635
465.25,193581
465.25,44662
465.25,45040
465.25,53300
465.25,6652
465.25,69123
465.3,105448
465.3,29498
465.35,13936
465.35,20040
465.35,44315
465.3,63892
465.4,30849
465.45,111502
465.45,128838
465.45,14220
465.45,72327
465.5,20965
465.5,35477
465.55,132138
465.55,56169
465.6,13165
465.65,101045
465.65,177057
465.65,41603
465.6,57658
465.75,56610
465.7,74267
465.7,81295
465.7,88374
465.7,88872
465.7,9522
465.85,16361
465.85,18475
465.85,19622
465.85,22685
465.85,23262
465.85,34659
465.8,5788
465.9,171598
465.95,117819
466.0,115627
466.0,128470
466.0,130910
466.0,199249
466.0,21118
466.0,2234
466.0,42068
466.0,4387
466.05,131726
466.05,134592
466.05,16385
466.05,38424
466.0,7196
466.1,13002
466.1,22145
466.1,47021
466.15,10300
466.15,12072
466.15,142949
466.15,17713
466.15,47536
466.2,13069
466.2,155207
466.2,40002
466.25,21088
466.25,23301
466.25,25372
466.25,37401
466.25,3786
466.25,52878
466.25,80696
466.3,29153
466.3,3852
466.3,50767
466.35,11404
466.35,17105
466.3,5262
466.35,2851
466.35,3002
466.35,37659
466.35,5548
466.35,5996
466.35,60162
466.35,96189
466.3,8465
466.3,9599
466.4,15283
466.4,46318
466.45,11385
466.45,12384
466.4,8593
466.5,10332
466.5,12810
466.5,13880
466.5,143599
466.5,17845
466.5,18937
466.5,3302
466.5,42197
466.55,12187
466.55,12748
466.55,153755
466.55,19698
466.55,27149
466.5,5356
466.55,36272
466.55,37719
466.5,5382
466.55,44388
466.55,46689
466.55,67186
466.5,8607
466.5,9184
466.6,12155
466.6,13162
466.6,22873
466.6,28763
466.65,10625
466.65,107761
466.65,20781
466.65,38952
466.65,4962
466.65,75369
466.65,7990
466.6,7058
466.6,7423
466.6,7917
466.6,9155
466.7,12043
466.7,150422
466.7,15194
466.7,18905
466.7,25208
466.7,35091
466.7,38684
466.7,45184
466.75,12807
466.75,17278
466.75,21108
466.75,34591
466.75,59947
466.75,6183
466.7,56870
466.75,76135
466.75,86614
466.7,8492
466.8,14027
466.8,20391
466.8,24575
466.85,10325
466.85,21056
466.85,23852
466.85,25732
466.85,27218
466.85,30099
466.85,39791
466.85,65300
466.8,97093
466.9,113998
466.9,12861
466.9,33482
466.9,45644
466.95,111056
466.95,115403
466.95,15179
466.95,21856
466.95,22230
466.95,25046
466.95,31108
466.95,36257
466.95,37246
466.95,41968
466.9,5936
466.9,62796
466.9,84099
467.0,111089
467.0,12392
467.0,15364
467.0,19126
467.0,21910
467.0,23322
467.0,25623
467.05,18752
467.1,4183
467.15,16910
467.15,19772
467.15,20712
467.15,48074
467.15,67419
467.2,13709
467.2,18053
467.2,20120
467.2,27376
467.25,13178
467.2,5314
467.25,31868
467.25,36587
467.25,43944
467.25,46063
467.25,51504
467.25,58957
467.25,6222
467.2,5737
467.2,68512
467.2,9722
467.3,14037
467.3,18430
467.3,2577
467.35,106216
467.35,22876
467.35,260979
467.35,27230
467.35,58192
467.35,5915
467.3,5910
467.3,9161
467.4,12957
467.4,29040
467.45,12854
467.45,235804
467.4,5345
467.45,40223
467.45,91400
467.4,8350
467.55,12808
467.55,19733
467.55,20622
467.55,2609
467.55,35745
467.55,4346
467.5,5507
467.55,5526
467.55,5541
467.55,6387
467.5,56907
467.55,70668
467.5,59233
467.5,6217
467.6,140551
467.6,18628
467.6,32749
467.65,13189
467.65,17567
467.65,19973
467.65,29022
467.65,4138
467.65,45371
467.6,5469
467.6,5550
467.6,5579
467.65,6315
467.65,74946
467.65,84213
467.65,8660
467.65,9681
467.6,6936
467.6,99314
467.7,11006
467.7,11572
467.7,125486
467.7,38014
467.75,104049
467.75,104233
467.75,122701
467.75,13157
467.75,17658
467.75,18232
467.75,24616
467.75,29752
467.75,3912
467.75,42024
467.75,50426
467.7,7684
467.8,111298
467.8,11635
467.8,11804
467.8,24924
467.8,46379
467.85,18642
467.85,18897
467.85,28104
467.85,58825
467.85,6314
467.8,8073
467.8,91075
467.9,10873
467.9,11148
467.9,4724
467.95,115981
467.95,22514
467.95,25426
467.95,26669
467.95,44424
467.95,46718
467.95,64351
467.95,65388
467.95,88273
467.95,90004
467.9,8839
467.9,88703
468.0,115869
468.0,11800
468.0,17059
468.0,20078
468.0,3180
468.0,34883
468.0,43997
468.05,12402
468.05,13982
468.05,17956
468.05,18949
468.05,37547
468.0,6469
468.1,21869
468.1,3506
468.1,5020
468.15,11968
468.15,72885
468.15,9200
468.1,60413
468.2,14442
468.2,39843
468.2,4054
468.25,12287
468.25,18054
468.25,23326
468.25,37723
468.25,486014
468.25,631564
468.2,5885
468.2,7875
468.2,9015
468.35,187385
468.35,1902
468.35,22169
468.35,48371
468.35,48966
468.35,69937
468.3,67119
468.4,101225
468.4,16251
468.4,45014
468.4,46650
468.45,13186
468.4,51511
468.45,21065
468.45,3159
468.45,4631
468.5,26878
468.5,32478
468.5,37733
468.55,115673
468.55,5213
468.6,170371
468.6,17300
468.6,25118
468.6,36046
468.6,44428
468.6,4474
468.65,117438
468.65,14645
468.65,160929
468.65,45809
468.65,89187
468.6,60475
468.6,6217
468.6,6221
468.6,62929
468.6,9644
468.7,10083
468.7,25300
468.7,29750
468.7,32680
468.75,22305
468.75,26439
468.75,32835
468.75,44245
468.75,54961
468.75,6081
468.75,6474
468.7,61007
468.7,96467
468.8,12553
468.8,24226
468.85,17574
468.85,19048
468.85,295454
468.85,36093
468.85,6149
468.85,8589
468.85,85947
468.85,87296
468.8,96898
468.9,10939
468.9,115841
468.9,18868
468.9,3445
468.95,100892
468.95,15544
468.95,19467
468.95,28571
468.9,7334
468.9,9117
469.0,10356
469.0,11094
469.0,114762
469.0,19225
469.0,2962
469.0,29892
469.0,35974
469.0,45326
469.05,18957
469.05,9128
469.0,7099
469.0,76236
469.0,9885
469.0,9987
469.1,12806
469.1,14631
469.1,34480
469.15,16001
469.15,3121
469.15,4771
469.15,6384
469.2,1093
469.2,2243
469.2,30724
469.2,37707
469.25,14247
469.25,150997
469.25,17094
469.25,2784
469.2,5351
469.25,47054
469.2,5552
469.25,58047
469.25,5913
469.25,7142
469.2,8517
469.3,10291
469.3,104402
469.3,20760
469.3,2342
469.3,28479
469.3,3700
469.3,3795
469.35,2273
469.35,4068
469.35,5798
469.35,8273
469.35,8451
469.3,7237
469.3,7343
469.3,8164
469.3,84151
469.3,9704
469.4,11480
469.4,12286
469.4,13026
469.4,14079
469.4,36237
469.4,3798
469.4,4934
469.45,10958
469.45,4790
469.45,59630
469.4,5843
469.4,59047
469.4,8312
469.5,16467
469.5,2875
469.5,3513
469.5,4508
469.5,45390
469.5,4597
469.55,13626
469.55,2615
469.55,38336
469.55,39113
469.55,4120
469.55,4201
469.5,54640
469.55,7326
469.55,8435
469.5,74708
469.5,8458
469.6,1350
469.6,1496
469.6,1873
469.6,26563
469.6,3038
469.6,33178
469.6,38341
469.6,4477
469.65,11191
469.65,24876
469.65,4432
469.65,46963
469.65,47337
469.65,61851
469.65,8990
469.6,5953
469.6,7531
469.6,7892
469.7,139089
469.7,1540
469.7,26929
469.7,4814
469.7,4913
469.75,2462
469.75,25773
469.75,2706
469.75,43598
469.75,51104
469.7,6260
469.7,80190
469.8,21559
469.8,2399
469.8,2687
469.8,3815
469.8,41718
469.85,110749
469.85,15483
469.85,1650
469.8,51952
469.85,2111
469.85,2639
469.85,31678
469.85,3315
469.85,41853
469.85,5140
469.85,5182
469.85,7097
469.8,77913
469.8,7911
469.8,8320
469.8,9287
469.8,9594
469.9,10060
469.9,18534
469.9,2688
469.9,2888
469.9,32800
469.9,3506
469.9,3697
469.9,37063
469.9,39223
469.9,4321
469.9,4513
469.9,47794
469.95,10044
469.95,10091
469.95,1699
469.95,1941
469.95,21381
469.95,2544
469.95,2604
469.95,28323
469.9,5335
469.95,3706
469.95,39204
469.95,4004
469.95,41414
469.95,44204
469.95,4434
469.95,4695
469.95,47681
469.95,6010
469.95,7179
469.95,8638
469.95,9868
469.9,7713
469.9,910
469.9,9352
470.0,10617
470.0,11374
470.0,11918
470.0,12073
470.0,16226
470.0,16334
470.0,16849
470.0,18068
470.0,1851
470.0,20546
470.0,20692
470.0,20887
470.0,2174
470.0,239691
470.0,26517
470.0,2810
470.0,32632
470.0,37226
470.0,45190
470.0,4667
470.0,4730
470.05,10437
470.05,11296
470.05,14178
470.05,14800
470.05,1644
470.05,17747
470.05,2105
470.05,25310
470.0,5315
470.05,32673
470.05,3417
470.05,35325
470.05,36692
470.05,3699
470.05,4339
470.05,44268
470.0,5477
470.05,6370
470.05,7040
470.05,8515
470.05,95630
470.0,7991
470.0,85182
470.0,8896
470.0,9099
470.1,10111
470.1,11896
470.1,13066
470.1,13308
470.1,13927
470.1,163623
470.1,18185
470.1,1898
470.1,2948
470.1,3979
470.1,40458
470.15,12199
470.15,15057
470.15,15359
470.15,18482
470.15,2053
470.15,3381
470.15,38046
470.1,5418
470.15,6592
470.1,5688
470.15,7312
470.15,7775
470.1,5997
470.1,6304
470.1,7922
470.1,8239
470.1,8254
470.2,10799
470.2,11200
470.2,13599
470.2,18000
470.2,3338
470.2,37204
470.2,3746
470.2,37595
470.2,3909
470.2,4754
470.25,10370
470.25,11364
470.25,17775
470.25,2195
470.25,22594
470.25,22687
470.25,2729
470.25,28436
470.25,2911
470.25,3299
470.25,4152
470.25,5196
470.25,6460
470.2,5684
470.25,7485
470.2,5802
470.2,5812
470.25,9254
470.25,9653
470.2,6145
470.2,9855
470.3,12862
470.3,19727
470.3,24448
470.3,28967
470.3,3135
470.3,32980
470.3,46570
470.35,10599
470.35,12303
470.35,12582
470.35,13096
470.35,13193
470.35,17529
470.35,21319
470.35,21670
470.35,23001
470.35,2531
470.35,25428
470.35,40916
470.35,55935
470.35,6950
470.35,8080
470.3,8316
470.3,8564
470.3,8882
470.3,9982
470.4,21308
470.4,22618
470.4,4125
470.4,4788
470.45,12136
470.45,13205
470.45,16787
470.45,23218
470.45,39829
470.4,55434
470.45,58361
470.45,6343
470.45,9930
470.4,7245
470.4,7411
470.4,75706
470.4,7581
470.4,81753
470.5,10886
470.5,11497
470.5,12581
470.5,16999
470.5,17133
470.5,19091
470.5,19741
470.5,20116
470.5,28854
470.5,44496
470.5,47809
470.55,10872
470.55,16072
470.55,16755
470.55,17806
470.55,20592
470.55,21079
470.55,21740
470.55,2430
470.55,2474
470.55,26766
470.55,31340
470.55,32863
470.5,53903
470.55,7297
470.55,84021
470.5,9255
470.5,9911
470.5,9978
470.6,14362
470.6,15395
470.6,16300
470.6,18117
470.6,20427
470.6,22325
470.6,25824
470.6,29060
470.6,32105
470.6,33204
470.65,12857
470.65,12990
470.65,13404
470.65,15485
470.65,20277
470.65,20547
470.65,22097
470.65,22178
470.65,24583
470.65,29426
470.65,42964
470.65,67998
470.6,9616
470.7,11861
470.7,18155
470.75,10842
470.75,11165
470.75,15880
470.75,22065
470.75,23386
470.75,24178
470.75,36207
470.75,4130
470.7,54269
470.75,43422
470.75,51967
470.75,56176
470.75,56729
470.7,57149
470.75,7554
470.7,67643
470.7,91452
470.8,26616
470.8,4599
470.85,11572
470.85,15254
470.85,20963
470.85,47053
470.8,60486
470.8,61770
470.8,8815
470.9,101552
470.9,13878
470.9,14261
470.9,26288
470.9,27289
470.9,30495
470.9,41215
470.9,42392
470.95,14159
470.9,52688
470.9,5510
470.95,5877
470.95,6097
470.95,61910
470.95,6193
470.95,64021
470.9,80450
470.9,86524
470.9,9258
471.0,10011
471.0,11726
471.0,125884
471.0,126883
471.0,12724
471.0,13419
471.0,13844
471.0,18367
471.0,26744
471.0,31269
471.0,3732
471.0,4436
471.0,4684
471.0,51098
471.05,12981
471.05,30788
471.05,3149
471.05,36097
471.05,3904
471.05,4337
471.05,53957
471.05,6636
471.05,7596
471.0,8492
471.0,8867
471.1,10200
471.1,10826
471.1,112061
471.1,18559
471.1,19522
471.1,317308
471.1,42637
471.15,11633
471.15,12741
471.15,16579
471.15,1816
471.15,19101
471.15,199719
471.15,23435
471.15,3047
471.15,34177
471.15,4699
471.15,5727
471.15,70186
471.15,80782
471.2,13659
471.2,16139
471.2,2315
471.2,26021
471.2,3326
471.2,3722
471.25,18289
471.25,19673
471.25,21335
471.25,2633
471.25,3053
471.25,3104
471.25,31584
471.2,5319
471.25,3543
471.25,3931
471.25,47014
471.25,53520
471.25,5400
471.2,5756
471.2,5780
471.25,78648
471.2,6059
471.2,90502
471.3,10316
471.3,105184
471.3,13422
471.3,15247
471.3,17962
471.3,20074
471.3,3763
471.3,4135
471.3,4482
471.3,4883
471.3,49268
471.35,13894
471.3,5145
471.35,1987
471.35,2747
471.35,2849
471.35,31165
471.35,3373
471.35,4617
471.35,6059
471.35,7513
471.35,7574
471.35,9953
471.3,73851
471.3,8944
471.4,13921
471.4,14638
471.4,15719
471.4,18259
471.4,19680
471.4,22877
471.4,3503
471.4,3834
471.4,4010
471.4,43163
471.4,4523
471.45,10522
471.45,11056
471.45,12350
471.45,15818
471.45,17065
471.45,17993
471.45,19859
471.45,2728
471.45,3198
471.45,4085
471.45,72090
471.4,5733
471.4,6646
471.4,77603
471.4,87715
471.4,9548
471.5,12712
471.5,16075
471.5,16087
471.5,18966
471.5,20149
471.5,212135
471.5,2724
471.5,2927
471.5,29569
471.5,31978
471.5,3264
471.5,3543
471.5,3739
471.5,4017
471.5,42497
471.5,4706
471.5,4842
471.55,21106
471.55,24460
471.55,27445
471.55,2878
471.55,3382
471.5,5350
471.55,3674
471.55,4942
471.55,5035
471.55,6069
471.55,6454
471.55,6639
471.5,5825
471.55,9676
471.5,8823
471.6,14982
471.6,15977
471.6,17560
471.6,20643
471.6,21657
471.6,25364
471.6,2775
471.6,3796
471.6,3858
471.65,12563
471.65,131606
471.6,5152
471.65,20797
471.65,2481
471.65,2596
471.65,28331
471.65,2834
471.65,2850
471.65,3207
471.65,3910
471.65,60854
471.65,7117
471.6,6365
471.7,13185
471.7,15712
471.7,17492
471.7,1995
471.7,22406
471.7,2412
471.7,2643
471.7,2681
471.7,2806
471.7,2888
471.7,30607
471.7,32558
471.7,3454
471.7,3876
471.7,4345
471.7,4400
471.7,46934
471.75,10371
471.75,19300
471.75,20448
471.75,22587
471.75,3025
471.7,5308
471.75,32276
471.75,37988
471.75,3967
471.75,45034
471.75,4975
471.7,5561
471.75,5923
471.75,8205
471.75,9945
471.8,104703
471.8,12683
471.8,13906
471.8,19837
471.8,38138
471.8,4016
471.8,4087
471.8,41684
471.8,4179
471.8,4180
471.8,47548
471.8,4921
471.85,2618
471.85,27115
471.85,3030
471.85,30555
471.85,3437
471.85,3845
471.8,54853
471.85,4989
471.85,5228
471.85,5309
471.85,60370
471.85,6953
471.85,77408
471.8,6305
471.8,6772
471.8,7335
471.8,98510
471.9,135478
471.9,19847
471.9,2477
471.9,29940
471.9,4207
471.9,5138
471.95,16043
471.9,51760
471.95,19449
471.95,22413
471.95,3052
471.95,47907
471.95,5062
471.95,66425
471.9,5755
471.9,8818
471.9,8930
472.0,11173
472.0,11719
472.0,12971
472.0,12974
472.0,133846
472.0,151738
472.0,16844
472.0,16860
472.0,18678
472.0,24416
472.0,2718
472.0,2783
472.0,2863
472.0,2877
472.0,33797
472.0,34311
472.0,3698
472.0,4580
472.0,46284
472.0,4890
472.0,4987
472.0,5071
472.05,18829
472.05,194411
472.05,19792
472.05,21239
472.05,2733
472.05,2855
472.05,3002
472.05,3192
472.05,3832
472.05,4598
472.0,5500
472.05,55360
472.05,8556
472.0,6012
472.0,6875
472.0,6961
472.1,10835
472.1,16959
472.1,23917
472.1,25268
472.1,28075
472.1,3005
472.1,35205
472.1,4734
472.15,11202
472.15,13547
472.15,1596
472.15,20021
472.15,3744
472.15,560587
472.1,5764
472.15,8962
472.1,84115
472.2,19286
472.2,19748
472.2,2072
472.2,2715
472.2,3589
472.2,36772
472.2,48383
472.25,16346
472.25,3110
472.25,3577
472.25,72685
472.3,100582
472.3,14807
472.3,18228
472.3,18355
472.3,19458
472.3,2280
472.3,24815
472.3,30605
472.35,18102
472.35,20494
472.35,23610
472.3,5292
472.35,3913
472.35,7148
472.3,98213
472.4,18651
472.4,4351
472.45,101594
472.45,25477
472.45,45608
472.45,78849
472.45,81216
472.4,77962
472.5,12760
472.5,47863
472.55,16081
472.55,32038
472.5,549959
472.5,62222
472.6,17130
472.6,21999
472.6,24287
472.6,29237
472.6,31694
472.6,38001
472.65,17215
472.65,20361
472.65,22934
472.65,53790
472.65,65390
472.6,7174
472.6,79274
472.7,13524
472.7,15210
472.7,17917
472.7,19685
472.7,22927
472.7,26963
472.7,33515
472.75,13820
472.75,19444
472.75,22795
472.75,23566
472.75,25700
472.75,58201
472.75,8919
472.8,26720
472.8,27856
472.8,42117
472.85,14272
472.85,17430
472.85,21821
472.85,22490
472.85,37604
472.85,42158
472.85,48362
472.9,13293
472.9,13881
472.9,18159
472.9,23525
472.9,29981
472.9,37767
472.95,17113
472.95,19941
472.95,25041
472.95,40507
472.95,8955
472.9,61315
472.9,9905
473.0,108175
473.0,13002
473.0,13564
473.0,14819
473.0,18970
473.0,219583
473.0,23845
473.0,29932
473.0,32975
473.0,38456
473.0,40582
473.0,41378
473.05,17088
473.05,69941
473.0,64118
473.0,9400
473.1,11115
473.1,11249
473.1,124288
473.1,13377
473.1,16889
473.1,25901
473.15,25871
473.15,62322
473.15,62758
473.2,17429
473.2,23390
473.2,27255
473.2,4817
473.2,5031
473.25,10977
473.25,14085
473.25,24850
473.25,26055
473.25,27240
473.25,29399
473.25,35898
473.25,50717
473.25,5093
473.25,61803
473.3,13002
473.3,17039
473.3,18405
473.3,19846
473.35,13231
473.35,16921
473.35,25983
473.35,52904
473.35,69108
473.4,10720
473.4,12232
473.4,24104
473.4,3737
473.4,4711
473.45,107804
473.45,14302
473.45,18357
473.45,28494
473.45,3047
473.45,33435
473.45,36142
473.45,4088
473.45,55956
473.45,6591
473.45,6691
473.45,79768
473.45,9257
473.4,6368
473.5,11549
473.5,11629
473.5,13765
473.5,17382
473.5,17565
473.5,26202
473.5,33407
473.5,35622
473.5,3918
473.5,5147
473.55,256846
473.55,4223
473.55,5171
473.55,5378
473.55,8240
473.5,89493
473.6,22369
473.6,27529
473.6,33743
473.6,49669
473.65,10425
473.65,12565
473.65,21235
473.65,33023
473.65,45209
473.65,5501
473.65,6243
473.65,82736
473.6,6345
473.7,19908
473.75,10233
473.75,21415
473.75,28169
473.75,28409
473.75,32681
473.75,3557
473.75,3617
473.75,4110
473.75,4546
473.75,730325
473.8,13994
473.8,16342
473.8,17200
473.8,28182
473.8,31663
473.8,3634
473.8,4266
473.85,10487
473.85,15059
473.85,2519
473.85,3643
473.8,5373
473.85,4832
473.85,7876
473.8,6240
473.9,10628
473.9,13911
473.9,20085
473.9,22737
473.9,4769
473.95,13217
473.95,14804
473.9,5245
473.95,3093
473.95,5818
473.95,9524
473.9,6180
473.9,8901
473.9,9265
473.9,9965
474.0,10829
474.0,14349
474.0,182410
474.05,19164
474.05,24697
474.05,36284
474.05,41107
474.05,7207
474.05,8109
474.0,58194
474.0,6077
474.0,6086
474.0,6473
474.1,13246
474.1,14032
474.1,14209
474.1,22705
474.1,25577
474.1,32271
474.1,40475
474.15,12308
474.15,14758
474.15,21898
474.15,41924
474.15,6735
474.1,5687
474.15,8951
474.15,9872
474.1,6334
474.1,7411
474.1,9711
474.1,9844
474.2,13964
474.2,17300
474.2,19937
474.2,26599
474.2,2825
474.2,48398
474.25,23143
474.25,3763
474.25,45561
474.25,6351
474.2,6343
474.2,65058
474.2,7241
474.2,7440
474.2,8349
474.3,10820
474.3,16854
474.3,17461
474.3,24147
474.3,2508
474.3,3244
474.3,37417
474.35,10725
474.35,11728
474.35,15098
474.35,25307
474.35,4635
474.35,4647
474.35,47007
474.35,5241
474.35,62939
474.3,5673
474.35,6904
474.35,8569
474.4,10400
474.4,19166
474.4,236266
474.4,25226
474.4,32970
474.4,3647
474.4,39533
474.4,41683
474.4,42738
474.4,42759
474.45,11171
474.45,12920
474.45,16149
474.45,19819
474.45,21288
474.45,26784
474.4,5293
474.4,5303
474.45,3282
474.45,5420
474.4,5595
474.45,7466
474.45,8197
474.45,82439
474.4,7913
474.5,10987
474.5,12225
474.5,13064
474.5,13127
474.5,13430
474.5,15483
474.5,15645
474.5,17855
474.5,20930
474.5,22858
474.5,3124
474.5,31714
474.5,32379
474.5,3714
474.5,3837
474.5,41347
474.5,4333
474.5,44153
474.5,50203
474.5,5110
474.55,12707
474.5,5233
474.55,25436
474.55,4995
474.55,6138
474.5,5618
474.5,5677
474.55,6995
474.55,80931
474.5,5842
474.55,9610
474.5,7227
474.5,7676
474.5,8528
474.5,8548
474.5,8709
474.6,17712
474.6,29175
474.6,3454
474.6,35116
474.6,3610
474.6,39363
474.65,10594
474.65,11220
474.65,14927
474.6,5174
474.65,2303
474.65,2833
474.65,4395
474.65,46750
474.65,52257
474.65,52381
474.65,6015
474.65,65669
474.65,9738
474.6,6128
474.6,7238
474.7,11222
474.7,11576
474.7,11611
474.7,15837
474.7,16748
474.7,16879
474.7,17432
474.7,22419
474.7,2883
474.7,30215
474.7,31568
474.7,4770
474.75,12097
474.75,13682
474.75,2678
474.75,306157
474.7,5459
474.75,4616
474.75,5443
474.75,5850
474.75,79486
474.75,8732
474.75,8879
474.75,9473
474.7,8945
474.7,9460
474.8,10506
474.8,10580
474.8,10699
474.8,11492
474.8,116628
474.8,12149
474.8,12158
474.8,13223
474.8,14598
474.8,25250
474.8,2543
474.8,281184
474.8,2994
474.8,3163
474.8,34785
474.8,3704
474.8,4185
474.8,4377
474.85,10299
474.85,10853
474.85,11227
474.85,14593
474.85,16356
474.85,19041
474.85,22916
474.85,27445
474.85,3358
474.85,33628
474.85,35305
474.85,36541
474.8,5528
474.85,52851
474.85,59691
474.85,62710
474.85,6497
474.85,6936
474.8,5829
474.8,65084
474.8,8682
474.8,98775
474.9,114616
474.9,12136
474.9,13031
474.9,28178
474.9,33028
474.9,36464
474.9,4824
474.9,5057
474.95,12201
474.95,17381
474.95,18218
474.95,18810
474.9,5211
474.95,21448
474.95,23045
474.95,269385
474.95,30378
474.95,5694
474.95,7289
474.9,6647
474.9,6806
474.9,7284
474.9,8141
474.9,9225
475.0,10032
475.0,10546
475.0,10563
475.0,10920
475.0,11386
475.0,12319
475.0,12577
475.0,15113
475.0,1552
475.0,16914
475.0,18017
475.0,2323
475.0,25765
475.0,26837
475.0,2714
475.0,28709
475.0,30568
475.0,38798
475.0,3969
475.0,41135
475.0,4232
475.0,43437
475.0,4432
475.0,4572
475.0,4717
475.05,10047
475.05,10313
475.05,14089
475.05,14090
475.05,15347
475.05,2375
475.0,5274
475.05,3134
475.05,36449
475.05,38775
475.05,39013
475.05,4106
475.0,5525
475.05,5905
475.05,5979
475.05,6068
475.05,6696
475.05,6745
475.05,69052
475.05,7504
475.0,57576
475.0,5902
475.05,9076
475.05,9116
475.05,9267
475.05,9325
475.0,6795
475.0,7063
475.0,7681
475.0,8176
475.0,8873
475.0,92285
475.0,9515
475.1,11616
475.1,13493
475.1,14538
475.1,16246
475.1,2696
475.1,2794
475.15,10025
475.15,16872
475.15,27976
475.15,3361
475.15,3425
475.1,5360
475.15,3614
475.15,4257
475.15,7255
475.15,8792
475.1,64965
475.1,9408
475.1,9857
475.2,10374
475.2,11803
475.2,12591
475.2,18004
475.2,2281
475.2,2322
475.2,2492
475.2,49156
475.25,10471
475.25,12216
475.25,31187
475.2,5347
475.25,4311
475.2,54638
475.25,4791
475.25,5051
475.25,5887
475.25,6470
475.25,64918
475.25,6649
475.25,7177
475.2,6557
475.2,6703
475.2,6911
475.2,96178
475.3,4887
475.35,36277
475.35,6998
475.3,8066
475.4,14248
475.4,17566
475.4,18438
475.4,34690
475.4,36744
475.4,3859
475.4,4818
475.45,10662
475.45,17656
475.45,18084
475.45,2773
475.45,3054
475.45,4646
475.45,5284
475.45,8627
475.4,6510
475.5,10474
475.5,12558
475.5,14268
475.5,15304
475.5,15894
475.5,2006
475.5,2133
475.5,2270
475.5,25339
475.5,2887
475.5,3015
475.5,3074
475.5,31354
475.5,3182
475.5,32136
475.5,3518
475.5,3572
475.5,3700
475.5,3770
475.5,38620
475.5,3956
475.5,39789
475.5,4030
475.5,42018
475.5,4358
475.5,5019
475.55,12449
475.55,16509
475.55,1928
475.55,21985
475.55,2941
475.55,31992
475.5,5327
475.5,5363
475.55,58643
475.55,8571
475.5,60452
475.5,6067
475.5,6790
475.5,72915
475.5,8307
475.5,9346
475.6,2557
475.6,3140
475.6,32112
475.6,3531
475.65,11190
475.65,11802
475.65,142104
475.65,1978
475.65,3805
475.65,4031
475.65,5064
475.6,5561
475.6,5607
475.65,6208
475.65,6654
475.65,67692
475.6,6894
475.6,7977
475.6,8648
475.6,88156
475.6,90306
475.7,10661
475.7,10794
475.7,14782
475.7,31034
475.7,47418
475.75,109610
475.75,1198
475.75,12526
475.75,1307
475.75,15968
475.75,18668
475.75,43700
475.75,45717
475.75,4733
475.7,55431
475.75,8243
475.7,7139
475.8,12030
475.8,1853
475.8,23167
475.8,23457
475.8,36641
475.8,40481
475.8,4430
475.85,10228
475.85,1092
475.85,2210
475.85,2991
475.85,3245
475.85,39949
475.85,4020
475.85,45860
475.85,5844
475.85,6428
475.85,7668
475.9,2043
475.9,24801
475.9,2894
475.9,3781
475.9,4448
475.9,5061
475.95,4258
475.95,4931
475.9,6201
475.9,6348
475.9,7671
475.9,8410
475.9,8539
475.9,8960
476.0,110582
476.0,12110
476.0,12455
476.0,12487
476.0,22202
476.0,2501
476.0,37316
476.0,37605
476.0,39082
476.0,39894
476.0,40971
476.0,41200
476.0,4281
476.0,4754
476.05,103813
476.05,11444
476.05,13068
476.05,1673
476.05,1844
476.05,20260
476.05,2396
476.05,39130
476.05,4134
476.05,4747
476.05,55755
476.05,6096
476.0,5912
476.0,6050
476.0,6245
476.0,8320
476.0,9925
476.1,13602
476.1,3603
476.1,4705
476.15,15386
476.15,2509
476.15,26844
476.15,2813
476.15,29352
476.15,34141
476.15,3632
476.15,40012
476.15,6276
476.15,69455
476.2,11087
476.2,12971
476.2,14352
476.2,27779
476.2,33268
476.2,35174
476.2,43785
476.25,14471
476.25,2502
476.25,3047
476.25,3549
476.25,36840
476.25,4949
476.25,4977
476.25,56667
476.2,6606
476.2,7324
476.3,11091
476.3,112439
476.3,13135
476.3,20808
476.3,2744
476.3,38373
476.3,44269
476.3,4460
476.3,5068
476.35,13158
476.35,17721
476.35,1814
476.35,24750
476.35,44808
476.35,4955
476.35,59413
476.35,6847
476.35,77793
476.35,8359
476.3,94883
476.4,1669
476.4,18383
476.4,4178
476.4,4368
476.45,12798
476.45,67552
476.5,14962
476.5,18070
476.5,21717
476.5,22239
476.5,28031
476.5,29179
476.5,3067
476.5,3777
476.5,3874
476.5,4026
476.5,40281
476.5,4687
476.55,10336
476.55,15990
476.55,24116
476.55,29924
476.55,36295
476.55,59937
476.55,6918
476.55,9414
476.5,6179
476.5,7921
476.6,154918
476.6,20107
476.6,22874
476.6,25511
476.6,28597
476.6,40946
476.6,4752
476.65,1417
476.65,15582
476.65,18766
476.65,19446
476.65,20083
476.65,24038
476.65,5115
476.6,5569
476.65,57901
476.65,6344
476.65,6904
476.65,8766
476.6,6638
476.7,14118
476.7,14980
476.7,1833
476.7,25626
476.7,25840
476.7,3067
476.7,32080
476.7,3254
476.7,3765
476.7,41117
476.7,4402
476.75,1324
476.7,5242
476.75,27554
476.75,3833
476.75,39733
476.7,5476
476.75,5315
476.75,56635
476.75,6563
476.7,5797
476.7,5806
476.75,8321
476.75,8658
476.75,8751
476.75,9518
476.75,9945
476.7,7933
476.7,8862
476.7,9164
476.7,9939
476.8,1174
476.8,1381
476.8,17385
476.8,181916
476.8,19076
476.8,2009
476.8,298855
476.8,3181
476.8,4048
476.8,4293
476.85,10673
476.85,16143
476.85,2026
476.85,24455
476.85,25630
476.85,33573
476.85,3694
476.85,37690
476.85,3887
476.85,5731
476.85,6032
476.85,6414
476.85,9225
476.8,7848
476.9,12051
476.9,12824
476.9,13464
476.9,15959
476.9,16510
476.9,1800
476.9,18538
476.9,19352
476.9,2421
476.9,25056
476.9,2951
476.9,3026
476.9,3752
476.9,4023
476.9,4348
476.9,4356
476.9,4367
476.9,4379
476.9,4859
476.9,5017
476.95,11279
476.95,11928
476.95,1529
476.95,1682
476.95,19325
476.95,2058
476.95,2448
476.95,25797
476.95,26335
476.95,2775
476.95,29224
476.95,32043
476.95,33169
476.95,3472
476.95,4159
476.95,4582
476.95,4638
476.95,4840
476.95,49650
476.95,5138
476.95,5577
476.95,6020
476.95,6359
476.95,7011
476.95,7156
476.95,7598
476.9,5765
476.95,8659
476.9,5909
476.95,9384
476.9,59407
476.9,6238
476.9,6240
476.9,6495
476.9,671206
476.9,9067
477.0,11030
477.0,11206
477.0,12124
477.0,12292
477.0,1230
477.0,12847
477.0,13007
477.0,13393
477.0,13742
477.0,15059
477.0,1540
477.0,1705
477.0,1729
477.0,1998
477.0,2003
477.0,2309
477.0,2332
477.0,3003
477.0,32905
477.0,3302
477.0,3530
477.0,3742
477.0,3823
477.0,3828
477.0,41038
477.0,4308
477.0,4329
477.0,44456
477.0,45661
477.0,4681
477.0,4688
477.0,4844
477.0,4851
477.05,11518
477.05,11782
477.0,5125
477.0,5141
477.05,15121
477.05,1699
477.05,18388
477.05,22232
477.05,3216
477.0,5387
477.05,4092
477.05,44304
477.0,5455
477.05,5469
477.05,5522
477.05,5828
477.05,6120
477.05,7164
477.05,7951
477.05,8081
477.0,58085
477.05,8201
477.0,6271
477.0,6307
477.0,64095
477.0,6561
477.0,7605
477.0,7996
477.0,8260
477.0,8621
477.0,8661
477.0,8774
477.0,8971
477.0,9877
477.1,11978
477.1,12455
477.1,1333
477.1,18441
477.1,19765
477.1,23109
477.1,34786
477.15,10980
477.15,11085
477.15,11111
477.15,11158
477.15,11643
477.15,11752
477.15,12060
477.15,15918
477.1,5185
477.15,22702
477.15,3103
477.15,3692
477.15,3958
477.15,3992
477.15,4299
477.15,4662
477.15,50993
477.15,7291
477.15,7397
477.15,7500
477.15,8092
477.15,8429
477.15,8808
477.15,93044
477.1,6226
477.1,6571
477.1,6587
477.1,6679
477.1,7332
477.1,7602
477.1,8479
477.1,8941
477.1,9299
477.2,13418
477.2,15588
477.2,16119
477.2,18240
477.2,2753
477.2,36384
477.2,38583
477.2,5091
477.25,10074
477.25,10306
477.25,11243
477.25,12258
477.25,16371
477.25,1933
477.25,19891
477.25,20237
477.25,23729
477.25,25600
477.25,25670
477.25,31311
477.25,38695
477.25,4401
477.25,4567
477.25,4677
477.25,4687
477.25,50380
477.25,5065
477.25,5153
477.25,5530
477.25,6030
477.25,7216
477.25,7794
477.25,8310
477.25,8529
477.25,8840
477.25,9048
477.2,6695
477.2,6833
477.2,7408
477.2,7687
477.2,7876
477.2,8092
477.2,8742
477.2,8927
477.2,9354
477.2,9452
477.2,9694
477.2,9976
477.3,104503
477.3,10504
477.3,11932
477.3,12566
477.3,15606
477.3,16115
477.3,17472
477.3,2625
477.3,28558
477.3,32028
477.3,3353
477.3,3430
477.3,3841
477.3,45080
477.35,10365
477.3,5159
477.35,16557
477.35,225963
477.3,5243
477.35,24374
477.35,25603
477.35,3526
477.35,3593
477.35,3607
477.35,3799
477.35,4370
477.35,4571
477.35,4632
477.35,5173
477.35,5177
477.35,5202
477.35,5530
477.35,6211
477.35,6496
477.3,5669
477.35,6809
477.35,7073
477.35,9276
477.3,6644
477.3,7208
477.3,7428
477.3,7960
477.3,9663
477.4,10947
477.4,11342
477.4,1935
477.4,30830
477.4,31000
477.4,3466
477.4,3552
477.4,38836
477.4,4230
477.4,4379
477.4,4440
477.4,4739
477.45,11444
477.45,17724
477.45,28876
477.45,3244
477.45,4477
477.45,4805
477.45,5199
477.45,6590
477.45,7598
477.4,5844
477.45,8613
477.45,9011
477.45,9324
477.4,6152
477.4,6480
477.4,6505
477.4,6519
477.4,6930
477.4,7815
477.4,7852
477.4,8187
477.4,8534
477.5,10089
477.5,1076
477.5,12914
477.5,13763
477.5,14425
477.5,14801
477.5,15649
477.5,15797
477.5,16864
477.5,18115
477.5,1860
477.5,18752
477.5,20170
477.5,22292
477.5,2276
477.5,29482
477.5,37899
477.55,10164
477.55,11619
477.55,11983
477.55,17179
477.55,4111
477.55,4416
477.55,4509
477.55,5781
477.55,6007
477.5,5745
477.55,7901
477.5,5831
477.55,9034
477.55,9532
477.55,9619
477.5,62861
477.5,7223
477.5,7941
477.5,8127
477.5,8149
477.5,8525
477.5,8680
477.5,8918
477.5,99933
477.6,12866
477.6,14188
477.6,1609
477.6,29406
477.6,3082
477.6,4418
477.6,4700
477.6,5024
477.65,10103
477.65,10466
477.65,10468
477.65,10514
477.65,14696
477.65,1476
477.65,18762
477.65,20209
477.65,25387
477.65,3139
477.65,3227
477.65,38921
477.65,5032
477.65,5329
477.65,5958
477.65,6722
477.65,7758
477.65,9047
477.65,9810
477.6,6228
477.6,6602
477.6,6897
477.6,6912
477.6,8004
477.6,8227
477.6,8256
477.6,8263
477.6,9869
477.7,10871
477.7,10962
477.7,119234
477.7,13873
477.7,15130
477.7,2055
477.7,20830
477.7,22553
477.7,28295
477.7,30565
477.7,31721
477.7,3368
477.7,40594
477.7,4945
477.75,11661
477.75,11706
477.75,1448
477.75,27347
477.75,31565
477.75,3472
477.75,3619
477.75,3699
477.7,53810
477.7,5384
477.75,3916
477.75,4016
477.75,4516
477.75,4527
477.75,4914
477.75,5315
477.75,5502
477.75,5907
477.75,5918
477.75,61745
477.7,5874
477.7,6560
477.7,7947
477.7,8162
477.7,8600
477.7,9588
477.8,12819
477.8,132176
477.8,14190
477.8,14371
477.8,18672
477.8,19112
477.8,19543
477.8,2048
477.8,21715
477.8,32328
477.8,4048
477.8,40635
477.85,10984
477.85,12255
477.85,1312
477.85,16733
477.85,17525
477.85,18354
477.85,20381
477.8,52095
477.85,21621
477.85,2234
477.85,26418
477.8,5272
477.85,2875
477.85,28905
477.85,43990
477.85,5315
477.85,6031
477.8,5671
477.85,69552
477.85,6982
477.85,7183
477.85,8609
477.85,8936
477.85,92945
477.85,9301
477.8,5933
477.85,9344
477.85,9588
477.8,63798
477.8,6633
477.8,6845
477.8,85898
477.8,9527
477.9,12027
477.9,15148
477.9,21959
477.9,28887
477.9,3711
477.9,37532
477.9,37544
477.9,43995
477.9,5057
477.95,1097
477.95,110260
477.95,15790
477.95,17015
477.95,17695
477.95,1793
477.95,2269
477.95,31284
477.95,3217
477.95,35676
477.95,36471
477.95,4167
477.95,4720
477.95,56727
477.95,5945
477.95,7724
477.95,8220
477.95,83575
477.95,8940
477.95,9597
477.95,9615
477.95,9878
477.9,6029
477.9,6530
477.9,6546
477.9,7245
477.9,8508
477.9,9412
477.9,97945
477.9,9801
478.0,10936
478.0,12029
478.0,12036
478.0,13585
478.0,14075
478.0,16303
478.0,17153
478.0,17403
478.0,19249
478.0,20680
478.0,21167
478.0,24790
478.0,29865
478.0,40297
478.0,43179
478.05,12423
478.05,6655
478.0,6283
478.0,7159
478.0,8233
478.0,9622
478.0,9985
478.1,17372
478.1,32120
478.1,43999
478.15,13513
478.15,15644
478.15,16471
478.15,18971
478.15,28334
478.15,6790
478.15,7304
478.1,91406
478.1,9736
478.2,10627
478.2,16731
478.2,23036
478.2,34215
478.25,63474
478.2,6854
478.2,6925
478.2,8689
478.3,11609
478.3,12542
478.3,17136
478.3,21053
478.3,27328
478.3,28781
478.3,30346
478.35,13144
478.35,14953
478.35,2260
478.35,2866
478.35,30888
478.35,35499
478.35,8213
478.35,8715
478.35,9015
478.3,8964
478.4,11885
478.4,5099
478.45,12717
478.45,14841
478.45,19045
478.45,19351
478.45,19850
478.45,28662
478.45,39266
478.4,54820
478.45,4997
478.4,7174
478.4,7739
478.4,8973
478.5,33365
478.5,4044
478.55,11925
478.55,1866
478.55,22702
478.55,2740
478.55,38981
478.55,4149
478.55,4792
478.55,5268
478.55,5740
478.55,8256
478.5,7422
478.5,7471
478.5,7722
478.5,8366
478.5,8938
478.6,10248
478.6,12822
478.6,27715
478.6,3712
478.6,3836
478.6,4557
478.6,4601
478.65,12537
478.65,18986
478.65,22704
478.65,25142
478.65,3025
478.65,3075
478.65,40348
478.65,42614
478.65,4432
478.65,5683
478.65,5707
478.65,6550
478.65,6756
478.6,8660
478.7,105086
478.7,11495
478.7,11545
478.7,11809
478.7,12340
478.7,14428
478.7,14604
478.7,25831
478.7,4995
478.75,11396
478.75,12441
478.75,1680
478.75,21004
478.75,24514
478.75,4407
478.75,51795
478.75,5195
478.75,6531
478.75,7036
478.75,7513
478.7,6646
478.8,10559
478.8,11896
478.8,12078
478.8,14762
478.8,15845
478.8,17441
478.8,20616
478.8,22403
478.8,25936
478.8,2985
478.8,34716
478.8,4974
478.85,11169
478.85,12001
478.85,13899
478.85,37921
478.8,54352
478.85,7159
478.8,5756
478.85,8244
478.9,12979
478.9,13504
478.9,18608
478.9,20672
478.9,27950
478.9,31311
478.9,4331
478.95,12357
478.95,12929
478.95,15110
478.95,15841
478.95,21560
478.95,29960
478.95,30486
478.95,32708
478.95,3358
478.95,3793
478.95,41140
478.95,4468
478.9,54573
478.95,46165
478.9,5541
478.95,7176
478.95,8503
478.95,8777
478.9,76534
479.0,10955
479.0,13169
479.0,14130
479.0,15526
479.0,16497
479.0,25480
479.0,27318
479.0,27463
479.0,28302
479.0,28739
479.0,35407
479.0,4029
479.0,41168
479.0,4575
479.0,50128
479.05,12026
479.05,12707
479.05,14504
479.05,19187
479.05,28899
479.05,33036
479.05,34049
479.0,54044
479.05,59840
479.0,56050
479.0,5783
479.0,8568
479.0,9600
479.1,11079
479.1,11819
479.1,12035
479.1,13723
479.1,15369
479.1,17758
479.1,19962
479.1,22069
479.1,26829
479.1,34426
479.15,12154
479.15,14065
479.15,16201
479.15,20046
479.15,23488
479.15,39909
479.15,51574
479.15,5740
479.15,8934
479.15,9212
479.1,60243
479.1,6794
479.1,71172
479.1,7730
479.1,9497
479.2,10166
479.2,11407
479.2,11782
479.2,12991
479.2,13036
479.2,16617
479.2,20171
479.2,20354
479.2,4910
479.25,100328
479.25,11258
479.25,14567
479.25,15226
479.25,17451
479.25,22992
479.25,23313
479.25,25647
479.25,30683
479.25,33482
479.25,4465
479.25,61617
479.25,7640
479.2,6245
479.2,8893
479.2,9964
479.3,11658
479.3,14031
479.3,18934
479.3,19977
479.3,28511
479.3,2870
479.3,3334
479.3,38421
479.3,4760
479.3,4868
479.35,103890
479.35,11439
479.35,11717
479.35,11885
479.35,15742
479.35,16734
479.35,31637
479.35,58865
479.35,6081
479.35,6407
479.35,8469
479.4,17685
479.4,19187
479.4,211060
479.4,22632
479.4,2819
479.4,33740
479.4,4436
479.4,4689
479.4,4763
479.45,12078
479.45,16613
479.45,167946
479.45,21635
479.45,30717
479.45,3690
479.4,5429
479.45,5185
479.45,5587
479.45,5892
479.45,6407
479.45,8622
479.45,8689
479.4,6815
479.4,7353
479.4,75755
479.4,8434
479.4,9195
479.4,9795
479.5,10327
479.5,10651
479.5,11409
479.5,16511
479.5,16768
479.5,1980
479.5,2943
479.5,30395
479.5,3050
479.5,328718
479.5,35691
479.55,16892
479.55,17407
479.55,1746
479.55,1790
479.55,19185
479.55,19769
479.55,2128
479.55,33293
479.55,4393
479.55,4522
479.55,49210
479.55,55143
479.55,5593
479.55,55935
479.55,6333
479.5,5666
479.55,7174
479.55,8780
479.55,9483
479.5,6156
479.5,69898
479.5,73891
479.5,7634
479.5,7981
479.5,8305
479.6,10240
479.6,1205
479.6,12316
479.6,15271
479.6,15632
479.6,16934
479.6,17848
479.6,20764
479.6,23568
479.6,2618
479.6,26312
479.6,2684
479.6,2694
479.6,2803
479.6,29407
479.6,31045
479.6,3421
479.6,38388
479.6,4093
479.6,41976
479.6,45086
479.65,10599
479.65,11832
479.65,13887
479.65,1425
479.65,15830
479.65,176708
479.65,17991
479.65,21509
479.65,2390
479.65,24035
479.65,26863
479.65,2793
479.65,30791
479.65,46947
479.65,5025
479.65,67068
479.6,59547
479.6,6745
479.6,7014
479.6,93345
479.6,97455
479.7,11062
479.7,11797
479.7,12502
479.7,14548
479.7,17864
479.7,21409
479.7,21461
479.7,25797
479.7,27074
479.7,30948
479.7,31086
479.7,3194
479.7,34372
479.7,34456
479.7,4108
479.7,41478
479.7,47618
479.75,11808
479.75,13019
479.75,14069
479.75,14785
479.75,18716
479.75,20489
479.75,20807
479.75,2220
479.75,23871
479.75,2709
479.75,27457
479.75,3189
479.75,32882
479.75,33275
479.75,3337
479.75,3658
479.75,3835
479.75,39262
479.75,43732
479.75,5231
479.75,5506
479.75,6513
479.7,57530
479.75,7560
479.75,7649
479.75,795
479.7,6977
479.7,7038
479.7,996
479.8,1146
479.8,119000
479.8,12269
479.8,1836
479.8,19302
479.8,22175
479.8,2243
479.8,22713
479.8,2417
479.8,32816
479.8,32867
479.8,35702
479.8,36563
479.8,41026
479.8,4304
479.8,4319
479.8,47933
479.8,49860
479.85,10157
479.85,11391
479.85,1168
479.85,11746
479.85,1242
479.8,51524
479.85,173308
479.85,19883
479.85,23055
479.85,23280
479.85,2387
479.85,26812
479.85,27994
479.85,2888
479.85,3022
479.85,30953
479.85,37961
479.85,3861
479.85,41140
479.85,41554
479.85,4259
479.85,4408
479.85,4589
479.85,4722
479.85,51500
479.85,52576
479.85,6422
479.85,69014
479.8,57106
479.85,9018
479.85,9172
479.85,91793
479.85,9793
479.85,9971
479.8,62362
479.8,6434
479.8,6822
479.8,8364
479.9,10745
479.9,12185
479.9,14507
479.9,14840
479.9,21232
479.9,21526
479.9,22258
479.9,2572
479.9,25966
479.9,32292
479.9,33492
479.9,3683
479.9,37830
479.9,45111
479.9,4583
479.9,5049
479.95,10738
479.95,11835
479.95,16972
479.95,19118
479.95,21142
479.95,21637
479.95,236935
479.95,24390
479.95,25240
479.95,26264
479.95,31117
479.95,34951
479.95,36642
479.95,4249
479.9,5451
479.95,46094
479.95,46708
479.95,47075
479.95,47195
479.95,5033
479.95,5224
479.95,5383
479.95,5510
479.95,5976
479.95,67932
479.95,7076
479.95,7093
479.95,7644
479.9,5772
479.9,5932
479.9,756
480.0,10191
480.0,11982
480.0,12549
480.0,13058
480.0,13079
480.0,13853
480.0,162492
480.0,17536
480.0,17589
480.0,18035
480.0,19161
480.0,19184
480.0,19694
480.0,21719
480.0,22343
480.0,22581
480.0,2262
480.0,23126
480.0,2355
480.0,24574
480.0,25290
480.0,256950
480.0,29369
480.0,30480
480.0,31516
480.0,36765
480.0,3925
480.0,3956
480.0,40394
480.0,4051
480.0,4153
480.0,4223
480.0,4283
480.0,4293
480.0,43404
480.0,43773
480.0,44497
480.0,4452
480.0,44554
480.0,4535
480.0,4921
480.0,4973
480.05,107076
480.05,11436
480.05,13510
480.05,136832
480.05,13755
480.05,15592
480.05,16311
480.0,5246
480.05,30383
480.0,5322
480.05,33702
480.05,36072
480.0,54007
480.05,40453
480.05,4880
480.05,6445
480.0,56530
480.0,59348
480.0,60846
480.0,66080
480.0,7077
480.0,7809
480.0,79932
480.0,8009
480.0,8028
480.0,8242
480.0,83362
480.0,84253
480.0,8626
480.0,8765
480.0,9422
480.1,35935
480.1,44423
480.15,131104
480.15,20443
480.15,32819
480.15,3443
480.15,3562
480.15,42855
480.15,5355
480.15,71444
480.15,8716
480.15,9324
480.1,77925
480.2,10003
480.2,12189
480.2,12617
480.2,19084
480.2,20983
480.2,25702
480.2,29656
480.2,37307
480.2,41184
480.2,45684
480.2,49196
480.25,10168
480.25,14644
480.25,16370
480.25,21054
480.2,54108
480.25,41889
480.25,42300
480.25,65064
480.2,7367
480.3,16502
480.3,21086
480.3,22421
480.3,27232
480.3,32319
480.3,42292
480.3,49471
480.35,12540
480.35,17541
480.35,22638
480.35,23176
480.3,52750
480.35,46822
480.35,55629
480.35,64094
480.35,64963
480.35,69603
480.3,57565
480.35,91935
480.3,6443
480.3,67070
480.3,9233
480.3,93004
480.4,145180
480.4,205587
480.4,20731
480.4,21735
480.4,33994
480.4,3745
480.4,43952
480.45,13695
480.4,51457
480.45,18366
480.45,30601
480.45,3175
480.45,44245
480.4,5534
480.4,58411
480.4,64815
480.4,69715
480.4,9031
480.4,99562
480.5,10888
480.5,11716
480.5,31616
480.5,3277
480.5,36390
480.5,39753
480.55,29313
480.55,36301
480.55,38798
480.55,39268
480.55,41831
480.55,42192
480.5,56956
480.55,96250
480.5,7110
480.6,20300
480.6,20832
480.6,33431
480.65,202760
480.65,27284
480.65,33006
480.65,4981
480.65,5137
480.6,72384
480.7,12032
480.7,16318
480.7,22343
480.7,32314
480.7,4559
480.75,13476
480.75,19262
480.75,24280
480.75,25741
480.75,29012
480.75,33780
480.7,5538
480.75,55086
480.75,5566
480.75,7045
480.75,7513
480.8,117085
480.8,12007
480.8,1296
480.8,17358
480.8,24203
480.8,26335
480.8,28991
480.8,3375
480.8,3975
480.8,4452
480.85,126081
480.85,12627
480.85,14064
480.85,2851
480.85,3560
480.85,4574
480.85,4826
480.85,5566
480.85,6823
480.9,14670
480.9,15310
480.9,286750
480.9,35028
480.9,3738
480.9,4088
480.9,4995
480.9,50820
480.95,14713
480.95,17382
480.95,3218
480.95,6645
480.95,6958
480.9,7871
480.9,9946
481.0,10801
481.0,18559
481.0,20847
481.0,21573
481.0,23186
481.0,2439
481.0,25793
481.0,28736
481.0,32293
481.05,25122
481.05,3961
481.05,4519
481.05,7134
481.05,7960
481.0,6235
481.0,77994
481.0,8019
481.1,14620
481.1,24017
481.15,11233
481.15,152875
481.15,20142
481.15,25607
481.1,6063
481.1,94533
481.2,19946
481.2,2827
481.2,34565
481.25,18275
481.25,4819
481.2,5488
481.2,55560
481.25,6856
481.25,7253
481.25,76143
481.25,9110
481.2,67635
481.3,11347
481.3,11851
481.3,2173
481.3,21900
481.3,2550
481.3,2577
481.3,2690
481.3,4100
481.3,4127
481.35,10713
481.35,11669
481.35,12288
481.35,1343
481.35,16007
481.35,16239
481.35,2383
481.35,4679
481.35,52257
481.35,5549
481.3,6790
481.3,70618
481.3,7196
481.3,9188
481.3,9565
481.4,12087
481.4,15696
481.4,1998
481.4,2281
481.4,24438
481.4,2843
481.4,2894
481.4,4732
481.45,11980
481.45,13494
481.45,13695
481.45,19626
481.45,20912
481.45,23670
481.45,2629
481.45,2703
481.45,4085
481.45,6638
481.45,7098
481.45,78510
481.4,6897
481.4,9307
481.5,1025
481.5,10886
481.5,115827
481.5,14135
481.5,15842
481.5,1721
481.5,2146
481.5,21810
481.5,2665
481.5,2768
481.5,2771
481.5,2948
481.5,3051
481.5,3531
481.5,3916
481.5,4031
481.5,4086
481.5,40893
481.5,45237
481.55,1119
481.55,22307
481.55,28922
481.55,3059
481.55,3484
481.55,36456
481.55,40527
481.5,5488
481.55,5065
481.55,9387
481.5,7069
481.5,7244
481.6,10457
481.6,11894
481.6,11942
481.6,18122
481.6,2173
481.6,22157
481.6,4598
481.6,46811
481.65,37134
481.65,4539
481.65,50473
481.6,5866
481.6,5903
481.65,9414
481.65,9994
481.6,7716
481.6,8124
481.6,9913
481.7,11560
481.7,1488
481.7,2280
481.7,23957
481.7,2514
481.7,2549
481.7,30102
481.7,3751
481.7,4538
481.7,4884
481.75,1244
481.7,5127
481.75,13831
481.75,20153
481.75,3031
481.75,30673
481.75,4110
481.75,4354
481.75,5274
481.75,55867
481.75,68064
481.75,7198
481.75,7224
481.75,8815
481.7,5948
481.75,9622
481.7,8520
481.7,8732
481.7,89393
481.7,9271
481.7,9384
481.8,10228
481.8,12081
481.8,1765
481.8,26226
481.8,26555
481.8,2820
481.8,3320
481.8,33479
481.8,33672
481.8,3817
481.8,39812
481.8,4218
481.8,42692
481.8,4294
481.8,4310
481.8,4401
481.8,4475
481.8,4512
481.8,4551
481.85,10008
481.85,10660
481.85,11562
481.85,13547
481.85,20111
481.85,21755
481.85,2374
481.85,2835
481.85,3020
481.85,3305
481.85,3571
481.85,4284
481.8,5439
481.85,46979
481.85,5104
481.85,5117
481.85,5364
481.85,5767
481.85,6716
481.85,7012
481.85,86841
481.8,6187
481.8,8107
481.9,13583
481.9,15456
481.9,16564
481.9,1736
481.9,2038
481.9,2097
481.9,26734
481.9,3918
481.9,4486
481.9,50289
481.9,5093
481.95,14611
481.95,1962
481.95,20022
481.95,2019
481.95,2206
481.95,2559
481.95,3630
481.95,3912
481.95,4475
481.95,6068
481.95,6380
481.95,7438
481.95,7449
481.95,8203
481.95,8231
481.95,8438
481.95,9516
481.95,9637
481.95,9742
481.9,63631
481.9,64466
481.9,7177
481.9,7578
481.9,7654
481.9,7799
481.9,91493
482.0,10782
482.0,13368
482.0,17293
482.0,19530
482.0,22638
482.0,2308
482.0,2462
482.0,2480
482.0,2597
482.0,2675
482.0,2779
482.0,29690
482.0,3111
482.0,35484
482.0,36169
482.0,40323
482.0,4430
482.0,4788
482.0,4979
482.05,1017
482.05,10196
482.0,5119
482.0,5120
482.05,121184
482.05,12261
482.05,1392
482.05,14243
482.0,5158
482.05,1601
482.05,1869
482.0,52266
482.05,2312
482.05,28086
482.05,2957
482.05,3029
482.05,3434
482.05,3444
482.0,53829
482.05,4078
482.05,5125
482.05,6896
482.05,6945
482.0,5742
482.05,8030
482.05,8079
482.05,8755
482.0,6044
482.0,7169
482.0,7396
482.0,7517
482.0,7863
482.0,90784
482.0,9549
482.0,97394
482.1,10788
482.1,15965
482.1,16657
482.1,2129
482.1,4046
482.1,4475
482.1,4642
482.1,5047
482.15,10795
482.15,10890
482.15,12400
482.15,1353
482.15,3357
482.15,3987
482.15,40327
482.15,4172
482.15,4950
482.15,5081
482.15,5580
482.15,7025
482.15,8406
482.1,6463
482.1,7430
482.2,10300
482.2,11331
482.2,12370
482.2,14158
482.2,18653
482.2,19375
482.2,2638
482.2,29638
482.2,3408
482.2,3907
482.2,4054
482.2,4150
482.2,4360
482.2,4614
482.2,48078
482.25,10201
482.25,11447
482.25,13470
482.25,14006
482.25,15358
482.25,3385
482.2,5340
482.25,47863
482.25,50014
482.25,6321
482.25,7801
482.25,7906
482.2,5860
482.2,6312
482.2,6327
482.2,7089
482.2,8340
482.2,9113
482.3,21816
482.3,31982
482.3,3769
482.3,41296
482.3,47377
482.3,4947
482.35,1071
482.35,11763
482.35,12209
482.35,14163
482.3,5226
482.35,2413
482.35,25957
482.35,27474
482.35,3268
482.35,3623
482.35,3840
482.35,3842
482.35,4120
482.35,4428
482.35,5374
482.3,5679
482.35,7971
482.3,5963
482.3,6420
482.3,6629
482.3,7476
482.4,12486
482.4,133243
482.4,13945
482.4,1534
482.4,18434
482.4,3176
482.4,3721
482.4,4626
482.4,4690
482.4,4846
482.45,1104
482.45,25715
482.45,2661
482.45,2923
482.45,3349
482.45,34739
482.45,4367
482.45,50497
482.45,5855
482.45,7645
482.45,9307
482.4,6239
482.4,6247
482.4,6541
482.4,9199
482.5,10912
482.5,11643
482.5,12085
482.5,13843
482.5,14359
482.5,2752
482.5,3052
482.5,3324
482.5,3741
482.5,3971
482.55,10639
482.55,12002
482.55,12308
482.55,16798
482.55,23762
482.55,43457
482.55,44039
482.55,4750
482.5,5494
482.55,5099
482.5,5513
482.55,5423
482.55,54438
482.55,5958
482.55,8468
482.5,6411
482.5,6538
482.5,7511
482.5,8191
482.5,8445
482.6,10556
482.6,16057
482.6,18670
482.6,2891
482.6,32646
482.6,3385
482.6,4437
482.65,15068
482.65,2509
482.65,3188
482.65,4966
482.65,6930
482.6,6477
482.6,7300
482.6,7593
482.7,10556
482.7,11317
482.7,21585
482.7,3635
482.7,3690
482.7,3993
482.7,4201
482.7,4229
482.7,5125
482.75,145976
482.75,15824
482.75,18623
482.75,19845
482.75,24574
482.75,3312
482.7,5339
482.75,3685
482.75,3950
482.75,4032
482.7,5471
482.75,4780
482.75,4871
482.75,5107
482.75,5360
482.75,5558
482.75,5785
482.7,5623
482.7,5629
482.7,5729
482.75,8004
482.7,6180
482.7,6281
482.7,7437
482.7,8159
482.7,8316
482.7,9002
482.7,981
482.8,10281
482.8,17054
482.8,18735
482.8,2598
482.8,2901
482.8,3078
482.8,35688
482.8,3591
482.8,4260
482.8,4390
482.85,12440
482.85,12812
482.85,16452
482.85,19715
482.85,2295
482.8,5232
482.85,3768
482.85,4045
482.85,40504
482.85,46531
482.85,4772
482.85,48619
482.8,5495
482.85,51901
482.85,5702
482.85,5751
482.85,58705
482.85,6018
482.85,6212
482.85,6899
482.85,7006
482.85,7043
482.85,7329
482.85,8372
482.85,9590
482.8,6135
482.8,6198
482.8,6358
482.8,6872
482.8,8335
482.9,1096
482.9,1437
482.9,1616
482.9,17066
482.9,17330
482.9,19346
482.9,2281
482.9,3879
482.9,43968
482.9,4802
482.9,4818
482.9,50691
482.95,1211
482.95,12208
482.95,12625
482.95,193282
482.95,1971
482.95,2236
482.95,22879
482.95,261429
482.95,3585
482.95,40775
482.9,5529
482.95,5403
482.95,5582
482.95,61732
482.95,9154
482.95,9988
482.9,7242
482.9,7392
482.9,7746
482.9,8072
482.9,9590
483.0,100486
483.0,10380
483.0,10585
483.0,1528
483.0,1718
483.0,24340
483.0,2444
483.0,24713
483.0,2481
483.0,2530
483.0,25672
483.0,2970
483.0,3529
483.0,41259
483.0,4363
483.0,4453
483.0,45422
483.05,11240
483.05,3472
483.05,37521
483.05,44194
483.05,4457
483.0,5480
483.05,5100
483.05,5298
483.05,5638
483.0,5575
483.05,6158
483.0,5629
483.05,7627
483.05,7749
483.0,5800
483.05,8468
483.05,86020
483.05,918
483.0,6230
483.0,6332
483.0,6399
483.0,6420
483.0,6499
483.0,6572
483.0,68423
483.0,8083
483.0,8835
483.0,8849
483.0,9119
483.0,9492
483.0,9601
483.0,9637
483.1,1083
483.1,12316
483.1,19922
483.1,2540
483.1,3602
483.1,41631
483.15,10737
483.15,17256
483.1,51901
483.15,21265
483.15,30132
483.15,34239
483.15,4292
483.15,4399
483.15,6036
483.15,72002
483.1,5982
483.1,6993
483.1,8339
483.1,87486
483.1,8916
483.2,11187
483.2,123691
483.2,12759
483.2,13869
483.2,14437
483.2,16042
483.2,18356
483.2,2305
483.2,23405
483.2,3023
483.2,3240
483.2,3250
483.2,4156
483.25,10119
483.25,10649
483.25,1065
483.25,12036
483.25,13256
483.25,13833
483.25,14208
483.25,14769
483.25,15550
483.25,1811
483.2,5184
483.25,1885
483.25,2039
483.2,5233
483.25,2561
483.25,3479
483.25,3504
483.25,3900
483.25,4060
483.25,4756
483.25,4759
483.25,4854
483.25,5058
483.25,5061
483.25,5062
483.25,5837
483.25,6377
483.25,6773
483.25,8329
483.25,84085
483.25,8764
483.25,8812
483.2,5913
483.2,6339
483.2,6557
483.2,679
483.2,7498
483.2,79052
483.3,12121
483.3,12527
483.3,2259
483.3,2728
483.3,2779
483.3,2897
483.3,3193
483.3,3885
483.3,4737
483.3,4753
483.35,10446
483.35,11167
483.3,5125
483.35,130550
483.35,1945
483.35,1973
483.35,20016
483.35,23245
483.35,3073
483.35,3128
483.35,4554
483.35,650
483.35,67778
483.35,7433
483.35,8192
483.35,8925
483.3,6023
483.3,6187
483.3,8013
483.4,107868
483.4,12253
483.4,12569
483.4,12883
483.4,14203
483.4,193448
483.4,1938
483.4,20220
483.4,21683
483.4,2645
483.4,27286
483.4,2767
483.4,28987
483.4,3199
483.4,3317
483.4,3414
483.4,3888
483.4,4072
483.4,4943
483.45,10868
483.45,11112
483.45,13987
483.45,18209
483.45,18420
483.45,2101
483.45,21968
483.45,29759
483.45,30610
483.45,3969
483.45,3994
483.45,4076
483.45,4091
483.45,4330
483.45,4583
483.45,5976
483.45,64401
483.45,64838
483.4,5682
483.4,58120
483.45,8212
483.45,8360
483.45,9116
483.45,9298
483.4,5944
483.4,858
483.5,10487
483.5,115467
483.5,12804
483.5,13036
483.5,13578
483.5,1415
483.5,15130
483.5,15241
483.5,16093
483.5,2025
483.5,2148
483.5,2572
483.5,2687
483.5,27276
483.5,36164
483.5,3704
483.5,3900
483.5,39688
483.5,40799
483.5,4238
483.5,4260
483.5,4281
483.5,4564
483.5,4691
483.5,50553
483.55,10087
483.55,10272
483.55,11318
483.5,5168
483.55,17002
483.55,2123
483.55,2403
483.55,2683
483.55,28313
483.55,3480
483.55,3765
483.55,44118
483.55,5015
483.55,6135
483.5,5779
483.55,7842
483.5,5962
483.5,6572
483.5,6746
483.5,7348
483.5,8095
483.5,8138
483.5,8511
483.5,90374
483.5,9229
483.6,10486
483.6,11002
483.6,1655
483.6,17507
483.6,1838
483.6,18557
483.6,2321
483.6,2441
483.6,2689
483.6,2748
483.6,32472
483.6,34451
483.6,5043
483.65,1273
483.65,13331
483.6,5145
483.65,16428
483.65,1704
483.65,20378
483.65,21336
483.65,21633
483.65,2169
483.65,22413
483.65,2874
483.65,2945
483.65,29705
483.65,31127
483.65,31415
483.65,3867
483.65,50724
483.65,73813
483.65,7530
483.65,9317
483.65,9807
483.6,6899
483.6,6983
483.6,8485
483.6,9220
483.7,1049
483.7,12178
483.7,14583
483.7,14908
483.7,1693
483.7,17229
483.7,2028
483.7,20373
483.7,2183
483.7,22501
483.7,2325
483.7,24750
483.7,2587
483.7,3382
483.7,3422
483.7,3596
483.7,3628
483.7,40480
483.7,4067
483.7,4389
483.7,4783
483.7,4876
483.7,4885
483.75,1058
483.75,12167
483.75,2202
483.75,22613
483.75,2644
483.75,2731
483.75,2853
483.75,31320
483.75,3375
483.75,3421
483.75,354225
483.75,3775
483.75,4442
483.75,4884
483.75,52407
483.75,6179
483.75,6586
483.7,5721
483.75,7632
483.75,8162
483.75,8706
483.75,9053
483.75,955
483.7,5974
483.7,66574
483.7,7045
483.7,71319
483.7,7264
483.7,8077
483.7,8505
483.7,88733
483.7,9317
483.8,10710
483.8,11914
483.8,12933
483.8,14502
483.8,15589
483.8,1637
483.8,18588
483.8,2255
483.8,23061
483.8,35657
483.8,39207
483.8,4721
483.85,14848
483.85,15152
483.85,16473
483.85,1931
483.8,5196
483.85,24403
483.85,37900
483.85,4264
483.85,51380
483.85,52177
483.85,6158
483.85,6654
483.85,9426
483.8,61417
483.8,8497
483.9,11976
483.9,15161
483.9,1889
483.9,2271
483.9,24667
483.9,2785
483.9,3360
483.9,34872
483.9,38414
483.9,4716
483.95,101900
483.95,1092
483.95,1146
483.95,11817
483.95,123381
483.95,1339
483.95,1441
483.95,15475
483.95,15639
483.95,1841
483.95,19820
483.95,21225
483.95,2147
483.95,2425
483.95,2844
483.95,3247
483.95,3252
483.95,36016
483.95,3655
483.95,4986
483.95,50503
483.95,5615
483.95,5671
483.95,6196
483.95,6295
483.95,6376
483.95,6561
483.95,7480
483.9,5948
483.95,9745
483.9,6758
483.9,7406
483.9,8699
483.9,90460
484.0,11671
484.0,12433
484.0,155362
484.0,15822
484.0,16518
484.0,1698
484.0,17109
484.0,17117
484.0,1755
484.0,1859
484.0,2212
484.0,2216
484.0,2349
484.0,2415
484.0,2595
484.0,2732
484.0,29214
484.0,3078
484.0,3327
484.0,4357
484.0,4507
484.0,5034
484.05,16517
484.05,1798
484.05,18252
484.05,2369
484.05,2388
484.05,2692
484.0,52932
484.05,35286
484.05,37859
484.05,4930
484.05,5349
484.05,6268
484.05,6786
484.05,7644
484.05,8182
484.05,8242
484.05,91985
484.0,7157
484.0,7793
484.0,8797
484.0,88848
484.1,12268
484.1,12404
484.1,12762
484.1,15779
484.1,1626
484.1,2055
484.1,217085
484.1,22424
484.1,34601
484.1,3630
484.1,44639
484.15,12670
484.15,14129
484.15,18754
484.15,25389
484.15,32865
484.15,55819
484.15,7525
484.15,86152
484.1,6032
484.1,66245
484.1,7421
484.2,10084
484.2,113767
484.2,13837
484.2,22801
484.2,24643
484.2,28614
484.2,315722
484.2,35353
484.2,4921
484.25,10184
484.25,11048
484.25,13019
484.25,13346
484.25,14140
484.25,20337
484.25,22657
484.25,23895
484.25,33484
484.25,4111
484.25,68996
484.25,70600
484.2,5766
484.25,9701
484.2,7116
484.2,7518
484.2,7549
484.2,77864
484.2,8478
484.2,93529
484.3,10158
484.3,10805
484.3,11997
484.3,12142
484.3,13828
484.3,13847
484.3,14913
484.3,15375
484.3,1731
484.3,19204
484.3,20589
484.3,20860
484.3,29147
484.3,4413
484.3,47614
484.35,12779
484.35,13752
484.3,5140
484.35,15914
484.35,16679
484.35,18164
484.35,21874
484.35,23948
484.35,33836
484.35,5692
484.35,6246
484.35,6562
484.35,8352
484.35,8449
484.3,5910
484.3,6090
484.3,6746
484.3,8979
484.3,9804
484.4,12228
484.4,12413
484.4,15345
484.4,15814
484.4,18951
484.4,2013
484.4,2614
484.4,2882
484.4,29646
484.4,3009
484.4,39097
484.4,4663
484.4,4924
484.4,49297
484.4,5030
484.45,10410
484.45,12055
484.45,16428
484.45,17906
484.45,2420
484.45,26847
484.4,52935
484.45,2940
484.45,30978
484.45,3690
484.45,37571
484.45,55303
484.45,7402
484.4,7236
484.4,7831
484.4,9420
484.4,9505
484.5,11059
484.5,11162
484.5,1167
484.5,13496
484.5,135060
484.5,14407
484.5,15193
484.5,16502
484.5,17714
484.5,1835
484.5,21291
484.5,23717
484.5,24500
484.5,2525
484.5,27822
484.5,28161
484.5,3714
484.5,44838
484.55,11311
484.55,11471
484.5,5120
484.55,14205
484.55,1547
484.55,16371
484.55,1806
484.55,18506
484.55,2451
484.55,3859
484.55,4286
484.55,43543
484.55,47442
484.55,8487
484.5,5901
484.5,6925
484.5,8639
484.5,91938
484.5,9413
484.5,9819
484.6,11645
484.6,12296
484.6,14612
484.6,16215
484.6,1654
484.6,2621
484.6,2678
484.6,29593
484.6,3664
484.6,4448
484.6,45645
484.6,4724
484.65,11409
484.65,11831
484.65,12772
484.65,128892
484.65,139662
484.65,15158
484.65,16195
484.65,17119
484.65,18055
484.65,1897
484.65,21006
484.65,3579
484.65,3877
484.65,5073
484.65,6143
484.65,6698
484.65,7320
484.65,8197
484.6,6212
484.6,6659
484.6,68667
484.6,7598
484.6,7773
484.6,8491
484.6,9033
484.7,15469
484.7,19670
484.7,32094
484.75,10138
484.75,11326
484.75,12010
484.75,13272
484.75,135438
484.75,24763
484.75,3054
484.75,3198
484.75,38421
484.75,4062
484.75,4565
484.75,5188
484.7,5534
484.75,5818
484.75,6184
484.7,57217
484.75,8223
484.75,9884
484.7,64431
484.7,7121
484.7,8143
484.7,9450
484.7,9605
484.7,9689
484.8,10307
484.8,11060
484.8,11745
484.8,12448
484.8,13093
484.8,13374
484.8,13771
484.8,14242
484.8,14848
484.8,18418
484.8,23855
484.8,24172
484.8,2804
484.8,311643
484.8,33009
484.8,34577
484.8,4031
484.8,42535
484.8,4860
484.85,15204
484.85,15933
484.85,16357
484.85,167913
484.85,1859
484.85,19020
484.85,23259
484.85,24430
484.85,27345
484.8,5287
484.85,28808
484.85,30905
484.85,3281
484.85,33756
484.85,38047
484.85,42279
484.85,4272
484.85,4393
484.85,49018
484.85,5067
484.85,5249
484.8,5551
484.85,6258
484.85,72312
484.85,8168
484.85,8272
484.85,9741
484.8,7090
484.8,7669
484.9,10582
484.9,11542
484.9,196643
484.9,2796
484.9,3714
484.9,4648
484.9,5103
484.95,11194
484.95,13910
484.95,14254
484.95,146646
484.95,14820
484.95,16000
484.9,5163
484.95,16546
484.9,5228
484.95,24861
484.95,2509
484.95,28921
484.95,2968
484.95,39925
484.95,4066
484.95,4073
484.95,4110
484.9,5429
484.95,4332
484.95,4365
484.95,5621
484.95,75466
484.95,7596
484.9,9385
485.0,10134
485.0,12299
485.0,1274
485.0,13225
485.0,15283
485.0,17343
485.0,18207
485.0,19063
485.0,19902
485.0,20045
485.0,23230
485.0,24229
485.0,2659
485.0,3020
485.0,3376
485.0,3706
485.0,4020
485.0,40234
485.0,4033
485.0,46353
485.0,50941
485.05,15321
485.05,19136
485.05,20922
485.05,26473
485.05,4241
485.05,4833
485.05,5482
485.0,5673
485.05,86011
485.05,8620
485.0,6031
485.0,61229
485.0,81922
485.0,9206
485.0,9999
485.1,13789
485.1,15077
485.1,179228
485.1,19684
485.1,4943
485.15,10176
485.15,10244
485.15,1630
485.15,25069
485.15,31763
485.15,33262
485.15,35426
485.15,4701
485.15,8811
485.1,6918
485.1,79524
485.1,9192
485.2,1086
485.2,17029
485.2,22474
485.2,25847
485.2,342292
485.2,3624
485.2,3807
485.2,3910
485.2,3936
485.2,39904
485.25,1008
485.25,13896
485.2,5186
485.25,250429
485.25,37354
485.25,3994
485.25,4710
485.25,53918
485.25,6804
485.25,7802
485.2,5938
485.2,9318
485.3,10043
485.3,102575
485.3,1369
485.3,15802
485.3,1598
485.3,24915
485.3,3457
485.3,36395
485.35,110896
485.35,1585
485.35,20618
485.35,20961
485.35,21936
485.35,24220
485.35,2931
485.35,3403
485.35,41472
485.35,5387
485.35,5399
485.35,5925
485.35,7162
485.35,7866
485.35,79028
485.35,8108
485.35,9367
485.4,11126
485.4,14338
485.4,3917
485.4,4099
485.4,5070
485.45,11499
485.45,12450
485.45,14297
485.45,14758
485.45,17817
485.45,2077
485.45,23018
485.45,27084
485.45,4634
485.45,6021
485.45,8791
485.45,9678
485.4,6027
485.4,64756
485.4,71234
485.4,8080
485.5,102440
485.5,121137
485.5,14204
485.5,16349
485.5,26829
485.5,31857
485.5,34207
485.5,3597
485.5,4560
485.5,4653
485.55,26938
485.55,37070
485.5,5744
485.55,90536
485.5,5938
485.5,9041
485.6,10200
485.6,14161
485.6,2529
485.6,30301
485.6,4316
485.65,10738
485.65,123155
485.65,12959
485.6,5207
485.6,53175
485.65,32787
485.65,35791
485.65,40847
485.65,56805
485.65,633294
485.65,63404
485.65,92870
485.6,68828
485.6,8247
485.6,9292
485.7,14593
485.7,17775
485.7,18710
485.7,19057
485.7,2757
485.7,3437
485.7,46973
485.75,28670
485.75,6257
485.7,9540
485.8,11362
485.8,15354
485.8,2704
485.8,39155
485.8,40352
485.85,10163
485.85,13179
485.85,14491
485.8,5151
485.85,1826
485.85,1877
485.85,19481
485.85,1962
485.85,19732
485.85,29592
485.85,35409
485.85,3752
485.85,4024
485.85,4178
485.85,4715
485.85,52149
485.85,61674
485.85,6822
485.85,7497
485.85,8538
485.8,8344
485.8,8939
485.9,10486
485.9,108220
485.9,11255
485.9,20045
485.9,21039
485.9,25146
485.9,33270
485.9,3743
485.9,4131
485.9,41864
485.9,44263
485.95,13683
485.95,15233
485.95,2856
485.9,5350
485.95,5531
485.95,6760
485.9,6345
485.9,9748
486.0,113523
486.0,13014
486.0,172754
486.0,17340
486.0,18662
486.0,2031
486.0,2263
486.0,31719
486.0,3638
486.0,3731
486.0,4345
486.0,4646
486.0,4767
486.0,49086
486.05,13302
486.05,13505
486.05,18177
486.05,3157
486.05,37311
486.05,4523
486.0,5488
486.05,5080
486.05,59966
486.0,5660
486.05,7356
486.05,7576
486.05,89676
486.05,9573
486.0,61493
486.0,61946
486.0,7092
486.0,7612
486.0,8129
486.0,8155
486.0,8908
486.0,90246
486.1,10781
486.1,1196
486.1,139151
486.1,30329
486.1,3606
486.1,3930
486.1,4443
486.1,5038
486.15,11521
486.15,190935
486.15,2223
486.15,4406
486.15,5077
486.15,5291
486.15,54571
486.15,57758
486.1,5684
486.15,753139
486.1,67480
486.1,8617
486.1,8853
486.1,9010
486.2,10459
486.2,12163
486.2,15761
486.2,18014
486.2,1838
486.2,21144
486.2,2330
486.2,2821
486.2,33282
486.2,36330
486.25,10957
486.25,12330
486.25,125595
486.25,13952
486.25,18959
486.25,19297
486.25,2961
486.25,4764
486.25,6303
486.25,6612
486.25,6851
486.25,7035
486.25,7276
486.25,80021
486.25,8438
486.2,9768
486.3,12263
486.3,1956
486.3,21558
486.3,22780
486.3,3940
486.3,44403
486.3,4970
486.35,10134
486.35,10464
486.35,16146
486.35,20091
486.35,20800
486.35,2181
486.35,34830
486.35,34989
486.35,3634
486.35,45674
486.3,6195
486.3,8308
486.3,9282
486.4,10063
486.4,12150
486.4,14571
486.4,161113
486.4,16662
486.4,41016
486.4,46928
486.45,10294
486.45,103957
486.45,12450
486.45,14666
486.45,21752
486.45,3139
486.45,5983
486.45,9058
486.5,10559
486.5,10684
486.5,121436
486.5,13227
486.5,15300
486.5,36787
486.55,12542
486.55,12611
486.55,31450
486.55,4438
486.55,75562
486.55,8972
486.5,6181
486.5,6653
486.5,6864
486.5,8243
486.5,8885
486.5,8895
486.5,93458
486.6,10304
486.6,106162
486.6,11047
486.6,1790
486.6,22535
486.6,3789
486.6,39521
486.6,4144
486.6,43050
486.6,4855
486.65,106515
486.65,2003
486.65,20937
486.65,25143
486.6,52662
486.65,29811
486.65,34361
486.65,7982
486.65,8449
486.65,9448
486.6,7139
486.6,86504
486.7,101536
486.7,1280
486.7,1421
486.7,16792
486.7,1976
486.7,20510
486.7,24226
486.7,3194
486.7,32189
486.7,34609
486.7,46820
486.7,49385
486.75,25664
486.75,43199
486.75,5012
486.75,7319
486.7,7566
486.7,9207
486.8,13931
486.8,15120
486.8,17432
486.8,182969
486.8,23528
486.8,2583
486.8,3987
486.8,4517
486.8,48073
486.85,18855
486.85,3275
486.85,40920
486.85,8611
486.85,8723
486.8,6296
486.8,7651
486.8,80470
486.8,8626
486.8,9612
486.9,11974
486.9,12448
486.9,13654
486.9,20974
486.9,2365
486.9,26834
486.9,3176
486.9,32372
486.9,32770
486.9,36830
486.9,38300
486.95,10074
486.95,110630
486.95,16852
486.95,24318
486.95,43697
486.95,5300
486.95,71705
486.9,6645
486.9,9319
486.9,9736
487.0,10109
487.0,12125
487.0,12163
487.0,12860
487.0,13161
487.0,13227
487.0,13805
487.0,15743
487.0,16000
487.0,16806
487.0,19192
487.0,22807
487.0,22818
487.0,23011
487.0,24562
487.0,25487
487.0,2819
487.0,28832
487.0,3151
487.0,32619
487.0,4203
487.05,17770
487.05,20296
487.05,23222
487.05,25971
487.05,30212
487.05,42262
487.05,48802
487.05,68101
487.05,8315
487.05,85969
487.0,64040
487.0,6727
487.0,7267
487.0,73592
487.0,7444
487.0,8079
487.0,87914
487.0,88707
487.1,112496
487.1,12064
487.1,13683
487.1,15150
487.1,16247
487.1,20459
487.1,31303
487.1,32066
487.1,33842
487.15,10066
487.15,12726
487.15,12932
487.15,15223
487.15,19159
487.15,20871
487.15,33267
487.15,46195
487.15,48640
487.15,5432
487.15,5992
487.15,7700
487.15,8862
487.15,9552
487.2,10148
487.2,14540
487.2,16923
487.2,24964
487.2,34334
487.2,40209
487.2,44131
487.25,10244
487.25,12347
487.25,12944
487.25,13083
487.25,13201
487.25,18905
487.25,20858
487.2,53648
487.25,37384
487.25,42913
487.25,45843
487.25,61279
487.25,9255
487.2,8074
487.2,9178
487.3,102422
487.3,11584
487.3,11645
487.3,11777
487.3,13412
487.3,13743
487.3,18682
487.3,28403
487.3,32961
487.3,32987
487.3,39558
487.3,40892
487.3,50524
487.35,12273
487.35,12958
487.35,145784
487.35,22844
487.35,35628
487.35,36481
487.35,36765
487.3,5706
487.35,8961
487.3,7761
487.3,7944
487.3,8440
487.3,9078
487.4,16579
487.4,20206
487.4,21450
487.4,43146
487.45,10099
487.45,12326
487.45,13947
487.45,14624
487.45,14717
487.45,15485
487.45,16612
487.45,17908
487.45,41594
487.45,61163
487.4,57586
487.45,9562
487.4,7003
487.4,78082
487.4,82989
487.4,9776
487.5,11322
487.5,12037
487.5,14338
487.5,16916
487.5,26738
487.5,28035
487.5,354712
487.5,40642
487.55,10158
487.55,11705
487.55,12416
487.55,13745
487.55,16455
487.55,17092
487.55,22997
487.55,23656
487.55,29383
487.55,30852
487.55,37407
487.55,47724
487.55,5158
487.5,5624
487.55,7445
487.55,8169
487.55,9632
487.5,6961
487.6,10046
487.6,10256
487.6,11453
487.6,11905
487.6,15670
487.6,16809
487.6,20233
487.6,22215
487.6,24085
487.6,244972
487.6,36209
487.6,43071
487.65,10342
487.65,14343
487.65,15854
487.65,24458
487.65,254023
487.65,25726
487.65,31236
487.65,40159
487.65,42178
487.65,4246
487.6,55006
487.65,5109
487.65,5179
487.65,58689
487.65,61446
487.6,57493
487.65,8407
487.6,7399
487.6,8069
487.6,88667
487.6,9525
487.7,10417
487.7,12373
487.7,14102
487.7,146521
487.7,23184
487.7,23188
487.7,26416
487.7,34463
487.7,38293
487.7,39022
487.75,10613
487.75,14543
487.75,16015
487.75,19515
487.75,23877
487.75,25260
487.75,29692
487.75,6855
487.75,7105
487.7,58147
487.75,9774
487.7,8233
487.7,9524
487.7,9831
487.8,10378
487.8,11837
487.8,12474
487.8,13367
487.8,13908
487.8,17101
487.8,29687
487.8,4604
487.85,10507
487.85,10735
487.85,10856
487.85,131502
487.85,13644
487.85,150574
487.85,17483
487.85,197141
487.85,37970
487.8,54035
487.85,4963
487.85,67889
487.85,9351
487.85,93908
487.85,9833
487.85,9925
487.8,6355
487.8,6954
487.8,7618
487.8,9563
487.9,10955
487.9,12671
487.9,15683
487.9,23310
487.9,23739
487.9,24036
487.9,26355
487.9,30238
487.9,32358
487.9,3914
487.95,13481
487.95,14070
487.95,23371
487.95,23789
487.9,5649
487.9,7687
487.9,78024
487.9,8171
487.9,88642
488.0,10452
488.0,13263
488.0,13415
488.0,14090
488.0,15275
488.0,15680
488.0,16058
488.0,174105
488.0,195363
488.0,24332
488.0,28156
488.0,30172
488.0,33155
488.05,13794
488.05,17210
488.0,5204
488.05,2341203
488.0,5371
488.05,39351
488.05,4079
488.0,5483
488.05,5309
488.05,6148
488.0,5795
488.0,6394
488.0,6880
488.0,8125
488.1,142472
488.1,23597
488.1,25440
488.1,35833
488.1,4040
488.1,4936
488.15,13442
488.15,14297
488.15,4116
488.1,5435
488.1,5499
488.15,7478
488.15,7528
488.1,6275
488.1,6980
488.1,7823
488.1,9408
488.2,14580
488.2,2271
488.2,2524
488.2,26474
488.2,32893
488.2,34590
488.2,35132
488.2,4543
488.2,4967
488.25,21959
488.25,41016
488.25,44984
488.25,53432
488.25,6755
488.25,7351
488.2,74847
488.2,85555
488.2,87797
488.3,18787
488.3,19006
488.3,20278
488.3,22355
488.3,2408
488.3,24485
488.3,27227
488.3,31259
488.3,31495
488.3,42857
488.3,45003
488.3,4508
488.35,10324
488.35,12461
488.35,13235
488.35,25840
488.35,27683
488.35,28375
488.35,3506
488.35,36530
488.35,4156
488.35,52909
488.35,5498
488.3,66648
488.3,7408
488.4,15113
488.4,192091
488.4,2133
488.4,49800
488.45,13249
488.45,14187
488.45,16186
488.45,17470
488.45,21226
488.45,22545
488.4,5259
488.45,31095
488.45,3844
488.45,6341
488.45,76473
488.4,58645
488.45,8714
488.5,14940
488.5,24225
488.5,26274
488.5,27418
488.5,35622
488.5,44891
488.55,10042
488.55,135230
488.55,15834
488.55,20367
488.55,24581
488.55,31688
488.55,34942
488.55,5128
488.55,5332
488.55,8251
488.5,6984
488.5,7685
488.6,11531
488.6,11702
488.6,13913
488.6,149354
488.6,15006
488.6,15580
488.6,178304
488.6,19237
488.6,20824
488.6,21271
488.6,25565
488.6,31604
488.6,32187
488.6,32372
488.6,33603
488.6,51893
488.65,25827
488.65,26050
488.65,2748
488.65,43666
488.65,5825
488.6,57216
488.6,7127
488.6,7633
488.6,87790
488.6,9920
488.7,11471
488.7,12677
488.7,24968
488.7,30495
488.75,10142
488.75,13676
488.75,14597
488.75,16562
488.75,20040
488.7,5266
488.75,27445
488.75,29874
488.75,30286
488.75,33934
488.7,54334
488.75,4607
488.7,54661
488.75,4837
488.75,4927
488.75,6666
488.75,7093
488.75,8706
488.75,9423
488.7,6633
488.7,8128
488.7,8748
488.7,8861
488.7,9864
488.7,9881
488.8,10762
488.8,12606
488.8,18724
488.8,20803
488.8,25466
488.8,33097
488.8,33835
488.85,10956
488.85,11527
488.85,12874
488.85,25729
488.85,31828
488.85,32710
488.8,5379
488.85,48544
488.85,57649
488.85,7148
488.85,71742
488.8,6246
488.8,7566
488.9,10243
488.9,11186
488.9,13090
488.9,14977
488.9,15759
488.9,16882
488.9,32399
488.9,35881
488.9,4467
488.95,15972
488.95,18782
488.95,21876
488.95,4901
488.95,9833
488.9,8063
488.9,89174
488.9,9582
489.0,10626
489.0,10969
489.0,11617
489.0,14359
489.0,14728
489.0,15657
489.0,16173
489.0,18436
489.0,22251
489.0,23223
489.0,28743
489.0,33342
489.0,35128
489.0,39323
489.0,46443
489.0,4819
489.0,48635
489.05,11739
489.05,14989
489.05,23837
489.05,24766
489.05,26154
489.05,38340
489.05,42323
489.05,51826
489.05,5262
489.0,55755
489.05,6467
489.05,71853
489.05,93975
489.0,6462
489.0,6702
489.1,11668
489.1,23488
489.1,24301
489.1,25003
489.1,27948
489.1,50099
489.1,5099
489.15,12198
489.15,13912
489.15,180526
489.15,3111
489.15,32257
489.15,33342
489.15,35902
489.15,3796
489.15,39206
489.15,4223
489.15,48531
489.15,51950
489.15,6982
489.15,7235
489.15,7958
489.1,57969
489.15,9198
489.1,6676
489.2,11928
489.2,127523
489.2,14497
489.2,20088
489.2,20361
489.2,35983
489.2,385159
489.25,10127
489.25,11680
489.25,13205
489.25,14488
489.25,19436
489.25,20456
489.25,24335
489.25,27328
489.25,37964
489.2,6496
489.2,8917
489.2,9148
489.3,11954
489.3,15612
489.3,16228
489.3,16459
489.3,32273
489.3,37730
489.35,10789
489.35,11878
489.35,25008
489.35,33162
489.35,40265
489.35,55090
489.35,61595
489.35,67459
489.35,7658
489.35,8043
489.35,8474
489.35,9985
489.3,78753
489.3,8098
489.3,9641
489.4,13331
489.4,15395
489.4,25315
489.4,30709
489.4,31162
489.45,13120
489.45,22322
489.45,31775
489.45,3587
489.45,5412
489.45,6470
489.45,73905
489.4,6063
489.4,61207
489.4,8770
489.5,12498
489.5,14740
489.5,18116
489.5,21642
489.5,24249
489.5,25964
489.5,2756
489.5,38949
489.55,11280
489.55,15585
489.55,25058
489.55,36391
489.55,41389
489.55,4524
489.55,5118
489.55,62050
489.55,7625
489.55,8339
489.55,8493
489.55,9140
489.5,6334
489.5,63415
489.5,8828
489.5,9200
489.6,10120
489.6,11486
489.6,11502
489.6,15866
489.6,20079
489.6,23783
489.6,26988
489.6,30635
489.6,35039
489.6,4779
489.6,5222
489.65,3810
489.65,47148
489.65,5084
489.65,6749
489.65,8489
489.6,9738
489.7,101016
489.7,10454
489.7,17584
489.7,24166
489.7,30309
489.7,33670
489.7,34518
489.7,34797
489.75,10313
489.75,10797
489.75,11085
489.75,11293
489.75,122059
489.75,13436
489.75,13695
489.75,19284
489.75,19938
489.75,21519
489.75,22075
489.75,22654
489.75,25880
489.75,27000
489.75,2770
489.75,28858
489.75,3504
489.75,37194
489.75,42718
489.75,45792
489.75,4726
489.75,48184
489.75,4931
489.75,51656
489.75,5234
489.75,73806
489.7,7499
489.8,135761
489.8,22213
489.8,30604
489.8,31343
489.8,35896
489.8,42132
489.8,44861
489.8,47262
489.8,48177
489.85,11231
489.85,11851
489.85,5016
489.85,52454
489.85,7506
489.8,8074
489.8,9809
489.9,12676
489.9,16760
489.9,25844
489.9,26510
489.9,27176
489.95,11471
489.95,21988
489.95,22726
489.95,27635
489.95,29715
489.95,32777
489.95,38246
489.95,41731
489.95,51690
489.95,9748
489.9,65365
490.0,10099
490.0,19614
490.0,20385
490.0,21959
490.0,22490
490.0,22745
490.0,25684
490.0,28871
490.0,28885
490.0,3699
490.0,39438
490.0,50956
490.0,5112
490.05,22647
490.05,24254
490.05,40817
490.05,5670
490.05,8482
490.05,8677
490.0,7533
490.0,9391
490.1,11048
490.1,2001
490.1,22172
490.1,29303
490.15,10673
490.15,14550
490.15,14891
490.15,21181
490.15,2491
490.15,29834
490.15,31688
490.15,33690
490.15,4034
490.15,43576
490.15,5747
490.15,7145
490.1,8040
490.1,90748
490.1,9308
490.2,119410
490.2,12398
490.2,13280
490.2,16889
490.2,19255
490.2,24930
490.2,2646
490.2,28157
490.2,4272
490.2,46856
490.25,10000
490.25,12032
490.25,15964
490.25,21702
490.25,3511
490.25,43390
490.2,5459
490.2,60125
490.2,63361
490.2,65381
490.2,6798
490.3,10547
490.3,10795
490.3,122047
490.3,12994
490.3,20260
490.3,29530
490.3,48854
490.35,12417
490.35,1471
490.35,183899
490.35,23795
490.35,33854
490.35,4365
490.35,5776
490.3,5739
490.35,7520
490.3,8366
490.4,13808
490.4,14918
490.4,26638
490.4,50464
490.45,10625
490.45,11031
490.45,11043
490.45,17706
490.45,17891
490.45,30795
490.45,36503
490.45,63615
490.5,12303
490.5,13885
490.5,18519
490.5,29058
490.5,3651
490.5,5025
490.55,17196
490.55,18783
490.55,25871
490.5,52632
490.55,28418
490.55,42827
490.55,58681
490.55,9276
490.5,59913
490.5,9117
490.6,10732
490.6,12192
490.6,13013
490.6,13100
490.6,2381
490.6,25467
490.6,25520
490.6,30360
490.6,39015
490.65,106685
490.65,18057
490.65,22769
490.65,25918
490.65,28537
490.65,46590
490.65,49215
490.65,50055
490.65,57668
490.65,58603
490.6,72558
490.7,11211
490.7,13850
490.7,14716
490.7,16633
490.7,21966
490.7,22362
490.7,34713
490.7,38533
490.7,48061
490.75,11870
490.75,13476
490.75,24942
490.75,30405
490.75,41191
490.75,54366
490.7,61217
490.7,6512
490.8,13758
490.8,15012
490.8,15285
490.8,18644
490.8,20085
490.8,26120
490.8,39882
490.8,45456
490.85,19463
490.85,222352
490.85,23069
490.85,24278
490.85,32364
490.85,32554
490.85,40216
490.85,49157
490.8,56284
490.8,9938
490.9,21737
490.9,21827
490.9,26692
490.9,27038
490.9,36428
490.9,46296
490.9,50400
490.95,100564
490.95,12346
490.95,12892
490.95,30478
490.95,34092
490.9,79474
491.0,11645
491.0,15621
491.0,19141
491.0,20245
491.0,20713
491.0,22304
491.0,26963
491.0,27667
491.05,12547
491.05,14075
491.05,18261
491.05,20664
491.05,20770
491.05,22213
491.05,35409
491.05,39250
491.05,42155
491.05,58970
491.05,8042
491.05,8178
491.05,8280
491.0,6277
491.0,8729
491.0,9208
491.0,92586
491.0,9998
491.1,18426
491.1,20159
491.1,27430
491.15,12345
491.15,41978
491.15,4792
491.15,58669
491.15,7687
491.2,10504
491.2,121065
491.2,15029
491.2,17383
491.2,27415
491.2,3294
491.2,43649
491.2,58197
491.2,63222
491.2,8575
491.2,8641
491.2,9283
491.3,12707
491.3,13877
491.3,13998
491.3,16347
491.3,26258
491.3,31167
491.3,42424
491.35,12312
491.35,17026
491.35,23898
491.35,39915
491.35,4594
491.3,55964
491.35,9173
491.3,69656
491.4,11727
491.4,12982
491.4,16833
491.4,18036
491.4,19190
491.4,20591
491.4,22452
491.4,35255
491.4,35585
491.4,35599
491.4,48440
491.45,10601
491.45,11319
491.45,13964
491.45,20265
491.45,80099
491.45,8364
491.4,66912
491.5,14317
491.5,14578
491.5,24282
491.5,2489
491.5,26991
491.5,38225
491.5,42205
491.55,10339
491.55,125838
491.55,14884
491.55,19167
491.55,25747
491.55,34083
491.55,55615
491.55,5588
491.5,5630
491.55,67594
491.5,5742
491.5,62023
491.6,13106
491.6,20288
491.65,11961
491.65,12576
491.65,16232
491.65,20152
491.65,33690
491.6,54846
491.65,52486
491.65,54600
491.6,57379
491.65,7663
491.65,8828
491.6,66820
491.6,79103
491.6,8917
491.6,9160
491.7,11726
491.7,23609
491.7,25485
491.7,27664
491.7,28044
491.7,29864
491.75,16847
491.75,17449
491.75,18923
491.75,235182
491.75,31836
491.75,86050
491.75,96626
491.75,9953
491.7,61259
491.7,64031
491.7,8192
491.8,110381
491.8,12654
491.8,13862
491.8,15493
491.8,20606
491.8,23637
491.8,25612
491.8,30583
491.85,10126
491.85,10780
491.85,12496
491.85,15731
491.85,26495
491.85,34224
491.8,9572
491.9,12418
491.9,13330
491.9,15692
491.9,16919
491.9,29743
491.9,44150
491.9,44390
491.95,13337
491.95,25020
491.95,28193
491.95,33995
491.95,36254
491.95,38933
491.95,42295
491.95,63180
492.0,12945
492.0,134176
492.0,14437
492.0,15786
492.0,27376
492.0,29572
492.0,32242
492.0,33123
492.0,37922
492.0,39009
492.0,46121
492.0,50178
492.05,14765
492.05,25366
492.05,9548
492.05,96931
492.0,70015
492.1,16602
492.1,22178
492.1,23511
492.1,34143
492.15,25476
492.1,54368
492.15,48642
492.15,68332
492.2,106704
492.2,15490
492.2,15917
492.2,16909
492.2,27948
492.2,29336
492.2,317610
492.25,11660
492.25,17010
492.25,31421
492.25,68011
492.25,7218
492.2,6619
492.2,8116
492.2,8162
492.3,11320
492.3,25748
492.3,41491
492.35,10321
492.35,110431
492.35,11168
492.35,12364
492.35,16213
492.35,22641
492.35,55922
492.35,5617
492.35,81869
492.3,7655
492.3,9631
492.4,13950
492.4,15346
492.4,17624
492.4,28877
492.45,10865
492.45,134226
492.45,13441
492.45,14070
492.45,177809
492.45,25280
492.45,25565
492.45,6414
492.45,7245
492.4,57510
492.4,7084
492.4,7865
492.5,10411
492.5,11092
492.5,11097
492.5,11661
492.5,12622
492.5,12839
492.5,17244
492.55,11244
492.55,15771
492.55,15988
492.55,4255
492.5,78392
492.6,11529
492.6,16015
492.6,16109
492.6,18647
492.6,23941
492.65,11422
492.65,12216
492.65,15604
492.65,16485
492.65,16688
492.65,24798
492.65,26756
492.65,34037
492.65,35649
492.65,48323
492.65,5483
492.65,9967
492.6,7078
492.7,11325
492.7,12307
492.7,14777
492.7,14807
492.7,15831
492.7,17643
492.7,182964
492.7,19253
492.7,20897
492.7,24731
492.7,43298
492.75,12017
492.75,14770
492.75,41669
492.7,575592
492.7,72607
492.7,9090
492.8,11745
492.8,11843
492.8,11858
492.8,11936
492.8,12084
492.8,13688
492.8,14365
492.8,15540
492.8,16197
492.8,18722
492.8,19352
492.8,21927
492.8,24942
492.8,27101
492.85,11216
492.85,12976
492.85,16174
492.85,18499
492.85,48385
492.85,67582
492.85,7468
492.85,9628
492.8,9051
492.9,12393
492.9,14830
492.9,15190
492.9,19528
492.9,21634
492.9,36059
492.95,10163
492.95,12456
492.95,12510
492.95,14997
492.95,15134
492.95,18597
492.95,19348
492.95,24602
492.95,26293
492.95,47245
492.95,62339
492.95,6401
492.95,8686
493.0,15128
493.0,16611
493.0,18579
493.0,19343
493.0,22396
493.0,26107
493.0,29095
493.0,30675
493.0,32204
493.0,35064
493.0,40829
493.0,43899
493.0,49086
493.05,10488
493.05,10742
493.05,11572
493.05,11578
493.05,14647
493.0,5601
493.05,8791
493.0,70834
493.0,8227
493.0,8377
493.0,9066
493.0,9774
493.0,9890
493.1,11179
493.1,11877
493.1,12132
493.1,13180
493.1,15359
493.1,17111
493.1,18614
493.1,21278
493.1,23852
493.1,23990
493.15,11147
493.15,12208
493.15,12290
493.15,18227
493.15,20026
493.15,204141
493.15,20810
493.15,23713
493.1,53317
493.15,9885
493.1,8462
493.1,95773
493.1,9604
493.2,11171
493.2,12267
493.2,12597
493.2,13663
493.2,16144
493.2,32996
493.2,37151
493.25,10130
493.25,10201
493.25,10313
493.25,11092
493.25,11508
493.25,11949
493.25,12043
493.25,12797
493.25,14938
493.25,14947
493.25,16467
493.25,19441
493.25,32998
493.25,7153
493.25,8054
493.2,6981
493.3,11379
493.3,12570
493.3,12746
493.3,13036
493.3,14208
493.3,16526
493.3,20751
493.3,23366
493.3,28628
493.35,11678
493.35,14519
493.35,15784
493.35,162530
493.35,18798
493.35,22651
493.35,26016
493.35,65959
493.3,56934
493.35,9103
493.3,6214
493.4,18084
493.4,20152
493.4,24033
493.4,37569
493.45,10756
493.45,11618
493.45,12907
493.45,14413
493.4,5167
493.4,52840
493.45,49560
493.45,5464
493.45,56678
493.45,6355
493.45,9631
493.45,9642
493.45,9831
493.4,6937
493.4,78021
493.4,9418
493.4,9893
493.5,13410
493.5,14194
493.5,16022
493.5,18543
493.5,20055
493.5,26112
493.5,3629
493.5,38321
493.5,45876
493.55,10121
493.55,12263
493.55,14645
493.55,19074
493.55,20983
493.55,4473
493.55,68116
493.55,8955
493.55,9063
493.55,9923
493.5,8023
493.5,9232
493.6,10928
493.6,14506
493.6,14752
493.6,19608
493.6,2246
493.6,24974
493.6,31406
493.6,4264
493.65,11179
493.65,11427
493.65,121642
493.65,18775
493.65,218526
493.65,30988
493.65,35725
493.65,3995
493.65,41578
493.65,4726
493.65,77169
493.65,9747
493.6,75981
493.6,8466
493.6,9613
493.6,9846
493.7,12455
493.7,12673
493.7,13764
493.7,14185
493.7,15277
493.7,18511
493.7,4345
493.75,10383
493.75,10953
493.75,11185
493.75,20397
493.7,5222
493.75,23384
493.75,2426
493.75,26932
493.75,4004
493.75,4305
493.75,4318
493.75,6886
493.75,6910
493.75,7076
493.75,811
493.75,8426
493.7,6023
493.7,8247
493.8,10722
493.8,12624
493.8,14650
493.85,10319
493.85,20521
493.85,2605
493.85,26209
493.85,44589
493.85,6646
493.85,6864
493.85,9721
493.9,17915
493.9,22082
493.9,4127
493.9,4367
493.9,4753
493.9,4967
493.95,15572
493.95,20435
493.95,21197
493.95,280005
493.95,30850
493.95,36795
493.95,38733
493.95,4826
493.9,8339
493.9,8375
493.9,8510
493.9,8605
493.9,9061
494.0,11210
494.0,12022
494.0,18377
494.0,20991
494.0,22405
494.0,24954
494.0,27651
494.0,30034
494.0,37720
494.0,50941
494.05,107778
494.05,14239
494.05,26605
494.0,53448
494.05,8278
494.05,8437
494.0,6541
494.0,8191
494.1,17188
494.1,26568
494.1,3686
494.15,11935
494.15,14627
494.15,21199
494.15,33660
494.15,4042
494.15,4070
494.15,8895
494.1,7171
494.1,9015
494.2,10847
494.2,12344
494.2,12784
494.2,14665
494.2,25969
494.2,2952
494.2,29815
494.2,34572
494.2,4121
494.2,4145
494.25,13980
494.25,16896
494.25,26846
494.25,27671
494.25,28094
494.25,3226
494.25,38380
494.25,4280
494.25,4990
494.25,5590
494.25,58960
494.25,6415
494.2,5813
494.2,7988
494.2,8715
494.2,9286
494.3,10454
494.3,17061
494.3,22636
494.3,34489
494.35,11324
494.35,11537
494.35,132854
494.35,14775
494.3,51626
494.35,22804
494.35,23875
494.35,3441
494.35,3653
494.35,4927
494.35,65408
494.35,6577
494.3,8245
494.4,11610
494.4,12298
494.4,12989
494.4,13457
494.4,14580
494.4,179114
494.4,20360
494.45,10705
494.45,116159
494.45,14251
494.45,15943
494.45,16648
494.45,24547
494.45,46242
494.4,64964
494.5,17209
494.5,192981
494.5,22028
494.5,24706
494.5,33287
494.5,50588
494.55,13712
494.55,27102
494.55,42375
494.5,5440
494.55,5221
494.55,6709
494.55,81532
494.55,8196
494.5,6202
494.5,85735
494.5,8672
494.5,9194
494.6,10349
494.6,10835
494.6,13839
494.6,16977
494.6,21343
494.6,27656
494.6,3627
494.6,4302
494.65,12097
494.65,16386
494.65,21269
494.65,4577
494.65,5227
494.65,6541
494.6,9389
494.7,11434
494.7,12222
494.7,12792
494.7,13565
494.7,15375
494.7,15422
494.7,18583
494.7,26478
494.7,26766
494.75,11606
494.75,13206
494.75,15301
494.75,19211
494.75,21756
494.75,21813
494.75,3304
494.7,5486
494.7,59467
494.75,99669
494.7,62340
494.7,6840
494.8,10563
494.8,14085
494.8,19933
494.8,33087
494.85,10183
494.85,10674
494.85,12353
494.85,19972
494.8,5232
494.85,26211
494.85,5591
494.85,71806
494.8,69743
494.8,8300
494.9,11305
494.9,11596
494.9,11708
494.9,19470
494.9,4171
494.9,4770
494.9,51274
494.95,20610
494.95,21865
494.95,3948
494.95,4245
494.95,4312
494.95,4406
494.95,4857
494.95,5286
494.9,5601
494.95,7449
494.95,9786
494.9,60528
494.9,6094
495.0,14688
495.0,16340
495.0,16826
495.0,18487
495.0,26711
495.0,39712
495.0,5203
495.05,22997
495.05,28898
495.05,7731
495.05,84737
495.0,9507
495.1,10536
495.1,10680
495.1,18621
495.1,26325
495.1,3510
495.1,4056
495.15,11371
495.15,13189
495.15,22440
495.15,33624
495.15,5237
495.15,9952
495.1,79417
495.1,85735
495.2,10114
495.2,12233
495.2,13414
495.2,14731
495.2,21913
495.2,26181
495.2,5187
495.25,21408
495.25,25129
495.25,26705
495.25,3965
495.25,58355
495.2,57694
495.25,92336
495.2,6641
495.3,11617
495.3,19927
495.3,25403
495.3,3389
495.3,50763
495.35,16529
495.35,26408
495.35,49813
495.3,67229
495.4,10457
495.4,14294
495.4,14614
495.4,15956
495.4,21428
495.4,22537
495.4,24940
495.4,25695
495.45,10693
495.45,15258
495.45,16664
495.45,8149
495.4,5902
495.4,8353
495.5,13072
495.5,15108
495.5,18804
495.5,24720
495.5,41061
495.55,10480
495.55,13603
495.55,17667
495.55,20459
495.55,24212
495.55,41254
495.5,76306
495.5,7831
495.6,11377
495.6,11570
495.6,11694
495.6,11890
495.6,12134
495.6,20913
495.6,47321
495.65,10700
495.65,18491
495.65,19945
495.65,22115
495.65,67443
495.65,8035
495.65,8626
495.65,96936
495.6,6795
495.6,86510
495.6,93798
495.7,11715
495.7,16065
495.7,19945
495.7,20495
495.7,32927
495.7,44759
495.75,13538
495.75,13667
495.75,15759
495.75,2505
495.75,2839
495.7,5583
495.75,8492
495.7,8912
495.8,16265
495.8,17702
495.8,41216
495.85,10953
495.85,11196
495.85,21996
495.85,22704
495.85,29237
495.85,4283
495.85,4359
495.85,60285
495.85,68373
495.85,69467
495.85,7104
495.85,7240
495.8,6195
495.8,71338
495.9,11196
495.9,117005
495.9,11716
495.9,15850
495.9,17991
495.9,22564
495.9,23261
495.9,2616
495.9,32966
495.9,33331
495.9,3974
495.9,4482
495.95,10196
495.95,10416
495.95,23806
495.95,3155
495.95,43850
495.95,52448
495.95,9070
495.95,9396
495.95,9572
495.9,6724
495.9,6803
495.9,7497
496.0,12991
496.0,14254
496.0,14694
496.0,16432
496.0,16453
496.0,18265
496.0,19452
496.0,19624
496.0,21727
496.0,23384
496.0,26597
496.0,2708
496.0,27184
496.0,2777
496.0,28824
496.0,30155
496.0,32007
496.0,38141
496.0,40416
496.0,4159
496.0,46282
496.05,25725
496.05,9401
496.0,60031
496.0,6238
496.0,8823
496.0,9285
496.1,18838
496.1,19750
496.1,2714
496.1,4684
496.15,132587
496.15,17552
496.15,2504
496.15,33524
496.15,33608
496.15,36712
496.15,4227
496.15,6058
496.1,8107
496.1,9875
496.2,2128
496.2,26549
496.2,359552
496.2,3837
496.2,40764
496.25,13359
496.25,16286
496.25,5136
496.25,51509
496.25,54784
496.25,5699
496.25,60552
496.25,69024
496.25,8921
496.25,9982
496.2,6245
496.2,68880
496.3,15509
496.3,17104
496.3,3140
496.3,31911
496.3,33969
496.3,3768
496.3,37925
496.3,4512
496.3,4542
496.3,5046
496.35,10648
496.35,10741
496.35,12523
496.35,13148
496.35,14001
496.3,51866
496.35,18956
496.35,21117
496.35,25825
496.35,27110
496.35,27261
496.35,2731
496.35,4208
496.35,43186
496.35,6875
496.35,69778
496.3,6058
496.3,7697
496.3,7770
496.4,10999
496.4,14767
496.4,19167
496.4,19339
496.4,2154
496.4,25767
496.4,2657
496.4,3262
496.4,3505
496.4,36680
496.4,44201
496.4,4564
496.4,45945
496.45,11880
496.45,15339
496.45,18070
496.45,18919
496.45,20179
496.45,20457
496.45,22419
496.45,2411
496.4,5263
496.45,27767
496.45,3187
496.45,3204
496.45,32863
496.45,36589
496.45,55054
496.45,8324
496.4,5963
496.4,7571
496.4,8757
496.4,8775
496.5,13547
496.5,13865
496.5,17413
496.5,19704
496.5,19722
496.5,20587
496.5,24904
496.5,31787
496.5,3587
496.5,46046
496.5,4773
496.5,49823
496.55,10519
496.55,116450
496.55,28190
496.55,349602
496.55,39368
496.5,55183
496.55,5433
496.55,6823
496.5,6343
496.5,7176
496.5,74979
496.6,14862
496.6,20603
496.6,22222
496.65,10213
496.65,16188
496.65,19669
496.65,22007
496.65,23818
496.65,24117
496.6,52821
496.65,2871
496.65,51156
496.6,88478
496.6,9196
496.7,11007
496.7,18951
496.7,18992
496.7,24058
496.7,26700
496.7,31225
496.7,33209
496.7,45166
496.7,48434
496.7,5047
496.75,17004
496.75,7890
496.75,9372
496.75,9986
496.7,60100
496.7,97440
496.8,15056
496.8,223199
496.8,40007
496.8,48424
496.85,10304
496.85,13842
496.85,16839
496.85,16852
496.8,55241
496.85,8291
496.9,11987
496.9,17891
496.9,20060
496.9,28409
496.9,37260
496.9,37993
496.9,4285
496.95,22908
496.95,27351
496.95,34063
496.9,5719
496.95,93509
496.9,64522
496.9,8003
496.9,8142
496.9,84692
496.9,9049
496.9,9220
497.0,10452
497.0,12800
497.0,143211
497.0,15726
497.0,28849
497.05,10041
497.05,14946
497.05,272163
497.05,40650
497.0,54625
497.0,74013
497.0,8369
497.0,8689
497.0,8700
497.0,8882
497.1,10100
497.1,13215
497.1,13716
497.1,23050
497.15,28563
497.15,38804
497.15,41861
497.1,65430
497.1,67594
497.2,12373
497.2,15348
497.2,16127
497.2,16644
497.2,19642
497.25,11437
497.25,12605
497.25,130316
497.25,181295
497.25,20644
497.25,22628
497.25,32573
497.25,8307
497.2,8087
497.3,13071
497.3,161179
497.3,23799
497.3,25015
497.3,40326
497.35,14418
497.35,17125
497.35,17633
497.35,24758
497.35,26021
497.35,79533
497.3,6630
497.3,7226
497.3,77823
497.3,9730
497.4,12974
497.4,175342
497.4,24238
497.4,26206
497.4,286620
497.45,12768
497.45,15147
497.45,26476
497.4,5494
497.4,7602
497.5,18026
497.5,18330
497.5,18381
497.5,21807
497.5,36444
497.5,39003
497.55,10796
497.55,51174
497.55,9077
497.5,88173
497.5,9037
497.6,11811
497.6,18698
497.6,18973
497.6,35851
497.65,28956
497.65,4270
497.65,47220
497.65,54339
497.6,81790
497.7,24045
497.7,33540
497.7,43959
497.7,45187
497.75,11867
497.75,13131
497.75,153826
497.7,51962
497.75,70026
497.7,6065
497.8,25324
497.8,27577
497.8,35746
497.8,47833
497.8,50573
497.85,11287
497.85,23736
497.85,26977
497.85,325267
497.85,37979
497.85,9300
497.8,71981
497.8,98798
497.9,15024
497.9,199890
497.95,17504
497.95,19155
497.9,9549
498.0,10581
498.0,15462
498.0,198360
498.0,20006
498.0,30286
498.0,44947
498.05,19421
498.05,45842
498.05,71233
498.0,9516
498.1,25318
498.15,83564
498.1,6879
498.1,96551
498.2,30189
498.25,20917
498.25,26512
498.25,34329
498.25,35878
498.2,8648
498.3,13583
498.3,32241
498.35,12162
498.35,47727
498.35,56237
498.3,78971
498.4,10568
498.4,107956
498.4,12641
498.4,13804
498.4,28984
498.45,10062
498.45,103714
498.4,53159
498.45,8802
498.5,15775
498.5,16636
498.5,16967
498.5,23949
498.5,24072
498.5,27938
498.55,18868
498.55,5153
498.55,9548
498.55,9579
498.5,78202
498.5,95389
498.6,25189
498.65,31122
498.65,3511
498.65,6876
498.7,12323
498.7,14646
498.7,16776
498.7,33770
498.75,10479
498.75,11136
498.75,17319
498.75,282601
498.75,28355
498.75,79900
498.7,8224
498.7,83106
498.8,12206
498.8,12602
498.8,14466
498.8,16945
498.8,23963
498.8,51096
498.85,17027
498.85,18136
498.85,19583
498.85,22272
498.85,8589
498.8,6445
498.9,13523
498.9,17972
498.9,28777
498.9,29291
498.95,10526
498.95,11285
498.95,12982
498.95,8190
498.9,6458
499.0,10513
499.0,109842
499.0,14164
499.0,14743
499.0,15781
499.0,16278
499.0,23148
499.0,25080
499.0,26086
499.0,31633
499.05,5424
499.05,61080
499.05,8977
499.05,9349
499.05,97360
499.0,6700
499.0,71909
499.0,8469
499.0,8492
499.1,12592
499.1,12830
499.1,13332
499.1,17645
499.1,18424
499.1,33041
499.1,40362
499.1,40791
499.15,10998
499.15,14783
499.15,15930
499.15,17331
499.15,23281
499.15,5350
499.15,59079
499.1,57302
499.15,8150
499.15,8183
499.15,90309
499.1,6425
499.1,7756
499.2,110715
499.2,12309
499.2,14648
499.2,19782
499.2,24940
499.2,25465
499.25,108150
499.25,12526
499.25,12918
499.25,15321
499.25,23153
499.25,26070
499.2,52634
499.25,27104
499.25,32546
499.25,32810
499.25,41421
499.25,6262
499.25,8049
499.25,8186
499.2,7480
499.2,7615
499.2,8902
499.2,9971
499.3,173457
499.3,39963
499.35,11078
499.35,13571
499.35,14502
499.35,16392
499.35,17138
499.35,20799
499.35,5706
499.35,6096
499.35,7353
499.35,7833
499.35,8109
499.35,8440
499.3,5979
499.3,67426
499.3,6790
499.4,11570
499.4,11924
499.4,22997
499.4,30411
499.4,43053
499.45,10486
499.45,13148
499.45,14918
499.45,5321
499.45,78023
499.45,7975
499.45,8699
499.45,8985
499.45,9387
499.4,7858
499.4,8406
499.4,8882
499.5,154629
499.55,23235
499.55,35041
499.55,9092
499.55,9603
499.5,7442
499.5,7483
499.5,8268
499.5,8392
499.5,8394
499.6,10044
499.6,14662
499.6,18233
499.65,11604
499.65,19277
499.65,5700
499.65,6392
499.65,6895
499.65,7000
499.65,7152
499.65,8422
499.6,5982
499.6,6556
499.6,8110
499.6,9944
499.7,11131
499.7,20402
499.7,20734
499.75,12083
499.7,5454
499.75,5706
499.7,57016
499.75,85623
499.75,8636
499.75,9533
499.7,7260
499.7,7400
499.7,91928
499.8,11391
499.8,13722
499.8,14770
499.85,16460
499.8,5424
499.85,56250
499.85,80621
499.85,9297
499.9,13979
499.9,141602
499.9,16594
499.9,19889
499.9,317313
499.9,87101
500.0,17672
500.0,42004
500.05,10587
500.05,14752
500.05,18649
500.05,3905
500.05,66373
500.0,9918
500.1,16854
500.15,36073
500.15,51876
500.1,5650
500.1,6404
500.1,7443
500.3,12664
500.3,40426
500.35,35134
500.4,27201
500.45,18860
500.5,9864
500.6,11822
500.6,140499
500.6,32613
500.6,38111
500.6,97478
500.7,11829
500.75,10372
500.75,12189
500.75,22549
500.75,9275
500.7,70388
500.8,16299
500.8,18697
500.8,28993
500.85,10250
500.85,11145
500.85,18181
500.85,9456
500.8,61172
500.8,7998
500.8,9353
500.9,11593
500.95,21161
500.9,7222
501.0,11742
501.0,21073
501.0,48082
501.2,19760
501.25,50032
501.3,286150
501.3,34195
501.35,13798
501.4,9180
501.4,9504
501.5,11453
501.55,11128
501.55,12875
501.55,15257
501.55,26075
501.6,295291
501.65,11573
501.7,15791
501.7,16632
501.75,17581
501.75,26648
501.75,9974
501.7,9484
501.8,13467
501.85,10231
501.85,10907
501.85,19268
501.85,24841
501.9,13098
501.9,14664
501.95,11013
501.95,14464
501.95,15147
501.95,50856
501.95,8290
501.9,77460
502.0,10708
502.0,11645
502.0,12806
502.0,171289
502.0,17502
502.0,17962
502.05,11038
502.05,21389
502.05,31661
502.0,6882
502.0,8790
502.0,9688
502.1,12543
502.1,16132
502.1,16267
502.1,17240
502.1,20501
502.15,11158
502.15,14081
502.15,60056
502.15,9601
502.1,7937
502.2,119725
502.25,12626
502.25,163107
502.25,223152
502.25,35090
502.25,9770
502.25,9882
502.2,8712
502.3,10696
502.3,15101
502.35,12420
502.4,14230
502.4,14884
502.4,46499
502.45,11907
502.5,11893
502.5,14371
502.5,19620
502.5,29369
502.5,34354
502.55,10334
502.55,124352
502.55,24892
502.5,58581
502.65,12744
502.65,30308
502.65,6058
502.6,569674
502.75,28470
502.75,33097
502.75,39011
502.8,12934
502.8,13362
502.8,13752
502.8,15258
502.85,15069
502.85,15949
502.85,8255
502.85,8332
502.85,8527
502.9,18824
502.95,11515
502.95,17685
502.95,17930
502.95,26002
502.95,8155
502.95,9184
502.9,9500
503.0,14324
503.0,18055
503.0,21165
503.0,25346
503.05,12481
503.05,13722
503.05,32035
503.0,58240
503.1,4119
503.15,9350
503.2,11457
503.2,17257
503.2,21103
503.2,21548
503.25,14670
503.25,15652
503.25,8588
503.3,10157
503.3,10364
503.3,12147
503.3,23042
503.35,13088
503.35,13497
503.35,206596
503.35,8659
503.3,8584
503.3,9831
503.4,12053
503.4,29221
503.4,50003
503.45,41911
503.5,108429
503.5,43386
503.55,12057
503.55,18699
503.55,31628
503.5,5678
503.55,8984
503.5,7262
503.65,4558
503.6,7496
503.6,9867
503.7,22804
503.7,264334
503.8,122445
504.0,26657
504.0,37119
504.2,254506
504.35,332597
504.45,319685
504.45,66401
504.5,29992
504.5,69294
504.65,296993
504.7,16738
504.7,335524
504.8,30173
505.1,208953
505.2,140211
505.2,273848
505.35,267557
505.55,497004
505.6,208563
505.6,353143
505.6,365231
505.85,258918
506.1,342723
506.25,386094
506.3,293309
506.3,377143
506.3,391802
506.35,554987
506.4,295488
506.55,275323
506.75,315366
507.2,270463
507.7,290490
508.1,386590
